text,label
I need you to advance forward until I tell you to stop.,0
I need you to advance forward until I tell you to stop. please,0
I need you to advance forward until I tell you to stop. right away,0
I need you to advance forward until I tell you to stop.,0
I need you to advance forward until I tell you to stop. now,0
I need you to advance forward until I tell you to stop. quickly,0
"Robot, go straight ahead in a smooth way please.",0
"Robot, go straight ahead in a smooth way please.",0
"Robot, go straight ahead in a smooth way please. now",0
"Robot, go straight ahead in a smooth way please. right away",0
"Robot, move forward when you're ready.",0
"Robot, proceed forward when you're ready. now",0
"Robot, go forward when you're ready.",0
"Robot, move ahead when you're ready. quickly",0
"Robot, step forward when you're ready.",0
"Robot, walk forward when you're ready. quickly",0
"Robot, proceed forward when you're ready.",0
"Robot, move forward when you're ready.",0
"Robot, advance when you're ready.",0
"Robot, keep going forward when you're ready. please",0
"Robot, move ahead when you're ready.",0
"Robot, walk forward when you're ready.",0
Please go straight ahead for me now.,0
Please go straight ahead for me now. quickly,0
Please go straight ahead for me now.,0
Please go straight ahead for me now. now,0
Please go straight ahead for me now. please,0
"Hey buddy, move forward towards that direction.",0
"Hey buddy, advance towards that direction. now",0
"Hey buddy, move forward towards that direction.",0
"Hey buddy, move ahead towards that direction.",0
"Hey buddy, proceed forward towards that direction.",0
"Hey buddy, walk forward towards that direction. quickly",0
"Hey buddy, step forward towards that direction.",0
"Hey buddy, go forward towards that direction.",0
"Hey buddy, go forward towards that direction. right away",0
"Hey buddy, advance towards that direction.",0
"Hey buddy, move ahead towards that direction. please",0
"Hey buddy, move forward towards that direction. quickly",0
"Robot, step forward slowly as far as you can.",0
"Robot, step forward slowly as far as you can.",0
"Robot, step forward slowly as far as you can. right away",0
"Robot, step forward slowly as far as you can. quickly",0
"Robot, step forward slowly as far as you can. please",0
Could you move forward as far as you can.,0
Could you keep going forward as far as you can. please,0
Could you move forward as far as you can. now,0
Could you move forward as far as you can.,0
Could you go forward as far as you can. right away,0
Could you move ahead as far as you can. please,0
Could you go forward as far as you can.,0
Could you move ahead as far as you can.,0
Could you proceed forward as far as you can.,0
Could you keep going forward as far as you can.,0
Could you walk forward as far as you can.,0
Could you step forward as far as you can.,0
Could you advance as far as you can.,0
"Robot, step forward slowly when you're ready.",0
"Robot, step forward slowly when you're ready.",0
"Robot, step forward slowly when you're ready. please",0
"Robot, step forward slowly when you're ready. right away",0
"Robot, step forward slowly when you're ready. now",0
Could you advance forward right away!,0
Could you advance forward right away! please,0
Could you advance forward right away! now,0
Could you advance forward right away!,0
Could you advance forward right away! right away,0
Kindly go straight ahead for me now.,0
Kindly go straight ahead for me now. quickly,0
Kindly go straight ahead for me now. right away,0
Kindly go straight ahead for me now.,0
Kindly go straight ahead for me now. please,0
I need you to advance forward right away!,0
I need you to advance forward right away! please,0
I need you to advance forward right away!,0
I need you to advance forward right away! quickly,0
I need you to advance forward right away! now,0
I need you to advance forward right away! right away,0
Please go straight ahead when you're ready.,0
Please go straight ahead when you're ready. now,0
Please go straight ahead when you're ready. quickly,0
Please go straight ahead when you're ready.,0
Please go straight ahead when you're ready. right away,0
Kindly walk ahead when you're ready.,0
Kindly walk ahead when you're ready. now,0
Kindly walk ahead when you're ready. please,0
Kindly walk ahead when you're ready. right away,0
Kindly walk ahead when you're ready. quickly,0
Kindly walk ahead when you're ready.,0
Could you advance forward as far as you can.,0
Could you advance forward as far as you can. quickly,0
Could you advance forward as far as you can. please,0
Could you advance forward as far as you can. right away,0
Could you advance forward as far as you can.,0
Kindly walk ahead in a smooth way please.,0
Kindly walk ahead in a smooth way please. quickly,0
Kindly walk ahead in a smooth way please.,0
Kindly walk ahead in a smooth way please. please,0
Kindly walk ahead in a smooth way please. right away,0
I need you to move forward as far as you can.,0
I need you to go forward as far as you can.,0
I need you to move ahead as far as you can.,0
I need you to proceed forward as far as you can.,0
I need you to move forward as far as you can.,0
I need you to keep going forward as far as you can.,0
I need you to advance as far as you can.,0
I need you to go forward as far as you can. quickly,0
I need you to walk forward as far as you can.,0
I need you to keep going forward as far as you can. right away,0
I need you to keep going forward as far as you can. please,0
I need you to move forward for me now.,0
I need you to advance for me now.,0
I need you to step forward for me now.,0
I need you to move ahead for me now. right away,0
I need you to move forward for me now.,0
I need you to move forward for me now. please,0
I need you to walk forward for me now.,0
I need you to go forward for me now.,0
I need you to proceed forward for me now.,0
I need you to go forward for me now. please,0
I need you to keep going forward for me now.,0
"Robot, step forward slowly in a smooth way please.",0
"Robot, step forward slowly in a smooth way please.",0
"Robot, step forward slowly in a smooth way please. right away",0
"Robot, step forward slowly in a smooth way please. please",0
"Robot, step forward slowly in a smooth way please. now",0
"Robot, step forward slowly in a smooth way please. quickly",0
Could you walk ahead for me now.,0
Could you walk ahead for me now.,0
Could you walk ahead for me now. please,0
Could you walk ahead for me now. now,0
Could you go straight ahead until I tell you to stop.,0
Could you go straight ahead until I tell you to stop. now,0
Could you go straight ahead until I tell you to stop.,0
Could you go straight ahead until I tell you to stop. right away,0
Kindly walk ahead towards that direction.,0
Kindly walk ahead towards that direction. please,0
Kindly walk ahead towards that direction.,0
Kindly walk ahead towards that direction. quickly,0
Kindly walk ahead towards that direction. now,0
Kindly walk ahead towards that direction. right away,0
"Hey buddy, step forward slowly for me now.",0
"Hey buddy, step forward slowly for me now. right away",0
"Hey buddy, step forward slowly for me now. please",0
"Hey buddy, step forward slowly for me now.",0
"Robot, go straight ahead as far as you can.",0
"Robot, go straight ahead as far as you can. quickly",0
"Robot, go straight ahead as far as you can.",0
"Robot, go straight ahead as far as you can. please",0
Could you go straight ahead as far as you can.,0
Could you go straight ahead as far as you can. now,0
Could you go straight ahead as far as you can. quickly,0
Could you go straight ahead as far as you can.,0
Could you go straight ahead as far as you can. right away,0
Could you go straight ahead as far as you can. please,0
I need you to walk ahead when you're ready.,0
I need you to walk ahead when you're ready. now,0
I need you to walk ahead when you're ready.,0
I need you to walk ahead when you're ready. right away,0
I need you to walk ahead when you're ready. quickly,0
I need you to walk ahead when you're ready. please,0
"Hey buddy, move forward until I tell you to stop.",0
"Hey buddy, move ahead until I tell you to stop.",0
"Hey buddy, walk forward until I tell you to stop.",0
"Hey buddy, go forward until I tell you to stop.",0
"Hey buddy, step forward until I tell you to stop. now",0
"Hey buddy, move ahead until I tell you to stop. quickly",0
"Hey buddy, keep going forward until I tell you to stop.",0
"Hey buddy, step forward until I tell you to stop.",0
"Hey buddy, keep going forward until I tell you to stop. now",0
"Hey buddy, move forward until I tell you to stop. right away",0
"Hey buddy, walk forward until I tell you to stop. quickly",0
"Hey buddy, advance until I tell you to stop. right away",0
"Hey buddy, move ahead until I tell you to stop. now",0
"Hey buddy, move forward until I tell you to stop.",0
"Hey buddy, move forward until I tell you to stop. please",0
"Hey buddy, move forward until I tell you to stop. quickly",0
Kindly advance forward until I tell you to stop.,0
Kindly advance forward until I tell you to stop.,0
Kindly advance forward until I tell you to stop. quickly,0
Kindly advance forward until I tell you to stop. now,0
Kindly advance forward until I tell you to stop. right away,0
"Hey buddy, go straight ahead for me now.",0
"Hey buddy, go straight ahead for me now.",0
"Hey buddy, go straight ahead for me now. now",0
"Hey buddy, go straight ahead for me now. quickly",0
"Hey buddy, go straight ahead for me now. please",0
Kindly move forward for me now.,0
Kindly go forward for me now.,0
Kindly move ahead for me now.,0
Kindly advance for me now. please,0
Kindly walk forward for me now. now,0
Kindly step forward for me now. quickly,0
Kindly advance for me now.,0
Kindly step forward for me now. please,0
Kindly move forward for me now.,0
Kindly move forward for me now. right away,0
Kindly walk forward for me now. right away,0
Kindly proceed forward for me now.,0
Kindly step forward for me now.,0
Kindly walk forward for me now.,0
Could you go straight ahead in a smooth way please.,0
Could you go straight ahead in a smooth way please.,0
Could you go straight ahead in a smooth way please. right away,0
Could you go straight ahead in a smooth way please. please,0
Could you go straight ahead in a smooth way please. quickly,0
Kindly go straight ahead as far as you can.,0
Kindly go straight ahead as far as you can. right away,0
Kindly go straight ahead as far as you can. quickly,0
Kindly go straight ahead as far as you can. please,0
Kindly go straight ahead as far as you can. now,0
Kindly go straight ahead as far as you can.,0
Please advance forward towards that direction.,0
Please advance forward towards that direction.,0
Please advance forward towards that direction. now,0
Please advance forward towards that direction. right away,0
Could you walk ahead in a smooth way please.,0
Could you walk ahead in a smooth way please. now,0
Could you walk ahead in a smooth way please. quickly,0
Could you walk ahead in a smooth way please. right away,0
Could you walk ahead in a smooth way please.,0
"Robot, advance forward right away!",0
"Robot, advance forward right away! right away",0
"Robot, advance forward right away! quickly",0
"Robot, advance forward right away!",0
Could you step forward slowly when you're ready.,0
Could you step forward slowly when you're ready. right away,0
Could you step forward slowly when you're ready. now,0
Could you step forward slowly when you're ready. please,0
Could you step forward slowly when you're ready. quickly,0
Could you step forward slowly when you're ready.,0
Kindly step forward slowly in a smooth way please.,0
Kindly step forward slowly in a smooth way please. please,0
Kindly step forward slowly in a smooth way please. quickly,0
Kindly step forward slowly in a smooth way please. now,0
Kindly step forward slowly in a smooth way please.,0
Kindly step forward slowly when you're ready.,0
Kindly step forward slowly when you're ready. now,0
Kindly step forward slowly when you're ready. quickly,0
Kindly step forward slowly when you're ready. right away,0
Kindly step forward slowly when you're ready.,0
Please move forward until I tell you to stop.,0
Please keep going forward until I tell you to stop.,0
Please step forward until I tell you to stop. please,0
Please move forward until I tell you to stop.,0
Please move ahead until I tell you to stop.,0
Please move forward until I tell you to stop. now,0
Please go forward until I tell you to stop.,0
Please proceed forward until I tell you to stop.,0
Please step forward until I tell you to stop.,0
Please advance until I tell you to stop.,0
Please walk forward until I tell you to stop. right away,0
Please walk forward until I tell you to stop.,0
Please step forward until I tell you to stop. quickly,0
Please move forward until I tell you to stop. please,0
Please move ahead until I tell you to stop. now,0
I need you to go straight ahead until I tell you to stop.,0
I need you to go straight ahead until I tell you to stop. right away,0
I need you to go straight ahead until I tell you to stop. quickly,0
I need you to go straight ahead until I tell you to stop.,0
I need you to go straight ahead until I tell you to stop. please,0
I need you to go straight ahead until I tell you to stop. now,0
I need you to step forward slowly in a smooth way please.,0
I need you to step forward slowly in a smooth way please. please,0
I need you to step forward slowly in a smooth way please.,0
I need you to step forward slowly in a smooth way please. right away,0
I need you to step forward slowly in a smooth way please. now,0
I need you to step forward slowly in a smooth way please. quickly,0
Could you move forward when you're ready.,0
Could you keep going forward when you're ready.,0
Could you walk forward when you're ready.,0
Could you move ahead when you're ready.,0
Could you walk forward when you're ready. quickly,0
Could you advance when you're ready. please,0
Could you proceed forward when you're ready.,0
Could you walk forward when you're ready. now,0
Could you move forward when you're ready. please,0
Could you go forward when you're ready. right away,0
Could you go forward when you're ready. quickly,0
Could you move forward when you're ready.,0
Could you step forward when you're ready.,0
Could you step forward when you're ready. right away,0
Could you advance when you're ready.,0
Could you move forward in a smooth way please.,0
Could you proceed forward in a smooth way please.,0
Could you advance in a smooth way please. now,0
Could you move ahead in a smooth way please.,0
Could you go forward in a smooth way please. right away,0
Could you go forward in a smooth way please. please,0
Could you go forward in a smooth way please.,0
Could you step forward in a smooth way please.,0
Could you move forward in a smooth way please. please,0
Could you walk forward in a smooth way please.,0
Could you keep going forward in a smooth way please.,0
Could you move forward in a smooth way please.,0
Kindly advance forward when you're ready.,0
Kindly advance forward when you're ready.,0
Kindly advance forward when you're ready. right away,0
Kindly advance forward when you're ready. now,0
Kindly advance forward when you're ready. please,0
"Hey buddy, walk ahead as far as you can.",0
"Hey buddy, walk ahead as far as you can. right away",0
"Hey buddy, walk ahead as far as you can. now",0
"Hey buddy, walk ahead as far as you can. quickly",0
"Hey buddy, walk ahead as far as you can. please",0
"Hey buddy, walk ahead as far as you can.",0
"Robot, step forward slowly for me now.",0
"Robot, step forward slowly for me now. right away",0
"Robot, step forward slowly for me now. quickly",0
"Robot, step forward slowly for me now.",0
"Robot, step forward slowly for me now. now",0
Please step forward slowly as far as you can.,0
Please step forward slowly as far as you can. please,0
Please step forward slowly as far as you can. now,0
Please step forward slowly as far as you can.,0
Please step forward slowly as far as you can. quickly,0
Please move forward towards that direction.,0
Please advance towards that direction. now,0
Please proceed forward towards that direction.,0
Please step forward towards that direction.,0
Please move ahead towards that direction.,0
Please move forward towards that direction.,0
Please walk forward towards that direction.,0
Please keep going forward towards that direction. quickly,0
Please move forward towards that direction. quickly,0
Please move ahead towards that direction. right away,0
Please move forward towards that direction. right away,0
Please keep going forward towards that direction.,0
Please advance towards that direction.,0
Please go forward towards that direction.,0
I need you to step forward slowly towards that direction.,0
I need you to step forward slowly towards that direction. please,0
I need you to step forward slowly towards that direction.,0
I need you to step forward slowly towards that direction. right away,0
I need you to step forward slowly towards that direction. quickly,0
I need you to step forward slowly towards that direction. now,0
I need you to go straight ahead as far as you can.,0
I need you to go straight ahead as far as you can. right away,0
I need you to go straight ahead as far as you can.,0
I need you to go straight ahead as far as you can. quickly,0
"Robot, move forward for me now.",0
"Robot, go forward for me now.",0
"Robot, proceed forward for me now. right away",0
"Robot, move ahead for me now. please",0
"Robot, advance for me now.",0
"Robot, keep going forward for me now. quickly",0
"Robot, walk forward for me now.",0
"Robot, keep going forward for me now.",0
"Robot, move ahead for me now.",0
"Robot, walk forward for me now. right away",0
"Robot, move ahead for me now. now",0
"Robot, move forward for me now.",0
"Robot, step forward for me now.",0
"Robot, go forward for me now. please",0
I need you to walk ahead right away!,0
I need you to walk ahead right away! please,0
I need you to walk ahead right away! right away,0
I need you to walk ahead right away! now,0
I need you to walk ahead right away!,0
"Hey buddy, walk ahead in a smooth way please.",0
"Hey buddy, walk ahead in a smooth way please.",0
"Hey buddy, walk ahead in a smooth way please. quickly",0
"Hey buddy, walk ahead in a smooth way please. right away",0
"Hey buddy, walk ahead in a smooth way please. please",0
Could you move forward until I tell you to stop.,0
Could you move forward until I tell you to stop. now,0
Could you advance until I tell you to stop. quickly,0
Could you move ahead until I tell you to stop.,0
Could you step forward until I tell you to stop.,0
Could you walk forward until I tell you to stop. right away,0
Could you advance until I tell you to stop.,0
Could you advance until I tell you to stop. right away,0
Could you move forward until I tell you to stop.,0
Could you move forward until I tell you to stop. please,0
Could you move ahead until I tell you to stop. please,0
Could you proceed forward until I tell you to stop.,0
Could you walk forward until I tell you to stop.,0
Could you move forward until I tell you to stop. quickly,0
Could you go straight ahead towards that direction.,0
Could you go straight ahead towards that direction. please,0
Could you go straight ahead towards that direction.,0
Could you go straight ahead towards that direction. now,0
Could you go straight ahead towards that direction. right away,0
Could you go straight ahead towards that direction. quickly,0
"Robot, advance forward towards that direction.",0
"Robot, advance forward towards that direction. please",0
"Robot, advance forward towards that direction. now",0
"Robot, advance forward towards that direction. right away",0
"Robot, advance forward towards that direction. quickly",0
"Robot, advance forward towards that direction.",0
I need you to advance forward as far as you can.,0
I need you to advance forward as far as you can. right away,0
I need you to advance forward as far as you can. please,0
I need you to advance forward as far as you can.,0
I need you to advance forward as far as you can. now,0
I need you to advance forward as far as you can. quickly,0
Kindly move forward when you're ready.,0
Kindly keep going forward when you're ready.,0
Kindly walk forward when you're ready.,0
Kindly advance when you're ready.,0
Kindly proceed forward when you're ready. quickly,0
Kindly step forward when you're ready.,0
Kindly proceed forward when you're ready.,0
Kindly advance when you're ready. please,0
Kindly move forward when you're ready.,0
Kindly move ahead when you're ready.,0
Kindly move forward when you're ready. please,0
Kindly keep going forward when you're ready. please,0
Kindly proceed forward when you're ready. please,0
"Robot, go straight ahead for me now.",0
"Robot, go straight ahead for me now. quickly",0
"Robot, go straight ahead for me now.",0
"Robot, go straight ahead for me now. right away",0
"Robot, go straight ahead for me now. please",0
"Hey buddy, advance forward until I tell you to stop.",0
"Hey buddy, advance forward until I tell you to stop. please",0
"Hey buddy, advance forward until I tell you to stop. now",0
"Hey buddy, advance forward until I tell you to stop.",0
"Hey buddy, advance forward until I tell you to stop. right away",0
"Hey buddy, advance forward until I tell you to stop. quickly",0
"Hey buddy, advance forward towards that direction.",0
"Hey buddy, advance forward towards that direction. right away",0
"Hey buddy, advance forward towards that direction. please",0
"Hey buddy, advance forward towards that direction. now",0
"Hey buddy, advance forward towards that direction. quickly",0
"Hey buddy, advance forward towards that direction.",0
"Hey buddy, walk ahead when you're ready.",0
"Hey buddy, walk ahead when you're ready. quickly",0
"Hey buddy, walk ahead when you're ready.",0
"Hey buddy, walk ahead when you're ready. right away",0
"Hey buddy, walk ahead when you're ready. now",0
"Hey buddy, walk ahead when you're ready. please",0
"Robot, walk ahead right away!",0
"Robot, walk ahead right away!",0
"Robot, walk ahead right away! now",0
"Robot, walk ahead right away! quickly",0
"Robot, walk ahead right away! right away",0
"Robot, walk ahead right away! please",0
I need you to move forward until I tell you to stop.,0
I need you to advance until I tell you to stop.,0
I need you to step forward until I tell you to stop. now,0
I need you to keep going forward until I tell you to stop.,0
I need you to walk forward until I tell you to stop.,0
I need you to move forward until I tell you to stop. right away,0
I need you to move ahead until I tell you to stop.,0
I need you to go forward until I tell you to stop.,0
I need you to move ahead until I tell you to stop. please,0
I need you to move forward until I tell you to stop. quickly,0
I need you to move forward until I tell you to stop.,0
I need you to walk forward until I tell you to stop. right away,0
I need you to proceed forward until I tell you to stop.,0
"Hey buddy, advance forward as far as you can.",0
"Hey buddy, advance forward as far as you can.",0
"Hey buddy, advance forward as far as you can. right away",0
"Hey buddy, advance forward as far as you can. quickly",0
"Hey buddy, advance forward as far as you can. please",0
Please move forward when you're ready.,0
Please step forward when you're ready.,0
Please move ahead when you're ready.,0
Please proceed forward when you're ready. right away,0
Please advance when you're ready.,0
Please keep going forward when you're ready.,0
Please move forward when you're ready. please,0
Please move forward when you're ready. right away,0
Please advance when you're ready. quickly,0
Please walk forward when you're ready.,0
Please move forward when you're ready.,0
I need you to walk ahead until I tell you to stop.,0
I need you to walk ahead until I tell you to stop. quickly,0
I need you to walk ahead until I tell you to stop. please,0
I need you to walk ahead until I tell you to stop. right away,0
I need you to walk ahead until I tell you to stop.,0
I need you to walk ahead until I tell you to stop. now,0
"Hey buddy, move forward as far as you can.",0
"Hey buddy, go forward as far as you can. now",0
"Hey buddy, move ahead as far as you can.",0
"Hey buddy, keep going forward as far as you can.",0
"Hey buddy, go forward as far as you can.",0
"Hey buddy, proceed forward as far as you can.",0
"Hey buddy, step forward as far as you can.",0
"Hey buddy, move ahead as far as you can. quickly",0
"Hey buddy, advance as far as you can.",0
"Hey buddy, move forward as far as you can.",0
"Hey buddy, move forward in a smooth way please.",0
"Hey buddy, move ahead in a smooth way please.",0
"Hey buddy, keep going forward in a smooth way please.",0
"Hey buddy, move forward in a smooth way please. right away",0
"Hey buddy, advance in a smooth way please. now",0
"Hey buddy, advance in a smooth way please.",0
"Hey buddy, proceed forward in a smooth way please.",0
"Hey buddy, walk forward in a smooth way please. quickly",0
"Hey buddy, advance in a smooth way please. right away",0
"Hey buddy, move forward in a smooth way please.",0
"Hey buddy, walk forward in a smooth way please.",0
"Hey buddy, go forward in a smooth way please.",0
Please go straight ahead until I tell you to stop.,0
Please go straight ahead until I tell you to stop. quickly,0
Please go straight ahead until I tell you to stop. right away,0
Please go straight ahead until I tell you to stop.,0
"Robot, step forward slowly until I tell you to stop.",0
"Robot, step forward slowly until I tell you to stop. right away",0
"Robot, step forward slowly until I tell you to stop.",0
I need you to go straight ahead in a smooth way please.,0
I need you to go straight ahead in a smooth way please. right away,0
I need you to go straight ahead in a smooth way please.,0
I need you to go straight ahead in a smooth way please. quickly,0
"Hey buddy, advance forward right away!",0
"Hey buddy, advance forward right away!",0
"Hey buddy, advance forward right away! please",0
"Hey buddy, advance forward right away! now",0
"Robot, go straight ahead until I tell you to stop.",0
"Robot, go straight ahead until I tell you to stop. quickly",0
"Robot, go straight ahead until I tell you to stop. now",0
"Robot, go straight ahead until I tell you to stop. right away",0
"Robot, go straight ahead until I tell you to stop.",0
I need you to step forward slowly as far as you can.,0
I need you to step forward slowly as far as you can. now,0
I need you to step forward slowly as far as you can.,0
I need you to step forward slowly as far as you can. right away,0
I need you to step forward slowly as far as you can. quickly,0
I need you to step forward slowly as far as you can. please,0
Kindly go straight ahead in a smooth way please.,0
Kindly go straight ahead in a smooth way please. quickly,0
Kindly go straight ahead in a smooth way please. now,0
Kindly go straight ahead in a smooth way please. right away,0
Kindly go straight ahead in a smooth way please.,0
"Hey buddy, step forward slowly in a smooth way please.",0
"Hey buddy, step forward slowly in a smooth way please. right away",0
"Hey buddy, step forward slowly in a smooth way please.",0
"Hey buddy, step forward slowly in a smooth way please. now",0
"Hey buddy, step forward slowly in a smooth way please. please",0
"Hey buddy, step forward slowly in a smooth way please. quickly",0
Kindly move forward until I tell you to stop.,0
Kindly move forward until I tell you to stop. quickly,0
Kindly move forward until I tell you to stop.,0
Kindly step forward until I tell you to stop.,0
Kindly walk forward until I tell you to stop.,0
Kindly go forward until I tell you to stop.,0
Kindly advance until I tell you to stop. now,0
Kindly move forward until I tell you to stop. please,0
Kindly walk forward until I tell you to stop. quickly,0
Kindly proceed forward until I tell you to stop.,0
Kindly keep going forward until I tell you to stop.,0
"Hey buddy, step forward slowly when you're ready.",0
"Hey buddy, step forward slowly when you're ready. please",0
"Hey buddy, step forward slowly when you're ready. quickly",0
"Hey buddy, step forward slowly when you're ready.",0
Please advance forward right away!,0
Please advance forward right away! now,0
Please advance forward right away!,0
Please advance forward right away! please,0
Please advance forward right away! quickly,0
Please advance forward right away! right away,0
I need you to move forward in a smooth way please.,0
I need you to walk forward in a smooth way please.,0
I need you to keep going forward in a smooth way please.,0
I need you to step forward in a smooth way please.,0
I need you to go forward in a smooth way please.,0
I need you to proceed forward in a smooth way please.,0
I need you to move forward in a smooth way please.,0
I need you to move ahead in a smooth way please.,0
I need you to proceed forward in a smooth way please. quickly,0
I need you to move ahead in a smooth way please. please,0
I need you to proceed forward in a smooth way please. please,0
"Hey buddy, move forward right away!",0
"Hey buddy, walk forward right away!",0
"Hey buddy, step forward right away! quickly",0
"Hey buddy, step forward right away!",0
"Hey buddy, move forward right away!",0
"Hey buddy, proceed forward right away!",0
"Hey buddy, keep going forward right away!",0
"Hey buddy, go forward right away! quickly",0
"Hey buddy, move ahead right away!",0
"Hey buddy, advance right away! now",0
"Hey buddy, proceed forward right away! right away",0
"Hey buddy, advance right away!",0
"Robot, go straight ahead towards that direction.",0
"Robot, go straight ahead towards that direction. please",0
"Robot, go straight ahead towards that direction. quickly",0
"Robot, go straight ahead towards that direction.",0
"Robot, go straight ahead towards that direction. right away",0
I need you to walk ahead in a smooth way please.,0
I need you to walk ahead in a smooth way please.,0
I need you to walk ahead in a smooth way please. now,0
I need you to walk ahead in a smooth way please. please,0
I need you to walk ahead in a smooth way please. right away,0
I need you to walk ahead in a smooth way please. quickly,0
Could you walk ahead until I tell you to stop.,0
Could you walk ahead until I tell you to stop. please,0
Could you walk ahead until I tell you to stop. right away,0
Could you walk ahead until I tell you to stop.,0
I need you to walk ahead for me now.,0
I need you to walk ahead for me now.,0
I need you to walk ahead for me now. please,0
I need you to walk ahead for me now. quickly,0
I need you to walk ahead for me now. right away,0
I need you to walk ahead for me now. now,0
Please walk ahead until I tell you to stop.,0
Please walk ahead until I tell you to stop. right away,0
Please walk ahead until I tell you to stop.,0
Please walk ahead until I tell you to stop. now,0
Please walk ahead until I tell you to stop. please,0
Please move forward as far as you can.,0
Please move ahead as far as you can.,0
Please advance as far as you can.,0
Please proceed forward as far as you can. please,0
Please go forward as far as you can. now,0
Please proceed forward as far as you can.,0
Please go forward as far as you can. right away,0
Please go forward as far as you can.,0
Please step forward as far as you can.,0
Please proceed forward as far as you can. quickly,0
Please keep going forward as far as you can.,0
Please walk forward as far as you can.,0
Please walk forward as far as you can. now,0
Please move forward as far as you can.,0
Could you move forward right away!,0
Could you proceed forward right away!,0
Could you go forward right away! right away,0
Could you move ahead right away! quickly,0
Could you step forward right away! right away,0
Could you move forward right away!,0
Could you go forward right away!,0
Could you walk forward right away!,0
Could you move ahead right away!,0
Could you walk forward right away! now,0
Could you keep going forward right away!,0
Could you move ahead right away! now,0
Could you keep going forward right away! please,0
Could you advance right away!,0
"Robot, walk ahead in a smooth way please.",0
"Robot, walk ahead in a smooth way please. now",0
"Robot, walk ahead in a smooth way please. quickly",0
"Robot, walk ahead in a smooth way please. right away",0
"Robot, walk ahead in a smooth way please.",0
Could you advance forward in a smooth way please.,0
Could you advance forward in a smooth way please. right away,0
Could you advance forward in a smooth way please. please,0
Could you advance forward in a smooth way please. now,0
Could you advance forward in a smooth way please.,0
Could you advance forward in a smooth way please. quickly,0
Could you go straight ahead for me now.,0
Could you go straight ahead for me now. please,0
Could you go straight ahead for me now.,0
Could you go straight ahead for me now. now,0
Could you go straight ahead for me now. quickly,0
Please go straight ahead as far as you can.,0
Please go straight ahead as far as you can. right away,0
Please go straight ahead as far as you can.,0
Please go straight ahead as far as you can. please,0
Please go straight ahead as far as you can. quickly,0
Kindly go straight ahead until I tell you to stop.,0
Kindly go straight ahead until I tell you to stop. quickly,0
Kindly go straight ahead until I tell you to stop.,0
Kindly go straight ahead until I tell you to stop. now,0
Kindly go straight ahead until I tell you to stop. right away,0
Kindly walk ahead for me now.,0
Kindly walk ahead for me now. quickly,0
Kindly walk ahead for me now. right away,0
Kindly walk ahead for me now.,0
Kindly walk ahead for me now. please,0
I need you to walk ahead as far as you can.,0
I need you to walk ahead as far as you can. now,0
I need you to walk ahead as far as you can.,0
I need you to walk ahead as far as you can. quickly,0
I need you to walk ahead as far as you can. right away,0
Could you walk ahead right away!,0
Could you walk ahead right away! please,0
Could you walk ahead right away! quickly,0
Could you walk ahead right away!,0
Kindly advance forward right away!,0
Kindly advance forward right away! right away,0
Kindly advance forward right away!,0
Kindly advance forward right away! now,0
Kindly advance forward right away! please,0
Kindly move forward right away!,0
Kindly step forward right away!,0
Kindly move ahead right away! quickly,0
Kindly advance right away! quickly,0
Kindly advance right away!,0
Kindly move ahead right away!,0
Kindly keep going forward right away!,0
Kindly go forward right away!,0
Kindly move forward right away!,0
Kindly step forward right away! please,0
Kindly proceed forward right away!,0
Kindly walk forward right away!,0
Please advance forward until I tell you to stop.,0
Please advance forward until I tell you to stop. quickly,0
Please advance forward until I tell you to stop.,0
Please advance forward until I tell you to stop. please,0
Please advance forward until I tell you to stop. now,0
"Hey buddy, step forward slowly towards that direction.",0
"Hey buddy, step forward slowly towards that direction. now",0
"Hey buddy, step forward slowly towards that direction. right away",0
"Hey buddy, step forward slowly towards that direction.",0
Could you advance forward when you're ready.,0
Could you advance forward when you're ready. right away,0
Could you advance forward when you're ready.,0
Could you advance forward when you're ready. please,0
"Hey buddy, step forward slowly right away!",0
"Hey buddy, step forward slowly right away! right away",0
"Hey buddy, step forward slowly right away! now",0
"Hey buddy, step forward slowly right away! quickly",0
"Hey buddy, step forward slowly right away!",0
"Hey buddy, step forward slowly right away! please",0
Please advance forward when you're ready.,0
Please advance forward when you're ready. right away,0
Please advance forward when you're ready.,0
Please advance forward when you're ready. quickly,0
Please advance forward when you're ready. now,0
"Robot, move forward as far as you can.",0
"Robot, move ahead as far as you can.",0
"Robot, proceed forward as far as you can.",0
"Robot, go forward as far as you can.",0
"Robot, go forward as far as you can. right away",0
"Robot, advance as far as you can.",0
"Robot, move ahead as far as you can. now",0
"Robot, step forward as far as you can.",0
"Robot, step forward as far as you can. right away",0
"Robot, walk forward as far as you can.",0
"Robot, advance as far as you can. right away",0
"Robot, move forward as far as you can.",0
"Robot, advance as far as you can. now",0
Kindly move forward towards that direction.,0
Kindly step forward towards that direction. quickly,0
Kindly keep going forward towards that direction.,0
Kindly move forward towards that direction.,0
Kindly move ahead towards that direction. please,0
Kindly proceed forward towards that direction.,0
Kindly walk forward towards that direction.,0
Kindly step forward towards that direction.,0
Kindly go forward towards that direction.,0
Kindly walk forward towards that direction. now,0
Kindly move ahead towards that direction.,0
I need you to advance forward when you're ready.,0
I need you to advance forward when you're ready. please,0
I need you to advance forward when you're ready. right away,0
I need you to advance forward when you're ready.,0
I need you to advance forward when you're ready. quickly,0
I need you to advance forward when you're ready. now,0
Please step forward slowly for me now.,0
Please step forward slowly for me now. now,0
Please step forward slowly for me now.,0
Please step forward slowly for me now. quickly,0
Please step forward slowly for me now. right away,0
Please move forward right away!,0
Please step forward right away! now,0
Please keep going forward right away!,0
Please go forward right away!,0
Please move ahead right away!,0
Please move forward right away! please,0
Please proceed forward right away! please,0
Please advance right away!,0
Please walk forward right away!,0
Please step forward right away! please,0
Please move ahead right away! now,0
Please move forward right away!,0
Please advance right away! now,0
Please advance right away! please,0
Please step forward right away!,0
Please walk ahead right away!,0
Please walk ahead right away!,0
Please walk ahead right away! now,0
Please walk ahead right away! please,0
Please walk ahead right away! right away,0
Please go straight ahead in a smooth way please.,0
Please go straight ahead in a smooth way please. right away,0
Please go straight ahead in a smooth way please. please,0
Please go straight ahead in a smooth way please. quickly,0
Please go straight ahead in a smooth way please. now,0
Please go straight ahead in a smooth way please.,0
Please advance forward in a smooth way please.,0
Please advance forward in a smooth way please. right away,0
Please advance forward in a smooth way please. quickly,0
Please advance forward in a smooth way please.,0
Please advance forward in a smooth way please. now,0
Please advance forward in a smooth way please. please,0
"Hey buddy, walk ahead for me now.",0
"Hey buddy, walk ahead for me now. please",0
"Hey buddy, walk ahead for me now. right away",0
"Hey buddy, walk ahead for me now.",0
"Hey buddy, walk ahead for me now. now",0
"Robot, advance forward when you're ready.",0
"Robot, advance forward when you're ready. now",0
"Robot, advance forward when you're ready. please",0
"Robot, advance forward when you're ready.",0
Could you move forward for me now.,0
Could you walk forward for me now.,0
Could you keep going forward for me now.,0
Could you advance for me now. please,0
Could you walk forward for me now. please,0
Could you go forward for me now.,0
Could you proceed forward for me now.,0
Could you advance for me now.,0
Could you advance for me now. quickly,0
Could you move forward for me now.,0
Could you move ahead for me now. right away,0
Could you move ahead for me now.,0
Could you proceed forward for me now. now,0
Could you step forward for me now. now,0
Could you advance forward until I tell you to stop.,0
Could you advance forward until I tell you to stop. quickly,0
Could you advance forward until I tell you to stop. now,0
Could you advance forward until I tell you to stop.,0
Could you walk ahead towards that direction.,0
Could you walk ahead towards that direction. right away,0
Could you walk ahead towards that direction.,0
Could you walk ahead towards that direction. now,0
"Robot, advance forward in a smooth way please.",0
"Robot, advance forward in a smooth way please. please",0
"Robot, advance forward in a smooth way please.",0
"Robot, advance forward in a smooth way please. quickly",0
"Robot, go straight ahead right away!",0
"Robot, go straight ahead right away! please",0
"Robot, go straight ahead right away! quickly",0
"Robot, go straight ahead right away!",0
"Robot, go straight ahead right away! now",0
Kindly move forward in a smooth way please.,0
Kindly step forward in a smooth way please.,0
Kindly proceed forward in a smooth way please. right away,0
Kindly move forward in a smooth way please.,0
Kindly walk forward in a smooth way please. now,0
Kindly move ahead in a smooth way please. now,0
Kindly proceed forward in a smooth way please. now,0
Kindly advance in a smooth way please.,0
Kindly proceed forward in a smooth way please.,0
Kindly move forward in a smooth way please. right away,0
Kindly walk forward in a smooth way please.,0
Kindly move ahead in a smooth way please.,0
Kindly advance in a smooth way please. right away,0
Kindly step forward in a smooth way please. right away,0
I need you to move forward right away!,0
I need you to proceed forward right away! now,0
I need you to step forward right away!,0
I need you to go forward right away!,0
I need you to proceed forward right away! quickly,0
I need you to move forward right away!,0
I need you to advance right away! right away,0
I need you to walk forward right away!,0
I need you to advance right away!,0
I need you to move ahead right away!,0
I need you to keep going forward right away! right away,0
I need you to keep going forward right away!,0
Kindly step forward slowly as far as you can.,0
Kindly step forward slowly as far as you can. right away,0
Kindly step forward slowly as far as you can. quickly,0
Kindly step forward slowly as far as you can. now,0
Kindly step forward slowly as far as you can.,0
Please walk ahead in a smooth way please.,0
Please walk ahead in a smooth way please. right away,0
Please walk ahead in a smooth way please. quickly,0
Please walk ahead in a smooth way please. now,0
Please walk ahead in a smooth way please.,0
Please walk ahead in a smooth way please. please,0
Please go straight ahead towards that direction.,0
Please go straight ahead towards that direction. now,0
Please go straight ahead towards that direction.,0
Please go straight ahead towards that direction. quickly,0
Please go straight ahead towards that direction. right away,0
Please go straight ahead towards that direction. please,0
"Hey buddy, step forward slowly as far as you can.",0
"Hey buddy, step forward slowly as far as you can. now",0
"Hey buddy, step forward slowly as far as you can. right away",0
"Hey buddy, step forward slowly as far as you can. please",0
"Hey buddy, step forward slowly as far as you can.",0
"Robot, walk ahead towards that direction.",0
"Robot, walk ahead towards that direction. quickly",0
"Robot, walk ahead towards that direction.",0
"Robot, walk ahead towards that direction. right away",0
"Robot, walk ahead towards that direction. now",0
"Robot, walk ahead towards that direction. please",0
"Robot, advance forward for me now.",0
"Robot, advance forward for me now. right away",0
"Robot, advance forward for me now. please",0
"Robot, advance forward for me now. now",0
"Robot, advance forward for me now.",0
Could you step forward slowly until I tell you to stop.,0
Could you step forward slowly until I tell you to stop. right away,0
Could you step forward slowly until I tell you to stop.,0
Could you step forward slowly until I tell you to stop. quickly,0
I need you to step forward slowly until I tell you to stop.,0
I need you to step forward slowly until I tell you to stop. now,0
I need you to step forward slowly until I tell you to stop. please,0
I need you to step forward slowly until I tell you to stop. right away,0
I need you to step forward slowly until I tell you to stop.,0
I need you to step forward slowly until I tell you to stop. quickly,0
I need you to advance forward for me now.,0
I need you to advance forward for me now.,0
I need you to advance forward for me now. please,0
I need you to advance forward for me now. now,0
I need you to advance forward for me now. quickly,0
I need you to advance forward for me now. right away,0
I need you to step forward slowly right away!,0
I need you to step forward slowly right away! quickly,0
I need you to step forward slowly right away!,0
I need you to step forward slowly right away! now,0
I need you to step forward slowly right away! right away,0
"Hey buddy, move forward when you're ready.",0
"Hey buddy, move forward when you're ready.",0
"Hey buddy, move forward when you're ready. now",0
"Hey buddy, step forward when you're ready.",0
"Hey buddy, step forward when you're ready. please",0
"Hey buddy, move ahead when you're ready.",0
"Hey buddy, go forward when you're ready. please",0
"Hey buddy, proceed forward when you're ready.",0
"Hey buddy, walk forward when you're ready.",0
"Hey buddy, step forward when you're ready. now",0
"Hey buddy, walk forward when you're ready. now",0
"Hey buddy, proceed forward when you're ready. right away",0
"Hey buddy, move ahead when you're ready. quickly",0
"Hey buddy, proceed forward when you're ready. quickly",0
Could you advance forward for me now.,0
Could you advance forward for me now. quickly,0
Could you advance forward for me now. now,0
Could you advance forward for me now.,0
Could you advance forward for me now. right away,0
Please go straight ahead right away!,0
Please go straight ahead right away!,0
Please go straight ahead right away! right away,0
Kindly walk ahead until I tell you to stop.,0
Kindly walk ahead until I tell you to stop. now,0
Kindly walk ahead until I tell you to stop. right away,0
Kindly walk ahead until I tell you to stop. quickly,0
Kindly walk ahead until I tell you to stop.,0
Kindly go straight ahead when you're ready.,0
Kindly go straight ahead when you're ready.,0
Kindly go straight ahead when you're ready. right away,0
Kindly go straight ahead when you're ready. now,0
"Hey buddy, advance forward for me now.",0
"Hey buddy, advance forward for me now. now",0
"Hey buddy, advance forward for me now. please",0
"Hey buddy, advance forward for me now. right away",0
"Hey buddy, advance forward for me now.",0
"Hey buddy, advance forward when you're ready.",0
"Hey buddy, advance forward when you're ready. quickly",0
"Hey buddy, advance forward when you're ready. now",0
"Hey buddy, advance forward when you're ready. right away",0
"Hey buddy, advance forward when you're ready.",0
"Hey buddy, advance forward when you're ready. please",0
Kindly go straight ahead towards that direction.,0
Kindly go straight ahead towards that direction. please,0
Kindly go straight ahead towards that direction. now,0
Kindly go straight ahead towards that direction.,0
"Robot, step forward slowly right away!",0
"Robot, step forward slowly right away!",0
"Robot, step forward slowly right away! now",0
"Robot, step forward slowly right away! quickly",0
Please walk ahead for me now.,0
Please walk ahead for me now. please,0
Please walk ahead for me now. quickly,0
Please walk ahead for me now.,0
Please walk ahead for me now. now,0
Please walk ahead for me now. right away,0
I need you to move forward towards that direction.,0
I need you to walk forward towards that direction. quickly,0
I need you to go forward towards that direction.,0
I need you to move ahead towards that direction.,0
I need you to advance towards that direction.,0
I need you to move forward towards that direction.,0
I need you to step forward towards that direction.,0
I need you to proceed forward towards that direction. quickly,0
I need you to walk forward towards that direction.,0
I need you to move forward towards that direction. now,0
I need you to keep going forward towards that direction.,0
I need you to proceed forward towards that direction.,0
Could you step forward slowly in a smooth way please.,0
Could you step forward slowly in a smooth way please.,0
Could you step forward slowly in a smooth way please. now,0
Could you step forward slowly in a smooth way please. right away,0
"Robot, step forward slowly towards that direction.",0
"Robot, step forward slowly towards that direction. right away",0
"Robot, step forward slowly towards that direction. please",0
"Robot, step forward slowly towards that direction.",0
"Robot, step forward slowly towards that direction. now",0
"Robot, walk ahead when you're ready.",0
"Robot, walk ahead when you're ready. now",0
"Robot, walk ahead when you're ready. please",0
"Robot, walk ahead when you're ready. quickly",0
"Robot, walk ahead when you're ready.",0
Kindly move forward as far as you can.,0
Kindly keep going forward as far as you can.,0
Kindly move ahead as far as you can. please,0
Kindly move forward as far as you can. now,0
Kindly go forward as far as you can.,0
Kindly move ahead as far as you can.,0
Kindly go forward as far as you can. now,0
Kindly keep going forward as far as you can. quickly,0
Kindly step forward as far as you can.,0
Kindly proceed forward as far as you can.,0
Kindly walk forward as far as you can.,0
Kindly move forward as far as you can.,0
Kindly walk forward as far as you can. quickly,0
Could you walk ahead when you're ready.,0
Could you walk ahead when you're ready. please,0
Could you walk ahead when you're ready. quickly,0
Could you walk ahead when you're ready. now,0
Could you walk ahead when you're ready. right away,0
Could you walk ahead when you're ready.,0
I need you to go straight ahead when you're ready.,0
I need you to go straight ahead when you're ready. please,0
I need you to go straight ahead when you're ready.,0
"Hey buddy, go straight ahead until I tell you to stop.",0
"Hey buddy, go straight ahead until I tell you to stop.",0
"Hey buddy, go straight ahead until I tell you to stop. quickly",0
"Hey buddy, go straight ahead until I tell you to stop. now",0
"Hey buddy, go straight ahead until I tell you to stop. right away",0
"Hey buddy, go straight ahead until I tell you to stop. please",0
Could you move forward towards that direction.,0
Could you go forward towards that direction.,0
Could you keep going forward towards that direction. now,0
Could you step forward towards that direction.,0
Could you walk forward towards that direction.,0
Could you move forward towards that direction. right away,0
Could you step forward towards that direction. please,0
Could you proceed forward towards that direction.,0
Could you move ahead towards that direction.,0
Could you walk forward towards that direction. right away,0
Could you move ahead towards that direction. please,0
Could you move forward towards that direction.,0
Could you proceed forward towards that direction. quickly,0
Could you move ahead towards that direction. right away,0
Could you move ahead towards that direction. now,0
"Hey buddy, advance forward in a smooth way please.",0
"Hey buddy, advance forward in a smooth way please. please",0
"Hey buddy, advance forward in a smooth way please.",0
"Hey buddy, advance forward in a smooth way please. quickly",0
"Hey buddy, advance forward in a smooth way please. right away",0
Could you advance forward towards that direction.,0
Could you advance forward towards that direction.,0
Could you advance forward towards that direction. please,0
Could you advance forward towards that direction. now,0
"Robot, go straight ahead when you're ready.",0
"Robot, go straight ahead when you're ready. right away",0
"Robot, go straight ahead when you're ready.",0
"Robot, go straight ahead when you're ready. now",0
"Robot, go straight ahead when you're ready. please",0
Please step forward slowly in a smooth way please.,0
Please step forward slowly in a smooth way please. right away,0
Please step forward slowly in a smooth way please. now,0
Please step forward slowly in a smooth way please.,0
Please step forward slowly in a smooth way please. please,0
I need you to go straight ahead right away!,0
I need you to go straight ahead right away!,0
I need you to go straight ahead right away! now,0
I need you to go straight ahead right away! please,0
Could you step forward slowly for me now.,0
Could you step forward slowly for me now. please,0
Could you step forward slowly for me now.,0
Could you step forward slowly for me now. right away,0
Could you step forward slowly for me now. quickly,0
Could you step forward slowly for me now. now,0
"Robot, walk ahead as far as you can.",0
"Robot, walk ahead as far as you can.",0
"Robot, walk ahead as far as you can. now",0
"Robot, walk ahead as far as you can. please",0
"Robot, walk ahead as far as you can. quickly",0
Please advance forward as far as you can.,0
Please advance forward as far as you can. please,0
Please advance forward as far as you can. right away,0
Please advance forward as far as you can. quickly,0
Please advance forward as far as you can. now,0
Please advance forward as far as you can.,0
I need you to go straight ahead towards that direction.,0
I need you to go straight ahead towards that direction.,0
I need you to go straight ahead towards that direction. please,0
I need you to go straight ahead towards that direction. right away,0
I need you to go straight ahead towards that direction. now,0
I need you to go straight ahead towards that direction. quickly,0
Please step forward slowly until I tell you to stop.,0
Please step forward slowly until I tell you to stop. now,0
Please step forward slowly until I tell you to stop. right away,0
Please step forward slowly until I tell you to stop.,0
Please step forward slowly until I tell you to stop. quickly,0
Please step forward slowly until I tell you to stop. please,0
I need you to go straight ahead for me now.,0
I need you to go straight ahead for me now. now,0
I need you to go straight ahead for me now. please,0
I need you to go straight ahead for me now.,0
I need you to go straight ahead for me now. right away,0
Could you step forward slowly right away!,0
Could you step forward slowly right away! please,0
Could you step forward slowly right away! right away,0
Could you step forward slowly right away!,0
Could you step forward slowly right away! now,0
"Hey buddy, walk ahead right away!",0
"Hey buddy, walk ahead right away! quickly",0
"Hey buddy, walk ahead right away!",0
"Hey buddy, walk ahead right away! now",0
"Hey buddy, walk ahead right away! right away",0
Could you go straight ahead right away!,0
Could you go straight ahead right away!,0
Could you go straight ahead right away! now,0
Could you go straight ahead right away! quickly,0
Could you go straight ahead right away! right away,0
"Hey buddy, walk ahead until I tell you to stop.",0
"Hey buddy, walk ahead until I tell you to stop. now",0
"Hey buddy, walk ahead until I tell you to stop.",0
"Hey buddy, walk ahead until I tell you to stop. quickly",0
"Hey buddy, walk ahead until I tell you to stop. right away",0
Please move forward for me now.,0
Please move forward for me now.,0
Please advance for me now. please,0
Please advance for me now. now,0
Please move ahead for me now.,0
Please walk forward for me now.,0
Please advance for me now.,0
Please proceed forward for me now.,0
Please walk forward for me now. now,0
Please step forward for me now.,0
Please go forward for me now. please,0
Please advance for me now. right away,0
Please keep going forward for me now.,0
Kindly advance forward in a smooth way please.,0
Kindly advance forward in a smooth way please. quickly,0
Kindly advance forward in a smooth way please.,0
Kindly advance forward in a smooth way please. please,0
Kindly advance forward in a smooth way please. now,0
Kindly advance forward in a smooth way please. right away,0
"Hey buddy, walk ahead towards that direction.",0
"Hey buddy, walk ahead towards that direction. please",0
"Hey buddy, walk ahead towards that direction.",0
"Hey buddy, walk ahead towards that direction. quickly",0
"Hey buddy, walk ahead towards that direction. right away",0
"Hey buddy, walk ahead towards that direction. now",0
I need you to step forward slowly when you're ready.,0
I need you to step forward slowly when you're ready. please,0
I need you to step forward slowly when you're ready. now,0
I need you to step forward slowly when you're ready. quickly,0
I need you to step forward slowly when you're ready.,0
Kindly advance forward as far as you can.,0
Kindly advance forward as far as you can. quickly,0
Kindly advance forward as far as you can. right away,0
Kindly advance forward as far as you can. now,0
Kindly advance forward as far as you can.,0
Please move forward in a smooth way please.,0
Please step forward in a smooth way please.,0
Please move ahead in a smooth way please.,0
Please move forward in a smooth way please.,0
Please keep going forward in a smooth way please.,0
Please go forward in a smooth way please.,0
Please walk forward in a smooth way please.,0
Please proceed forward in a smooth way please. right away,0
Please advance in a smooth way please.,0
Please move forward in a smooth way please. right away,0
Kindly walk ahead right away!,0
Kindly walk ahead right away! now,0
Kindly walk ahead right away!,0
Kindly walk ahead right away! right away,0
Kindly walk ahead right away! quickly,0
Kindly step forward slowly towards that direction.,0
Kindly step forward slowly towards that direction.,0
Kindly step forward slowly towards that direction. right away,0
Kindly step forward slowly towards that direction. please,0
"Hey buddy, step forward slowly until I tell you to stop.",0
"Hey buddy, step forward slowly until I tell you to stop. right away",0
"Hey buddy, step forward slowly until I tell you to stop.",0
"Hey buddy, step forward slowly until I tell you to stop. please",0
I need you to advance forward towards that direction.,0
I need you to advance forward towards that direction. please,0
I need you to advance forward towards that direction.,0
I need you to advance forward towards that direction. right away,0
Could you go straight ahead when you're ready.,0
Could you go straight ahead when you're ready.,0
Could you go straight ahead when you're ready. quickly,0
Could you go straight ahead when you're ready. right away,0
Could you go straight ahead when you're ready. now,0
Please walk ahead towards that direction.,0
Please walk ahead towards that direction. please,0
Please walk ahead towards that direction. now,0
Please walk ahead towards that direction. right away,0
Please walk ahead towards that direction.,0
I need you to move forward when you're ready.,0
I need you to move ahead when you're ready. please,0
I need you to keep going forward when you're ready.,0
I need you to keep going forward when you're ready. quickly,0
I need you to move forward when you're ready.,0
I need you to walk forward when you're ready. right away,0
I need you to move ahead when you're ready. now,0
I need you to go forward when you're ready.,0
I need you to advance when you're ready.,0
I need you to proceed forward when you're ready. please,0
I need you to proceed forward when you're ready.,0
I need you to step forward when you're ready.,0
"Robot, walk ahead until I tell you to stop.",0
"Robot, walk ahead until I tell you to stop.",0
"Robot, walk ahead until I tell you to stop. now",0
"Robot, walk ahead until I tell you to stop. please",0
Kindly advance forward towards that direction.,0
Kindly advance forward towards that direction. now,0
Kindly advance forward towards that direction. quickly,0
Kindly advance forward towards that direction.,0
Please walk ahead when you're ready.,0
Please walk ahead when you're ready. right away,0
Please walk ahead when you're ready. now,0
Please walk ahead when you're ready.,0
Please walk ahead when you're ready. quickly,0
Kindly step forward slowly right away!,0
Kindly step forward slowly right away!,0
Kindly step forward slowly right away! right away,0
Kindly step forward slowly right away! now,0
"Robot, move forward right away!",0
"Robot, go forward right away! please",0
"Robot, walk forward right away!",0
"Robot, move forward right away!",0
"Robot, move forward right away! now",0
"Robot, advance right away!",0
"Robot, keep going forward right away! right away",0
"Robot, keep going forward right away! please",0
"Robot, move ahead right away!",0
"Robot, keep going forward right away!",0
"Robot, go forward right away!",0
"Robot, advance right away! quickly",0
"Robot, move forward right away! right away",0
"Robot, step forward right away!",0
Could you step forward slowly towards that direction.,0
Could you step forward slowly towards that direction. right away,0
Could you step forward slowly towards that direction.,0
Could you step forward slowly towards that direction. now,0
Could you step forward slowly towards that direction. quickly,0
Could you step forward slowly towards that direction. please,0
I need you to advance forward in a smooth way please.,0
I need you to advance forward in a smooth way please. right away,0
I need you to advance forward in a smooth way please. now,0
I need you to advance forward in a smooth way please. quickly,0
I need you to advance forward in a smooth way please. please,0
I need you to advance forward in a smooth way please.,0
Please step forward slowly towards that direction.,0
Please step forward slowly towards that direction.,0
Please step forward slowly towards that direction. right away,0
Please step forward slowly towards that direction. now,0
Please step forward slowly towards that direction. please,0
"Hey buddy, go straight ahead right away!",0
"Hey buddy, go straight ahead right away! quickly",0
"Hey buddy, go straight ahead right away!",0
"Hey buddy, go straight ahead right away! please",0
"Hey buddy, go straight ahead right away! right away",0
"Hey buddy, go straight ahead right away! now",0
Please step forward slowly when you're ready.,0
Please step forward slowly when you're ready. please,0
Please step forward slowly when you're ready. now,0
Please step forward slowly when you're ready. quickly,0
Please step forward slowly when you're ready.,0
"Robot, advance forward as far as you can.",0
"Robot, advance forward as far as you can. now",0
"Robot, advance forward as far as you can.",0
"Robot, advance forward as far as you can. please",0
"Robot, advance forward as far as you can. quickly",0
"Robot, advance forward as far as you can. right away",0
"Hey buddy, go straight ahead when you're ready.",0
"Hey buddy, go straight ahead when you're ready. please",0
"Hey buddy, go straight ahead when you're ready. quickly",0
"Hey buddy, go straight ahead when you're ready. now",0
"Hey buddy, go straight ahead when you're ready.",0
Kindly go straight ahead right away!,0
Kindly go straight ahead right away! right away,0
Kindly go straight ahead right away!,0
Kindly go straight ahead right away! quickly,0
Kindly go straight ahead right away! please,0
Kindly go straight ahead right away! now,0
Please advance forward for me now.,0
Please advance forward for me now. please,0
Please advance forward for me now. quickly,0
Please advance forward for me now.,0
"Robot, advance forward until I tell you to stop.",0
"Robot, advance forward until I tell you to stop. quickly",0
"Robot, advance forward until I tell you to stop. now",0
"Robot, advance forward until I tell you to stop.",0
"Robot, advance forward until I tell you to stop. right away",0
"Hey buddy, go straight ahead in a smooth way please.",0
"Hey buddy, go straight ahead in a smooth way please. right away",0
"Hey buddy, go straight ahead in a smooth way please.",0
"Hey buddy, go straight ahead in a smooth way please. quickly",0
Could you step forward slowly as far as you can.,0
Could you step forward slowly as far as you can. quickly,0
Could you step forward slowly as far as you can.,0
Could you step forward slowly as far as you can. right away,0
Could you step forward slowly as far as you can. please,0
Could you step forward slowly as far as you can. now,0
I need you to walk ahead towards that direction.,0
I need you to walk ahead towards that direction. right away,0
I need you to walk ahead towards that direction.,0
I need you to walk ahead towards that direction. now,0
I need you to walk ahead towards that direction. please,0
I need you to walk ahead towards that direction. quickly,0
"Robot, move forward in a smooth way please.",0
"Robot, move forward in a smooth way please.",0
"Robot, advance in a smooth way please. please",0
"Robot, advance in a smooth way please.",0
"Robot, proceed forward in a smooth way please. please",0
"Robot, walk forward in a smooth way please.",0
"Robot, step forward in a smooth way please.",0
"Robot, proceed forward in a smooth way please.",0
"Robot, move ahead in a smooth way please.",0
"Robot, go forward in a smooth way please. now",0
"Robot, keep going forward in a smooth way please.",0
"Robot, go forward in a smooth way please.",0
"Robot, walk ahead for me now.",0
"Robot, walk ahead for me now. right away",0
"Robot, walk ahead for me now.",0
"Robot, walk ahead for me now. quickly",0
"Robot, walk ahead for me now. now",0
"Robot, walk ahead for me now. please",0
Kindly step forward slowly for me now.,0
Kindly step forward slowly for me now. quickly,0
Kindly step forward slowly for me now. right away,0
Kindly step forward slowly for me now. now,0
Kindly step forward slowly for me now.,0
"Hey buddy, go straight ahead towards that direction.",0
"Hey buddy, go straight ahead towards that direction. quickly",0
"Hey buddy, go straight ahead towards that direction. now",0
"Hey buddy, go straight ahead towards that direction. right away",0
"Hey buddy, go straight ahead towards that direction. please",0
"Hey buddy, go straight ahead towards that direction.",0
Please walk ahead as far as you can.,0
Please walk ahead as far as you can. right away,0
Please walk ahead as far as you can. quickly,0
Please walk ahead as far as you can.,0
Please walk ahead as far as you can. now,0
Please walk ahead as far as you can. please,0
Please step forward slowly right away!,0
Please step forward slowly right away!,0
Please step forward slowly right away! now,0
Please step forward slowly right away! right away,0
Please step forward slowly right away! quickly,0
Please step forward slowly right away! please,0
"Hey buddy, move forward for me now.",0
"Hey buddy, advance for me now. right away",0
"Hey buddy, move forward for me now.",0
"Hey buddy, go forward for me now. now",0
"Hey buddy, proceed forward for me now.",0
"Hey buddy, keep going forward for me now.",0
"Hey buddy, go forward for me now.",0
"Hey buddy, move ahead for me now.",0
"Hey buddy, proceed forward for me now. right away",0
"Hey buddy, go forward for me now. please",0
"Hey buddy, advance for me now.",0
"Hey buddy, walk forward for me now. right away",0
"Hey buddy, walk forward for me now.",0
I need you to step forward slowly for me now.,0
I need you to step forward slowly for me now. quickly,0
I need you to step forward slowly for me now. right away,0
I need you to step forward slowly for me now. now,0
I need you to step forward slowly for me now.,0
"Robot, move forward towards that direction.",0
"Robot, walk forward towards that direction.",0
"Robot, advance towards that direction.",0
"Robot, keep going forward towards that direction. now",0
"Robot, step forward towards that direction.",0
"Robot, go forward towards that direction.",0
"Robot, walk forward towards that direction. please",0
"Robot, move forward towards that direction.",0
"Robot, move forward towards that direction. please",0
"Robot, keep going forward towards that direction.",0
"Robot, proceed forward towards that direction.",0
"Robot, move ahead towards that direction.",0
"Robot, step forward towards that direction. right away",0
Kindly step forward slowly until I tell you to stop.,0
Kindly step forward slowly until I tell you to stop. right away,0
Kindly step forward slowly until I tell you to stop. now,0
Kindly step forward slowly until I tell you to stop.,0
Kindly step forward slowly until I tell you to stop. quickly,0
Kindly step forward slowly until I tell you to stop. please,0
"Hey buddy, go straight ahead as far as you can.",0
"Hey buddy, go straight ahead as far as you can. now",0
"Hey buddy, go straight ahead as far as you can. quickly",0
"Hey buddy, go straight ahead as far as you can.",0
"Hey buddy, go straight ahead as far as you can. right away",0
"Hey buddy, go straight ahead as far as you can. please",0
"Robot, move forward until I tell you to stop.",0
"Robot, advance until I tell you to stop.",0
"Robot, walk forward until I tell you to stop.",0
"Robot, proceed forward until I tell you to stop.",0
"Robot, keep going forward until I tell you to stop.",0
"Robot, go forward until I tell you to stop. please",0
"Robot, walk forward until I tell you to stop. now",0
"Robot, go forward until I tell you to stop.",0
"Robot, move ahead until I tell you to stop.",0
"Robot, move forward until I tell you to stop.",0
"Robot, go forward until I tell you to stop. right away",0
"Robot, advance until I tell you to stop. quickly",0
"Robot, proceed forward until I tell you to stop. quickly",0
Could you walk ahead as far as you can.,0
Could you walk ahead as far as you can.,0
Could you walk ahead as far as you can. right away,0
Could you walk ahead as far as you can. please,0
Kindly walk ahead as far as you can.,0
Kindly walk ahead as far as you can.,0
Kindly walk ahead as far as you can. right away,0
Kindly walk ahead as far as you can. please,0
Kindly advance forward for me now.,0
Kindly advance forward for me now. right away,0
Kindly advance forward for me now. please,0
Kindly advance forward for me now.,0
Kindly advance forward for me now. now,0
Kindly advance forward for me now. quickly,0
لو سمحت تحرك لقدام لبعيد.,0
لو سمحت تقدم لبعيد. من فضلك,0
لو سمحت تقدم لبعيد.,0
لو سمحت تحرك لقدام لبعيد.,0
لو سمحت امش لقدام لبعيد.,0
لو سمحت سر للأمام لبعيد.,0
لو سمحت تحرك لقدام لبعيد. يلا,0
لو سمحت تحرك للأمام لبعيد.,0
لو سمحت الى الأمام لبعيد.,0
لو سمحت امش لقدام لبعيد. بسرعة,0
لو سمحت تحرك للأمام لبعيد. بسرعة,0
اسمع تحرك للأمام هلق.,0
اسمع تحرك للأمام هلق. من فضلك,0
اسمع تحرك للأمام هلق. بسرعة,0
اسمع تحرك للأمام هلق.,0
اسمع تحرك للأمام هلق. يلا,0
يلا تحرك لقدام على مهلك.,0
يلا تحرك للأمام على مهلك.,0
يلا تحرك لقدام على مهلك.,0
يلا امش لقدام على مهلك.,0
يلا تقدم على مهلك.,0
يلا امش لقدام على مهلك. من فضلك,0
يلا تقدم على مهلك. بسرعة,0
يلا تحرك لقدام على مهلك. من فضلك,0
يلا تحرك لقدام على مهلك. يلا,0
يلا تحرك لقدام على مهلك. بسرعة,0
يلا الى الأمام على مهلك.,0
ارجوك تحرك للأمام شوي شوي.,0
ارجوك تحرك للأمام شوي شوي. هلق,0
ارجوك تحرك للأمام شوي شوي.,0
ارجوك تحرك للأمام شوي شوي. يلا,0
ارجوك تحرك للأمام شوي شوي. بسرعة,0
يا روبوت امشِ لقدام على مهلك.,0
يا روبوت امشِ لقدام على مهلك. من فضلك,0
يا روبوت امشِ لقدام على مهلك.,0
يا روبوت امشِ لقدام على مهلك. يلا,0
يا روبوت امشِ لقدام على مهلك. هلق,0
يا روبوت امشِ لقدام على مهلك. بسرعة,0
ارجوك تحرك للأمام على مهلك.,0
ارجوك تحرك للأمام على مهلك.,0
ارجوك تحرك للأمام على مهلك. هلق,0
ارجوك تحرك للأمام على مهلك. من فضلك,0
ارجوك تحرك للأمام على مهلك. بسرعة,0
ارجوك تحرك للأمام على مهلك. يلا,0
لو سمحت تقدم شوي هلق.,0
لو سمحت تقدم شوي هلق. من فضلك,0
لو سمحت تقدم شوي هلق. بسرعة,0
لو سمحت تقدم شوي هلق.,0
لو سمحت تقدم شوي هلق. يلا,0
يا روبوت تحرك لقدام على مهلك.,0
يا روبوت تحرك للأمام على مهلك.,0
يا روبوت الى الأمام على مهلك.,0
يا روبوت سر للأمام على مهلك. يلا,0
يا روبوت امش لقدام على مهلك.,0
يا روبوت تقدم على مهلك.,0
يا روبوت سر للأمام على مهلك. من فضلك,0
يا روبوت امش لقدام على مهلك. هلق,0
يا روبوت تحرك لقدام على مهلك. هلق,0
يا روبوت تحرك لقدام على مهلك.,0
يا روبوت الى الأمام على مهلك. يلا,0
يا روبوت تحرك لقدام على مهلك. بسرعة,0
يا روبوت امش لقدام على مهلك. يلا,0
يا روبوت سر للأمام على مهلك.,0
يلا تحرك للأمام لبعيد.,0
يلا تحرك للأمام لبعيد. من فضلك,0
يلا تحرك للأمام لبعيد.,0
يلا تحرك للأمام لبعيد. بسرعة,0
يلا تحرك للأمام لبعيد. يلا,0
يلا تحرك لقدام متل ما قلتلك.,0
يلا سر للأمام متل ما قلتلك. بسرعة,0
يلا امش لقدام متل ما قلتلك.,0
يلا تحرك لقدام متل ما قلتلك. هلق,0
يلا تحرك للأمام متل ما قلتلك. يلا,0
يلا سر للأمام متل ما قلتلك.,0
يلا تقدم متل ما قلتلك. من فضلك,0
يلا تحرك للأمام متل ما قلتلك.,0
يلا الى الأمام متل ما قلتلك. هلق,0
يلا الى الأمام متل ما قلتلك.,0
يلا تقدم متل ما قلتلك.,0
يا روبوت امشِ لقدام بسرعة.,0
يا روبوت امشِ لقدام بسرعة. من فضلك,0
يا روبوت امشِ لقدام بسرعة.,0
يا روبوت امشِ لقدام بسرعة. بسرعة,0
يا روبوت امشِ لقدام بسرعة. يلا,0
يا روبوت تحرك للأمام بسرعة.,0
يا روبوت تحرك للأمام بسرعة. يلا,0
يا روبوت تحرك للأمام بسرعة.,0
يا روبوت تحرك للأمام بسرعة. هلق,0
يا روبوت تحرك للأمام بسرعة. بسرعة,0
يا روبوت تحرك للأمام بسرعة. من فضلك,0
لو سمحت تحرك لقدام شوي شوي.,0
لو سمحت امش لقدام شوي شوي. يلا,0
لو سمحت تحرك لقدام شوي شوي.,0
لو سمحت سر للأمام شوي شوي. من فضلك,0
لو سمحت امش لقدام شوي شوي.,0
لو سمحت تقدم شوي شوي.,0
لو سمحت الى الأمام شوي شوي.,0
لو سمحت تحرك لقدام شوي شوي. بسرعة,0
لو سمحت تحرك للأمام شوي شوي.,0
لو سمحت الى الأمام شوي شوي. هلق,0
لو سمحت سر للأمام شوي شوي.,0
لو سمحت تقدم شوي شوي. بسرعة,0
ارجوك تقدم شوي لبعيد.,0
ارجوك تقدم شوي لبعيد. يلا,0
ارجوك تقدم شوي لبعيد. هلق,0
ارجوك تقدم شوي لبعيد.,0
ارجوك تقدم شوي لبعيد. من فضلك,0
يلا تحرك للأمام على مهلك.,0
يلا تحرك للأمام على مهلك.,0
يلا تحرك للأمام على مهلك. يلا,0
يلا تحرك للأمام على مهلك. هلق,0
يلا تحرك للأمام على مهلك. من فضلك,0
اسمع تحرك لقدام لبعيد.,0
اسمع الى الأمام لبعيد.,0
اسمع تقدم لبعيد.,0
اسمع تحرك لقدام لبعيد.,0
اسمع سر للأمام لبعيد. من فضلك,0
اسمع تحرك للأمام لبعيد.,0
اسمع تحرك لقدام لبعيد. هلق,0
اسمع امش لقدام لبعيد.,0
اسمع سر للأمام لبعيد.,0
اسمع تحرك لقدام لبعيد. بسرعة,0
اسمع سر للأمام لبعيد. بسرعة,0
ارجوك تقدم شوي متل ما قلتلك.,0
ارجوك تقدم شوي متل ما قلتلك.,0
ارجوك تقدم شوي متل ما قلتلك. هلق,0
يلا تقدم شوي لبعيد.,0
يلا تقدم شوي لبعيد.,0
يلا تقدم شوي لبعيد. من فضلك,0
يلا تقدم شوي لبعيد. هلق,0
يلا تقدم شوي لبعيد. يلا,0
يلا تحرك للأمام بسرعة.,0
يلا تحرك للأمام بسرعة.,0
يلا تحرك للأمام بسرعة. هلق,0
يلا تحرك للأمام بسرعة. من فضلك,0
يلا تحرك للأمام بسرعة. بسرعة,0
يلا تحرك للأمام بسرعة. يلا,0
ارجوك تحرك للأمام لبعيد.,0
ارجوك تحرك للأمام لبعيد.,0
ارجوك تحرك للأمام لبعيد. هلق,0
ارجوك تحرك للأمام لبعيد. يلا,0
ارجوك امشِ لقدام لبعيد.,0
ارجوك امشِ لقدام لبعيد. من فضلك,0
ارجوك امشِ لقدام لبعيد. بسرعة,0
ارجوك امشِ لقدام لبعيد.,0
لو سمحت تحرك للأمام بسرعة.,0
لو سمحت تحرك للأمام بسرعة. بسرعة,0
لو سمحت تحرك للأمام بسرعة. هلق,0
لو سمحت تحرك للأمام بسرعة.,0
لو سمحت تحرك للأمام بسرعة. من فضلك,0
لو سمحت تحرك للأمام بسرعة. يلا,0
لو سمحت تقدم شوي بسرعة.,0
لو سمحت تقدم شوي بسرعة. يلا,0
لو سمحت تقدم شوي بسرعة.,0
لو سمحت تقدم شوي بسرعة. بسرعة,0
يا روبوت امشِ لقدام شوي شوي.,0
يا روبوت امشِ لقدام شوي شوي.,0
يا روبوت امشِ لقدام شوي شوي. من فضلك,0
يا روبوت امشِ لقدام شوي شوي. هلق,0
يا روبوت امشِ لقدام شوي شوي. يلا,0
ارجوك تحرك لقدام بسرعة.,0
ارجوك تحرك لقدام بسرعة.,0
ارجوك سر للأمام بسرعة.,0
ارجوك تقدم بسرعة. من فضلك,0
ارجوك امش لقدام بسرعة. هلق,0
ارجوك الى الأمام بسرعة.,0
ارجوك تقدم بسرعة.,0
ارجوك تحرك للأمام بسرعة.,0
ارجوك تحرك لقدام بسرعة. من فضلك,0
ارجوك امش لقدام بسرعة.,0
ارجوك تحرك لقدام بسرعة. بسرعة,0
يلا تقدم شوي هلق.,0
يلا تقدم شوي هلق. من فضلك,0
يلا تقدم شوي هلق. يلا,0
يلا تقدم شوي هلق.,0
يلا تقدم شوي هلق. بسرعة,0
اسمع تحرك للأمام بسرعة.,0
اسمع تحرك للأمام بسرعة. من فضلك,0
اسمع تحرك للأمام بسرعة.,0
اسمع تحرك للأمام بسرعة. هلق,0
اسمع تحرك للأمام بسرعة. يلا,0
اسمع تحرك للأمام بسرعة. بسرعة,0
ارجوك تقدم شوي هلق.,0
ارجوك تقدم شوي هلق.,0
ارجوك تقدم شوي هلق. من فضلك,0
ارجوك تقدم شوي هلق. يلا,0
ارجوك تقدم شوي هلق. بسرعة,0
لو سمحت امشِ لقدام لبعيد.,0
لو سمحت امشِ لقدام لبعيد.,0
لو سمحت امشِ لقدام لبعيد. يلا,0
لو سمحت امشِ لقدام لبعيد. هلق,0
لو سمحت امشِ لقدام لبعيد. من فضلك,0
لو سمحت تحرك للأمام شوي شوي.,0
لو سمحت تحرك للأمام شوي شوي. بسرعة,0
لو سمحت تحرك للأمام شوي شوي. يلا,0
لو سمحت تحرك للأمام شوي شوي.,0
ارجوك امشِ لقدام على مهلك.,0
ارجوك امشِ لقدام على مهلك. يلا,0
ارجوك امشِ لقدام على مهلك. بسرعة,0
ارجوك امشِ لقدام على مهلك.,0
ارجوك امشِ لقدام على مهلك. هلق,0
اسمع امشِ لقدام لبعيد.,0
اسمع امشِ لقدام لبعيد.,0
اسمع امشِ لقدام لبعيد. بسرعة,0
اسمع امشِ لقدام لبعيد. من فضلك,0
اسمع امشِ لقدام لبعيد. يلا,0
اسمع امشِ لقدام لبعيد. هلق,0
يلا تحرك للأمام هلق.,0
يلا تحرك للأمام هلق. هلق,0
يلا تحرك للأمام هلق. من فضلك,0
يلا تحرك للأمام هلق.,0
يلا تحرك للأمام هلق. بسرعة,0
ارجوك تقدم شوي شوي شوي.,0
ارجوك تقدم شوي شوي شوي. بسرعة,0
ارجوك تقدم شوي شوي شوي. من فضلك,0
ارجوك تقدم شوي شوي شوي. هلق,0
ارجوك تقدم شوي شوي شوي.,0
لو سمحت تقدم شوي لبعيد.,0
لو سمحت تقدم شوي لبعيد. يلا,0
لو سمحت تقدم شوي لبعيد. هلق,0
لو سمحت تقدم شوي لبعيد.,0
لو سمحت تقدم شوي لبعيد. من فضلك,0
يا روبوت تحرك لقدام شوي شوي.,0
يا روبوت تحرك لقدام شوي شوي.,0
يا روبوت تحرك للأمام شوي شوي. بسرعة,0
يا روبوت تحرك للأمام شوي شوي. هلق,0
يا روبوت الى الأمام شوي شوي. من فضلك,0
يا روبوت تحرك لقدام شوي شوي. بسرعة,0
يا روبوت تقدم شوي شوي. بسرعة,0
يا روبوت تحرك للأمام شوي شوي.,0
يا روبوت تقدم شوي شوي. من فضلك,0
يا روبوت تقدم شوي شوي.,0
يا روبوت امش لقدام شوي شوي.,0
يا روبوت سر للأمام شوي شوي.,0
يا روبوت سر للأمام شوي شوي. بسرعة,0
يلا امشِ لقدام متل ما قلتلك.,0
يلا امشِ لقدام متل ما قلتلك. يلا,0
يلا امشِ لقدام متل ما قلتلك. بسرعة,0
يلا امشِ لقدام متل ما قلتلك. هلق,0
يلا امشِ لقدام متل ما قلتلك.,0
يلا تحرك لقدام بسرعة.,0
يلا سر للأمام بسرعة. هلق,0
يلا تحرك للأمام بسرعة.,0
يلا تقدم بسرعة.,0
يلا امش لقدام بسرعة.,0
يلا الى الأمام بسرعة.,0
يلا سر للأمام بسرعة.,0
يلا تحرك لقدام بسرعة. من فضلك,0
يلا تحرك لقدام بسرعة.,0
ارجوك امشِ لقدام متل ما قلتلك.,0
ارجوك امشِ لقدام متل ما قلتلك. من فضلك,0
ارجوك امشِ لقدام متل ما قلتلك. يلا,0
ارجوك امشِ لقدام متل ما قلتلك. هلق,0
ارجوك امشِ لقدام متل ما قلتلك.,0
يلا امشِ لقدام شوي شوي.,0
يلا امشِ لقدام شوي شوي. من فضلك,0
يلا امشِ لقدام شوي شوي.,0
يلا امشِ لقدام شوي شوي. يلا,0
يلا امشِ لقدام شوي شوي. بسرعة,0
يلا امشِ لقدام شوي شوي. هلق,0
ارجوك امشِ لقدام شوي شوي.,0
ارجوك امشِ لقدام شوي شوي. بسرعة,0
ارجوك امشِ لقدام شوي شوي. يلا,0
ارجوك امشِ لقدام شوي شوي.,0
ارجوك امشِ لقدام شوي شوي. من فضلك,0
ارجوك امشِ لقدام شوي شوي. هلق,0
ارجوك تحرك للأمام هلق.,0
ارجوك تحرك للأمام هلق. بسرعة,0
ارجوك تحرك للأمام هلق.,0
يا روبوت امشِ لقدام لبعيد.,0
يا روبوت امشِ لقدام لبعيد. يلا,0
يا روبوت امشِ لقدام لبعيد. من فضلك,0
يا روبوت امشِ لقدام لبعيد. هلق,0
يا روبوت امشِ لقدام لبعيد.,0
يا روبوت امشِ لقدام لبعيد. بسرعة,0
ارجوك تحرك لقدام متل ما قلتلك.,0
ارجوك امش لقدام متل ما قلتلك.,0
ارجوك تحرك للأمام متل ما قلتلك. بسرعة,0
ارجوك الى الأمام متل ما قلتلك.,0
ارجوك سر للأمام متل ما قلتلك. هلق,0
ارجوك تحرك للأمام متل ما قلتلك. من فضلك,0
ارجوك تقدم متل ما قلتلك.,0
ارجوك امش لقدام متل ما قلتلك. بسرعة,0
ارجوك تقدم متل ما قلتلك. يلا,0
ارجوك سر للأمام متل ما قلتلك.,0
ارجوك تحرك لقدام متل ما قلتلك.,0
ارجوك تحرك لقدام متل ما قلتلك. بسرعة,0
ارجوك تحرك للأمام متل ما قلتلك.,0
يلا امشِ لقدام بسرعة.,0
يلا امشِ لقدام بسرعة. من فضلك,0
يلا امشِ لقدام بسرعة. يلا,0
يلا امشِ لقدام بسرعة. هلق,0
يلا امشِ لقدام بسرعة.,0
يلا امشِ لقدام بسرعة. بسرعة,0
لو سمحت تحرك للأمام لبعيد.,0
لو سمحت تحرك للأمام لبعيد.,0
لو سمحت تحرك للأمام لبعيد. يلا,0
لو سمحت تحرك للأمام لبعيد. هلق,0
لو سمحت تحرك للأمام لبعيد. من فضلك,0
لو سمحت تحرك للأمام على مهلك.,0
لو سمحت تحرك للأمام على مهلك. هلق,0
لو سمحت تحرك للأمام على مهلك.,0
لو سمحت تحرك للأمام على مهلك. يلا,0
لو سمحت تحرك للأمام على مهلك. من فضلك,0
لو سمحت تقدم شوي متل ما قلتلك.,0
لو سمحت تقدم شوي متل ما قلتلك. هلق,0
لو سمحت تقدم شوي متل ما قلتلك. يلا,0
لو سمحت تقدم شوي متل ما قلتلك.,0
لو سمحت تقدم شوي متل ما قلتلك. بسرعة,0
اسمع تقدم شوي شوي شوي.,0
اسمع تقدم شوي شوي شوي.,0
اسمع تقدم شوي شوي شوي. من فضلك,0
اسمع تقدم شوي شوي شوي. يلا,0
اسمع تقدم شوي شوي شوي. بسرعة,0
يا روبوت امشِ لقدام هلق.,0
يا روبوت امشِ لقدام هلق. بسرعة,0
يا روبوت امشِ لقدام هلق. من فضلك,0
يا روبوت امشِ لقدام هلق.,0
يا روبوت امشِ لقدام هلق. يلا,0
يا روبوت امشِ لقدام هلق. هلق,0
يا روبوت تحرك للأمام شوي شوي.,0
يا روبوت تحرك للأمام شوي شوي. من فضلك,0
يا روبوت تحرك للأمام شوي شوي.,0
يا روبوت تحرك للأمام شوي شوي. يلا,0
يا روبوت تحرك للأمام شوي شوي. هلق,0
لو سمحت تحرك للأمام هلق.,0
لو سمحت تحرك للأمام هلق. هلق,0
لو سمحت تحرك للأمام هلق. بسرعة,0
لو سمحت تحرك للأمام هلق.,0
لو سمحت تحرك للأمام هلق. يلا,0
يلا تقدم شوي بسرعة.,0
يلا تقدم شوي بسرعة.,0
يلا تقدم شوي بسرعة. بسرعة,0
يلا تقدم شوي بسرعة. هلق,0
يلا تقدم شوي بسرعة. من فضلك,0
يلا تقدم شوي بسرعة. يلا,0
يلا تحرك لقدام هلق.,0
يلا تحرك لقدام هلق.,0
يلا تقدم هلق. يلا,0
يلا تحرك للأمام هلق. من فضلك,0
يلا تحرك لقدام هلق. يلا,0
يلا امش لقدام هلق.,0
يلا تقدم هلق. بسرعة,0
يلا تحرك للأمام هلق.,0
يلا تقدم هلق.,0
يلا الى الأمام هلق. من فضلك,0
يلا سر للأمام هلق.,0
يلا امش لقدام هلق. بسرعة,0
يلا تحرك لقدام هلق. من فضلك,0
اسمع تحرك للأمام متل ما قلتلك.,0
اسمع تحرك للأمام متل ما قلتلك. يلا,0
اسمع تحرك للأمام متل ما قلتلك. هلق,0
اسمع تحرك للأمام متل ما قلتلك. من فضلك,0
اسمع تحرك للأمام متل ما قلتلك.,0
يا روبوت تحرك للأمام على مهلك.,0
يا روبوت تحرك للأمام على مهلك. هلق,0
يا روبوت تحرك للأمام على مهلك.,0
يا روبوت تحرك للأمام على مهلك. من فضلك,0
يا روبوت تحرك للأمام على مهلك. يلا,0
يا روبوت تحرك لقدام لبعيد.,0
يا روبوت تحرك لقدام لبعيد. من فضلك,0
يا روبوت سر للأمام لبعيد.,0
يا روبوت تحرك للأمام لبعيد.,0
يا روبوت تحرك لقدام لبعيد. هلق,0
يا روبوت الى الأمام لبعيد.,0
يا روبوت تحرك للأمام لبعيد. بسرعة,0
يا روبوت تحرك لقدام لبعيد.,0
يا روبوت امش لقدام لبعيد.,0
يا روبوت تقدم لبعيد.,0
يلا تحرك لقدام لبعيد.,0
يلا تقدم لبعيد.,0
يلا امش لقدام لبعيد. هلق,0
يلا تحرك للأمام لبعيد. من فضلك,0
يلا تحرك لقدام لبعيد.,0
يلا تحرك للأمام لبعيد.,0
يلا سر للأمام لبعيد.,0
يلا الى الأمام لبعيد.,0
لو سمحت تقدم شوي شوي شوي.,0
لو سمحت تقدم شوي شوي شوي. هلق,0
لو سمحت تقدم شوي شوي شوي.,0
لو سمحت تقدم شوي شوي شوي. يلا,0
لو سمحت تقدم شوي شوي شوي. من فضلك,0
يا روبوت تقدم شوي بسرعة.,0
يا روبوت تقدم شوي بسرعة.,0
يا روبوت تقدم شوي بسرعة. هلق,0
يا روبوت تقدم شوي بسرعة. يلا,0
يا روبوت تقدم شوي بسرعة. بسرعة,0
يا روبوت تقدم شوي بسرعة. من فضلك,0
اسمع تحرك لقدام بسرعة.,0
اسمع الى الأمام بسرعة. هلق,0
اسمع الى الأمام بسرعة.,0
اسمع تحرك لقدام بسرعة.,0
اسمع الى الأمام بسرعة. يلا,0
اسمع سر للأمام بسرعة.,0
اسمع تحرك للأمام بسرعة. هلق,0
اسمع الى الأمام بسرعة. من فضلك,0
اسمع تحرك للأمام بسرعة.,0
اسمع تقدم بسرعة.,0
اسمع امش لقدام بسرعة.,0
اسمع امش لقدام بسرعة. هلق,0
اسمع سر للأمام بسرعة. بسرعة,0
اسمع امشِ لقدام بسرعة.,0
اسمع امشِ لقدام بسرعة. بسرعة,0
اسمع امشِ لقدام بسرعة. من فضلك,0
اسمع امشِ لقدام بسرعة. هلق,0
اسمع امشِ لقدام بسرعة.,0
اسمع امشِ لقدام شوي شوي.,0
اسمع امشِ لقدام شوي شوي.,0
اسمع امشِ لقدام شوي شوي. يلا,0
اسمع امشِ لقدام شوي شوي. بسرعة,0
اسمع امشِ لقدام شوي شوي. هلق,0
اسمع امشِ لقدام شوي شوي. من فضلك,0
لو سمحت تحرك لقدام على مهلك.,0
لو سمحت سر للأمام على مهلك.,0
لو سمحت الى الأمام على مهلك. يلا,0
لو سمحت الى الأمام على مهلك.,0
لو سمحت تحرك للأمام على مهلك. هلق,0
لو سمحت تقدم على مهلك.,0
لو سمحت تحرك للأمام على مهلك.,0
لو سمحت تحرك لقدام على مهلك.,0
لو سمحت سر للأمام على مهلك. هلق,0
لو سمحت امش لقدام على مهلك.,0
يلا امشِ لقدام على مهلك.,0
يلا امشِ لقدام على مهلك.,0
يلا امشِ لقدام على مهلك. بسرعة,0
يلا امشِ لقدام على مهلك. هلق,0
يلا امشِ لقدام على مهلك. من فضلك,0
يلا تقدم شوي متل ما قلتلك.,0
يلا تقدم شوي متل ما قلتلك. هلق,0
يلا تقدم شوي متل ما قلتلك. بسرعة,0
يلا تقدم شوي متل ما قلتلك.,0
يلا امشِ لقدام هلق.,0
يلا امشِ لقدام هلق. هلق,0
يلا امشِ لقدام هلق. يلا,0
يلا امشِ لقدام هلق.,0
يلا امشِ لقدام هلق. من فضلك,0
ارجوك امشِ لقدام بسرعة.,0
ارجوك امشِ لقدام بسرعة. من فضلك,0
ارجوك امشِ لقدام بسرعة. يلا,0
ارجوك امشِ لقدام بسرعة. بسرعة,0
ارجوك امشِ لقدام بسرعة.,0
ارجوك امشِ لقدام بسرعة. هلق,0
اسمع تقدم شوي هلق.,0
اسمع تقدم شوي هلق. من فضلك,0
اسمع تقدم شوي هلق. يلا,0
اسمع تقدم شوي هلق.,0
اسمع تقدم شوي هلق. بسرعة,0
يا روبوت تقدم شوي لبعيد.,0
يا روبوت تقدم شوي لبعيد. هلق,0
يا روبوت تقدم شوي لبعيد.,0
يا روبوت تقدم شوي لبعيد. من فضلك,0
يا روبوت تقدم شوي لبعيد. يلا,0
اسمع امشِ لقدام على مهلك.,0
اسمع امشِ لقدام على مهلك. من فضلك,0
اسمع امشِ لقدام على مهلك.,0
اسمع امشِ لقدام على مهلك. يلا,0
اسمع امشِ لقدام على مهلك. بسرعة,0
اسمع امشِ لقدام على مهلك. هلق,0
يا روبوت تقدم شوي شوي شوي.,0
يا روبوت تقدم شوي شوي شوي. من فضلك,0
يا روبوت تقدم شوي شوي شوي.,0
يا روبوت تقدم شوي شوي شوي. بسرعة,0
ارجوك تحرك للأمام متل ما قلتلك.,0
ارجوك تحرك للأمام متل ما قلتلك. يلا,0
ارجوك تحرك للأمام متل ما قلتلك. بسرعة,0
ارجوك تحرك للأمام متل ما قلتلك.,0
ارجوك تحرك للأمام متل ما قلتلك. من فضلك,0
يلا امشِ لقدام لبعيد.,0
يلا امشِ لقدام لبعيد. يلا,0
يلا امشِ لقدام لبعيد. هلق,0
يلا امشِ لقدام لبعيد. بسرعة,0
يلا امشِ لقدام لبعيد.,0
يلا امشِ لقدام لبعيد. من فضلك,0
يا روبوت تقدم شوي متل ما قلتلك.,0
يا روبوت تقدم شوي متل ما قلتلك.,0
يا روبوت تقدم شوي متل ما قلتلك. من فضلك,0
يا روبوت تقدم شوي متل ما قلتلك. يلا,0
يا روبوت تقدم شوي متل ما قلتلك. بسرعة,0
يلا تحرك لقدام شوي شوي.,0
يلا امش لقدام شوي شوي.,0
يلا تحرك للأمام شوي شوي. يلا,0
يلا تقدم شوي شوي.,0
يلا تحرك للأمام شوي شوي. بسرعة,0
يلا الى الأمام شوي شوي.,0
يلا تحرك لقدام شوي شوي.,0
يلا تحرك للأمام شوي شوي.,0
يلا سر للأمام شوي شوي. هلق,0
يلا سر للأمام شوي شوي.,0
يلا امش لقدام شوي شوي. هلق,0
يلا سر للأمام شوي شوي. من فضلك,0
ارجوك تقدم شوي على مهلك.,0
ارجوك تقدم شوي على مهلك. يلا,0
ارجوك تقدم شوي على مهلك. هلق,0
ارجوك تقدم شوي على مهلك. من فضلك,0
ارجوك تقدم شوي على مهلك.,0
يا روبوت تحرك للأمام لبعيد.,0
يا روبوت تحرك للأمام لبعيد.,0
يا روبوت تحرك للأمام لبعيد. هلق,0
يا روبوت تحرك للأمام لبعيد. من فضلك,0
يا روبوت تحرك للأمام لبعيد. بسرعة,0
يا روبوت تحرك للأمام لبعيد. يلا,0
ارجوك امشِ لقدام هلق.,0
ارجوك امشِ لقدام هلق. من فضلك,0
ارجوك امشِ لقدام هلق. يلا,0
ارجوك امشِ لقدام هلق. هلق,0
ارجوك امشِ لقدام هلق.,0
لو سمحت امشِ لقدام بسرعة.,0
لو سمحت امشِ لقدام بسرعة. بسرعة,0
لو سمحت امشِ لقدام بسرعة. هلق,0
لو سمحت امشِ لقدام بسرعة. من فضلك,0
لو سمحت امشِ لقدام بسرعة.,0
يلا تقدم شوي على مهلك.,0
يلا تقدم شوي على مهلك.,0
يلا تقدم شوي على مهلك. هلق,0
يلا تقدم شوي على مهلك. بسرعة,0
يلا تقدم شوي على مهلك. يلا,0
يا روبوت تحرك للأمام هلق.,0
يا روبوت تحرك للأمام هلق. هلق,0
يا روبوت تحرك للأمام هلق. يلا,0
يا روبوت تحرك للأمام هلق.,0
يا روبوت تحرك للأمام هلق. من فضلك,0
يا روبوت تحرك للأمام هلق. بسرعة,0
اسمع تقدم شوي لبعيد.,0
اسمع تقدم شوي لبعيد. يلا,0
اسمع تقدم شوي لبعيد.,0
ارجوك تحرك لقدام لبعيد.,0
ارجوك الى الأمام لبعيد. بسرعة,0
ارجوك تحرك لقدام لبعيد. من فضلك,0
ارجوك تحرك لقدام لبعيد.,0
ارجوك تقدم لبعيد.,0
ارجوك الى الأمام لبعيد.,0
ارجوك تحرك للأمام لبعيد. بسرعة,0
ارجوك تحرك للأمام لبعيد.,0
ارجوك سر للأمام لبعيد.,0
ارجوك امش لقدام لبعيد.,0
يا روبوت تحرك للأمام متل ما قلتلك.,0
يا روبوت تحرك للأمام متل ما قلتلك.,0
يا روبوت تحرك للأمام متل ما قلتلك. بسرعة,0
يا روبوت تحرك للأمام متل ما قلتلك. هلق,0
اسمع تقدم شوي على مهلك.,0
اسمع تقدم شوي على مهلك.,0
اسمع تقدم شوي على مهلك. بسرعة,0
اسمع تقدم شوي على مهلك. هلق,0
اسمع تقدم شوي على مهلك. يلا,0
اسمع تقدم شوي على مهلك. من فضلك,0
يلا تقدم شوي شوي شوي.,0
يلا تقدم شوي شوي شوي.,0
يلا تقدم شوي شوي شوي. هلق,0
يلا تقدم شوي شوي شوي. بسرعة,0
اسمع تقدم شوي بسرعة.,0
اسمع تقدم شوي بسرعة. بسرعة,0
اسمع تقدم شوي بسرعة.,0
اسمع تقدم شوي بسرعة. من فضلك,0
اسمع تقدم شوي بسرعة. يلا,0
اسمع تقدم شوي بسرعة. هلق,0
لو سمحت امشِ لقدام متل ما قلتلك.,0
لو سمحت امشِ لقدام متل ما قلتلك. هلق,0
لو سمحت امشِ لقدام متل ما قلتلك. من فضلك,0
لو سمحت امشِ لقدام متل ما قلتلك. يلا,0
لو سمحت امشِ لقدام متل ما قلتلك.,0
يلا تحرك للأمام متل ما قلتلك.,0
يلا تحرك للأمام متل ما قلتلك. بسرعة,0
يلا تحرك للأمام متل ما قلتلك. يلا,0
يلا تحرك للأمام متل ما قلتلك.,0
يلا تحرك للأمام متل ما قلتلك. هلق,0
اسمع تحرك لقدام هلق.,0
اسمع تحرك لقدام هلق.,0
اسمع تقدم هلق. من فضلك,0
اسمع تحرك لقدام هلق. من فضلك,0
اسمع تحرك للأمام هلق.,0
اسمع امش لقدام هلق. من فضلك,0
اسمع امش لقدام هلق. بسرعة,0
اسمع سر للأمام هلق.,0
اسمع سر للأمام هلق. يلا,0
اسمع امش لقدام هلق.,0
اسمع الى الأمام هلق. بسرعة,0
اسمع الى الأمام هلق.,0
ارجوك تحرك لقدام شوي شوي.,0
ارجوك الى الأمام شوي شوي.,0
ارجوك امش لقدام شوي شوي.,0
ارجوك تقدم شوي شوي.,0
ارجوك تحرك للأمام شوي شوي.,0
ارجوك سر للأمام شوي شوي.,0
ارجوك الى الأمام شوي شوي. بسرعة,0
ارجوك تحرك لقدام شوي شوي.,0
اسمع تحرك للأمام لبعيد.,0
اسمع تحرك للأمام لبعيد. هلق,0
اسمع تحرك للأمام لبعيد. بسرعة,0
اسمع تحرك للأمام لبعيد.,0
اسمع تحرك للأمام لبعيد. يلا,0
ارجوك تقدم شوي بسرعة.,0
ارجوك تقدم شوي بسرعة. هلق,0
ارجوك تقدم شوي بسرعة.,0
ارجوك تقدم شوي بسرعة. من فضلك,0
ارجوك تقدم شوي بسرعة. بسرعة,0
يا روبوت تحرك لقدام هلق.,0
يا روبوت سر للأمام هلق.,0
يا روبوت تقدم هلق.,0
يا روبوت تحرك لقدام هلق.,0
يا روبوت امش لقدام هلق.,0
يا روبوت تحرك للأمام هلق.,0
يا روبوت الى الأمام هلق.,0
يا روبوت سر للأمام هلق. بسرعة,0
يا روبوت تقدم هلق. هلق,0
لو سمحت امشِ لقدام على مهلك.,0
لو سمحت امشِ لقدام على مهلك. يلا,0
لو سمحت امشِ لقدام على مهلك. بسرعة,0
لو سمحت امشِ لقدام على مهلك. من فضلك,0
لو سمحت امشِ لقدام على مهلك. هلق,0
لو سمحت امشِ لقدام على مهلك.,0
اسمع امشِ لقدام متل ما قلتلك.,0
اسمع امشِ لقدام متل ما قلتلك. يلا,0
اسمع امشِ لقدام متل ما قلتلك. هلق,0
اسمع امشِ لقدام متل ما قلتلك.,0
اسمع امشِ لقدام متل ما قلتلك. بسرعة,0
اسمع امشِ لقدام متل ما قلتلك. من فضلك,0
لو سمحت امشِ لقدام شوي شوي.,0
لو سمحت امشِ لقدام شوي شوي. من فضلك,0
لو سمحت امشِ لقدام شوي شوي.,0
لو سمحت امشِ لقدام شوي شوي. بسرعة,0
لو سمحت امشِ لقدام شوي شوي. يلا,0
اسمع تحرك للأمام على مهلك.,0
اسمع تحرك للأمام على مهلك. بسرعة,0
اسمع تحرك للأمام على مهلك. يلا,0
اسمع تحرك للأمام على مهلك.,0
لو سمحت تحرك لقدام بسرعة.,0
لو سمحت امش لقدام بسرعة. من فضلك,0
لو سمحت سر للأمام بسرعة. هلق,0
لو سمحت امش لقدام بسرعة.,0
لو سمحت امش لقدام بسرعة. يلا,0
لو سمحت تقدم بسرعة.,0
لو سمحت تحرك لقدام بسرعة. هلق,0
لو سمحت الى الأمام بسرعة. بسرعة,0
لو سمحت سر للأمام بسرعة. يلا,0
لو سمحت الى الأمام بسرعة.,0
لو سمحت الى الأمام بسرعة. هلق,0
لو سمحت تحرك للأمام بسرعة.,0
لو سمحت تحرك لقدام بسرعة.,0
لو سمحت سر للأمام بسرعة.,0
لو سمحت تحرك لقدام بسرعة. بسرعة,0
يا روبوت تحرك لقدام بسرعة.,0
يا روبوت تحرك للأمام بسرعة. يلا,0
يا روبوت امش لقدام بسرعة. بسرعة,0
يا روبوت تحرك لقدام بسرعة.,0
يا روبوت تحرك للأمام بسرعة.,0
يا روبوت تقدم بسرعة.,0
يا روبوت الى الأمام بسرعة.,0
يا روبوت سر للأمام بسرعة.,0
يا روبوت سر للأمام بسرعة. بسرعة,0
يا روبوت الى الأمام بسرعة. يلا,0
يا روبوت تحرك لقدام بسرعة. بسرعة,0
يا روبوت امش لقدام بسرعة.,0
يا روبوت تحرك للأمام بسرعة. هلق,0
يا روبوت تحرك للأمام بسرعة. من فضلك,0
ارجوك تحرك لقدام على مهلك.,0
ارجوك الى الأمام على مهلك.,0
ارجوك امش لقدام على مهلك. بسرعة,0
ارجوك سر للأمام على مهلك. بسرعة,0
ارجوك تقدم على مهلك. بسرعة,0
ارجوك تقدم على مهلك. يلا,0
ارجوك تحرك للأمام على مهلك.,0
ارجوك تحرك لقدام على مهلك.,0
ارجوك سر للأمام على مهلك. يلا,0
ارجوك امش لقدام على مهلك. من فضلك,0
ارجوك امش لقدام على مهلك.,0
ارجوك تحرك لقدام على مهلك. يلا,0
ارجوك سر للأمام على مهلك. من فضلك,0
اسمع تقدم شوي متل ما قلتلك.,0
اسمع تقدم شوي متل ما قلتلك.,0
اسمع تقدم شوي متل ما قلتلك. بسرعة,0
اسمع تقدم شوي متل ما قلتلك. يلا,0
اسمع تحرك لقدام شوي شوي.,0
اسمع تحرك للأمام شوي شوي.,0
اسمع سر للأمام شوي شوي. من فضلك,0
اسمع امش لقدام شوي شوي.,0
اسمع تحرك لقدام شوي شوي.,0
اسمع تقدم شوي شوي.,0
اسمع تقدم شوي شوي. من فضلك,0
اسمع تحرك لقدام شوي شوي. هلق,0
اسمع تحرك للأمام شوي شوي. يلا,0
اسمع تحرك لقدام شوي شوي. يلا,0
اسمع الى الأمام شوي شوي. يلا,0
اسمع سر للأمام شوي شوي.,0
اسمع امشِ لقدام هلق.,0
اسمع امشِ لقدام هلق. بسرعة,0
اسمع امشِ لقدام هلق. هلق,0
اسمع امشِ لقدام هلق.,0
اسمع امشِ لقدام هلق. يلا,0
اسمع امشِ لقدام هلق. من فضلك,0
لو سمحت تقدم شوي على مهلك.,0
لو سمحت تقدم شوي على مهلك.,0
لو سمحت تقدم شوي على مهلك. من فضلك,0
لو سمحت تقدم شوي على مهلك. هلق,0
لو سمحت تقدم شوي على مهلك. يلا,0
اسمع تحرك لقدام على مهلك.,0
اسمع تقدم على مهلك. بسرعة,0
اسمع امش لقدام على مهلك.,0
اسمع تحرك لقدام على مهلك. هلق,0
اسمع سر للأمام على مهلك.,0
اسمع تقدم على مهلك.,0
اسمع الى الأمام على مهلك.,0
اسمع تقدم على مهلك. من فضلك,0
اسمع امش لقدام على مهلك. يلا,0
اسمع الى الأمام على مهلك. بسرعة,0
اسمع تحرك للأمام على مهلك. هلق,0
اسمع تحرك لقدام على مهلك.,0
اسمع امش لقدام على مهلك. هلق,0
اسمع تحرك للأمام على مهلك.,0
اسمع تحرك للأمام شوي شوي.,0
اسمع تحرك للأمام شوي شوي.,0
اسمع تحرك للأمام شوي شوي. هلق,0
اسمع تحرك للأمام شوي شوي. من فضلك,0
اسمع تحرك للأمام شوي شوي. يلا,0
اسمع تحرك للأمام شوي شوي. بسرعة,0
ارجوك تحرك للأمام بسرعة.,0
ارجوك تحرك للأمام بسرعة. من فضلك,0
ارجوك تحرك للأمام بسرعة.,0
ارجوك تحرك للأمام بسرعة. بسرعة,0
ارجوك تحرك للأمام بسرعة. هلق,0
لو سمحت تحرك للأمام متل ما قلتلك.,0
لو سمحت تحرك للأمام متل ما قلتلك. من فضلك,0
لو سمحت تحرك للأمام متل ما قلتلك.,0
لو سمحت تحرك للأمام متل ما قلتلك. هلق,0
لو سمحت تحرك لقدام متل ما قلتلك.,0
لو سمحت الى الأمام متل ما قلتلك. من فضلك,0
لو سمحت تحرك لقدام متل ما قلتلك.,0
لو سمحت تحرك لقدام متل ما قلتلك. هلق,0
لو سمحت الى الأمام متل ما قلتلك.,0
لو سمحت تحرك للأمام متل ما قلتلك.,0
لو سمحت تقدم متل ما قلتلك. يلا,0
لو سمحت امش لقدام متل ما قلتلك. يلا,0
لو سمحت تقدم متل ما قلتلك.,0
لو سمحت سر للأمام متل ما قلتلك. يلا,0
لو سمحت سر للأمام متل ما قلتلك.,0
لو سمحت تحرك للأمام متل ما قلتلك. هلق,0
لو سمحت امش لقدام متل ما قلتلك.,0
يا روبوت تقدم شوي على مهلك.,0
يا روبوت تقدم شوي على مهلك. يلا,0
يا روبوت تقدم شوي على مهلك. من فضلك,0
يا روبوت تقدم شوي على مهلك.,0
يا روبوت امشِ لقدام متل ما قلتلك.,0
يا روبوت امشِ لقدام متل ما قلتلك. بسرعة,0
يا روبوت امشِ لقدام متل ما قلتلك. من فضلك,0
يا روبوت امشِ لقدام متل ما قلتلك. هلق,0
يا روبوت امشِ لقدام متل ما قلتلك.,0
لو سمحت امشِ لقدام هلق.,0
لو سمحت امشِ لقدام هلق.,0
لو سمحت امشِ لقدام هلق. بسرعة,0
لو سمحت امشِ لقدام هلق. يلا,0
لو سمحت امشِ لقدام هلق. من فضلك,0
يلا تحرك للأمام شوي شوي.,0
يلا تحرك للأمام شوي شوي. هلق,0
يلا تحرك للأمام شوي شوي. بسرعة,0
يلا تحرك للأمام شوي شوي.,0
يا روبوت تقدم شوي هلق.,0
يا روبوت تقدم شوي هلق. بسرعة,0
يا روبوت تقدم شوي هلق. من فضلك,0
يا روبوت تقدم شوي هلق. يلا,0
يا روبوت تقدم شوي هلق.,0
يا روبوت تحرك لقدام متل ما قلتلك.,0
يا روبوت تحرك لقدام متل ما قلتلك. هلق,0
يا روبوت تحرك للأمام متل ما قلتلك.,0
يا روبوت الى الأمام متل ما قلتلك. بسرعة,0
يا روبوت تحرك لقدام متل ما قلتلك.,0
يا روبوت سر للأمام متل ما قلتلك.,0
يا روبوت امش لقدام متل ما قلتلك. هلق,0
يا روبوت امش لقدام متل ما قلتلك.,0
يا روبوت تحرك لقدام متل ما قلتلك. بسرعة,0
يا روبوت الى الأمام متل ما قلتلك.,0
يا روبوت تقدم متل ما قلتلك.,0
يا روبوت الى الأمام متل ما قلتلك. يلا,0
يا روبوت امش لقدام متل ما قلتلك. بسرعة,0
يا روبوت الى الأمام متل ما قلتلك. من فضلك,0
يا روبوت سر للأمام متل ما قلتلك. يلا,0
يا روبوت تقدم متل ما قلتلك. بسرعة,0
يا روبوت تقدم متل ما قلتلك. يلا,0
اسمع تحرك لقدام متل ما قلتلك.,0
اسمع تحرك لقدام متل ما قلتلك. هلق,0
اسمع سر للأمام متل ما قلتلك.,0
اسمع تقدم متل ما قلتلك. يلا,0
اسمع امش لقدام متل ما قلتلك. يلا,0
اسمع تحرك للأمام متل ما قلتلك. من فضلك,0
اسمع تقدم متل ما قلتلك.,0
اسمع تحرك للأمام متل ما قلتلك.,0
اسمع تقدم متل ما قلتلك. بسرعة,0
اسمع امش لقدام متل ما قلتلك.,0
اسمع الى الأمام متل ما قلتلك.,0
اسمع تحرك لقدام متل ما قلتلك.,0
اسمع الى الأمام متل ما قلتلك. هلق,0
ارجوك تحرك لقدام هلق.,0
ارجوك سر للأمام هلق.,0
ارجوك تحرك للأمام هلق.,0
ارجوك تحرك لقدام هلق.,0
ارجوك تحرك لقدام هلق. من فضلك,0
ارجوك تحرك للأمام هلق. من فضلك,0
ارجوك تحرك لقدام هلق. بسرعة,0
ارجوك الى الأمام هلق. هلق,0
ارجوك تحرك للأمام هلق. بسرعة,0
ارجوك تقدم هلق. من فضلك,0
ارجوك تقدم هلق.,0
لو سمحت تحرك لقدام هلق.,0
لو سمحت تقدم هلق. بسرعة,0
لو سمحت امش لقدام هلق. هلق,0
لو سمحت امش لقدام هلق.,0
لو سمحت تقدم هلق. يلا,0
لو سمحت تحرك لقدام هلق. هلق,0
لو سمحت سر للأمام هلق.,0
لو سمحت امش لقدام هلق. من فضلك,0
لو سمحت تحرك للأمام هلق. هلق,0
لو سمحت تحرك لقدام هلق.,0
لو سمحت الى الأمام هلق.,0
لو سمحت سر للأمام هلق. يلا,0
لو سمحت تحرك للأمام هلق. من فضلك,0
لو سمحت تحرك للأمام هلق.,0
لو سمحت الى الأمام هلق. من فضلك,0
Please step back carefully.,1
Please step back carefully. please,1
Please step back carefully. now,1
Please step back carefully.,1
Please step back carefully. quickly,1
Please step back carefully. right away,1
Kindly shift backward as requested.,1
Kindly shift backward as requested.,1
Kindly shift backward as requested. quickly,1
Kindly shift backward as requested. please,1
Kindly shift backward as requested. now,1
Kindly shift backward as requested. right away,1
Kindly back up slowly as requested.,1
Kindly back up slowly as requested. quickly,1
Kindly back up slowly as requested. right away,1
Kindly back up slowly as requested. please,1
Kindly back up slowly as requested. now,1
Kindly back up slowly as requested.,1
"Robot, shift backward right now.",1
"Robot, shift backward right now. now",1
"Robot, shift backward right now. quickly",1
"Robot, shift backward right now. right away",1
"Robot, shift backward right now.",1
Could you move backward until you clear the space.,1
Could you step back until you clear the space.,1
Could you go backward until you clear the space. now,1
Could you reverse until you clear the space. quickly,1
Could you move back until you clear the space. right away,1
Could you back up until you clear the space.,1
Could you go backward until you clear the space.,1
Could you go in reverse until you clear the space. now,1
Could you move backward until you clear the space.,1
Could you move back until you clear the space.,1
Could you walk backwards until you clear the space.,1
Could you step back until you clear the space. now,1
Could you reverse until you clear the space. right away,1
Could you walk backwards until you clear the space. quickly,1
Could you reverse until you clear the space.,1
Could you go backward until you clear the space. right away,1
Could you go in reverse until you clear the space.,1
I need you to back up slowly until you clear the space.,1
I need you to back up slowly until you clear the space. right away,1
I need you to back up slowly until you clear the space. now,1
I need you to back up slowly until you clear the space. quickly,1
I need you to back up slowly until you clear the space.,1
I need you to back up slowly until you clear the space. please,1
I need you to move backward until you clear the space.,1
I need you to move back until you clear the space.,1
I need you to move backward until you clear the space.,1
I need you to reverse until you clear the space. quickly,1
I need you to go backward until you clear the space.,1
I need you to reverse until you clear the space.,1
I need you to reverse until you clear the space. right away,1
I need you to back up until you clear the space.,1
I need you to move backward until you clear the space. quickly,1
I need you to walk backwards until you clear the space.,1
I need you to move backward until you clear the space. now,1
I need you to move back until you clear the space. please,1
I need you to step back until you clear the space.,1
I need you to walk in reverse carefully.,1
I need you to walk in reverse carefully. now,1
I need you to walk in reverse carefully. right away,1
I need you to walk in reverse carefully. quickly,1
I need you to walk in reverse carefully.,1
"Robot, walk in reverse as requested.",1
"Robot, walk in reverse as requested. right away",1
"Robot, walk in reverse as requested. now",1
"Robot, walk in reverse as requested.",1
"Robot, walk in reverse as requested. quickly",1
Kindly back up slowly until you clear the space.,1
Kindly back up slowly until you clear the space.,1
Kindly back up slowly until you clear the space. right away,1
Kindly back up slowly until you clear the space. please,1
Kindly back up slowly until you clear the space. quickly,1
Kindly back up slowly until you clear the space. now,1
"Robot, move backward until you clear the space.",1
"Robot, reverse until you clear the space.",1
"Robot, move back until you clear the space.",1
"Robot, step back until you clear the space.",1
"Robot, walk backwards until you clear the space. please",1
"Robot, walk backwards until you clear the space.",1
"Robot, go in reverse until you clear the space. quickly",1
"Robot, move backward until you clear the space. now",1
"Robot, go backward until you clear the space.",1
"Robot, move backward until you clear the space.",1
"Robot, walk backwards until you clear the space. quickly",1
"Robot, back up until you clear the space.",1
"Robot, move backward until you clear the space. quickly",1
Could you walk in reverse if possible.,1
Could you walk in reverse if possible. quickly,1
Could you walk in reverse if possible. please,1
Could you walk in reverse if possible.,1
Could you walk in reverse if possible. right away,1
Kindly move backward as requested.,1
Kindly go backward as requested.,1
Kindly go in reverse as requested.,1
Kindly move backward as requested.,1
Kindly step back as requested. please,1
Kindly move backward as requested. now,1
Kindly move back as requested. please,1
Kindly step back as requested.,1
Kindly go backward as requested. please,1
Kindly back up as requested. please,1
Kindly reverse as requested. please,1
Kindly go in reverse as requested. now,1
Kindly reverse as requested.,1
Could you step back right now.,1
Could you step back right now. please,1
Could you step back right now. right away,1
Could you step back right now.,1
Could you step back right now. now,1
Please step back as requested.,1
Please step back as requested. now,1
Please step back as requested. right away,1
Please step back as requested. quickly,1
Please step back as requested.,1
Kindly move backward carefully.,1
Kindly walk backwards carefully.,1
Kindly go backward carefully. please,1
Kindly move backward carefully. please,1
Kindly move backward carefully.,1
Kindly move backward carefully. now,1
Kindly move back carefully.,1
Kindly step back carefully.,1
Kindly go backward carefully.,1
Kindly back up carefully. right away,1
Kindly reverse carefully.,1
Kindly move backward carefully. right away,1
Kindly go in reverse carefully. please,1
Kindly back up slowly if possible.,1
Kindly back up slowly if possible. quickly,1
Kindly back up slowly if possible. now,1
Kindly back up slowly if possible.,1
Kindly back up slowly if possible. please,1
Kindly back up slowly if possible. right away,1
"Robot, back up slowly right now.",1
"Robot, back up slowly right now. right away",1
"Robot, back up slowly right now.",1
"Robot, back up slowly right now. now",1
"Robot, back up slowly right now. please",1
Could you step back carefully.,1
Could you step back carefully. right away,1
Could you step back carefully. please,1
Could you step back carefully.,1
Could you step back carefully. quickly,1
"Robot, step back carefully.",1
"Robot, step back carefully. please",1
"Robot, step back carefully. quickly",1
"Robot, step back carefully.",1
"Robot, step back carefully. right away",1
Kindly walk in reverse if possible.,1
Kindly walk in reverse if possible. now,1
Kindly walk in reverse if possible. please,1
Kindly walk in reverse if possible.,1
Kindly walk in reverse if possible. right away,1
Please move backward until you clear the space.,1
Please reverse until you clear the space. please,1
Please step back until you clear the space.,1
Please go in reverse until you clear the space.,1
Please back up until you clear the space. quickly,1
Please move back until you clear the space.,1
Please move backward until you clear the space.,1
Please move backward until you clear the space. quickly,1
Please walk backwards until you clear the space.,1
Please back up until you clear the space.,1
Please reverse until you clear the space.,1
Please go in reverse until you clear the space. please,1
Please walk in reverse until you clear the space.,1
Please walk in reverse until you clear the space. quickly,1
Please walk in reverse until you clear the space. please,1
Please walk in reverse until you clear the space. now,1
Please walk in reverse until you clear the space. right away,1
Please walk in reverse until you clear the space.,1
Could you move backward as requested.,1
Could you move backward as requested.,1
Could you walk backwards as requested. now,1
Could you go backward as requested. now,1
Could you reverse as requested. now,1
Could you move back as requested. right away,1
Could you go in reverse as requested. please,1
Could you go in reverse as requested.,1
Could you back up as requested.,1
Could you go backward as requested.,1
Could you step back as requested.,1
Could you back up as requested. quickly,1
Could you move backward as requested. right away,1
I need you to move backward carefully.,1
I need you to reverse carefully.,1
I need you to move backward carefully.,1
I need you to walk backwards carefully. quickly,1
I need you to go backward carefully.,1
I need you to move back carefully.,1
I need you to move backward carefully. now,1
I need you to step back carefully.,1
I need you to move backward carefully. right away,1
I need you to go in reverse carefully.,1
I need you to walk backwards carefully.,1
I need you to back up carefully.,1
Could you move backward if possible.,1
Could you reverse if possible.,1
Could you move backward if possible. now,1
Could you back up if possible. now,1
Could you move back if possible.,1
Could you move back if possible. right away,1
Could you move backward if possible.,1
Could you reverse if possible. now,1
Could you walk backwards if possible.,1
Could you back up if possible.,1
Could you go backward if possible.,1
Could you go in reverse if possible.,1
"Robot, shift backward carefully.",1
"Robot, shift backward carefully. please",1
"Robot, shift backward carefully.",1
"Robot, shift backward carefully. right away",1
"Robot, shift backward carefully. now",1
Could you walk in reverse right now.,1
Could you walk in reverse right now. quickly,1
Could you walk in reverse right now.,1
Could you walk in reverse right now. please,1
Could you walk in reverse right now. now,1
Could you walk in reverse right now. right away,1
"Robot, step back right now.",1
"Robot, step back right now. now",1
"Robot, step back right now.",1
"Robot, step back right now. right away",1
"Robot, step back right now. quickly",1
Kindly back up slowly right now.,1
Kindly back up slowly right now. quickly,1
Kindly back up slowly right now. please,1
Kindly back up slowly right now.,1
Kindly back up slowly right now. right away,1
Kindly back up slowly right now. now,1
Kindly shift backward right now.,1
Kindly shift backward right now. quickly,1
Kindly shift backward right now.,1
"Robot, back up slowly if possible.",1
"Robot, back up slowly if possible. please",1
"Robot, back up slowly if possible.",1
"Robot, back up slowly if possible. now",1
Kindly shift backward carefully.,1
Kindly shift backward carefully. quickly,1
Kindly shift backward carefully. now,1
Kindly shift backward carefully. please,1
Kindly shift backward carefully.,1
Please walk in reverse as requested.,1
Please walk in reverse as requested. right away,1
Please walk in reverse as requested. please,1
Please walk in reverse as requested.,1
Please walk in reverse as requested. quickly,1
"Robot, step back until you clear the space.",1
"Robot, step back until you clear the space. now",1
"Robot, step back until you clear the space.",1
"Robot, step back until you clear the space. quickly",1
"Robot, step back until you clear the space. please",1
"Robot, step back until you clear the space. right away",1
Kindly walk in reverse as requested.,1
Kindly walk in reverse as requested. right away,1
Kindly walk in reverse as requested. please,1
Kindly walk in reverse as requested.,1
Kindly walk in reverse as requested. now,1
Please shift backward if possible.,1
Please shift backward if possible. please,1
Please shift backward if possible. right away,1
Please shift backward if possible.,1
Please shift backward if possible. quickly,1
Please back up slowly as requested.,1
Please back up slowly as requested. right away,1
Please back up slowly as requested.,1
Please back up slowly as requested. please,1
Please back up slowly as requested. quickly,1
I need you to shift backward if possible.,1
I need you to shift backward if possible. now,1
I need you to shift backward if possible. please,1
I need you to shift backward if possible. quickly,1
I need you to shift backward if possible. right away,1
I need you to shift backward if possible.,1
I need you to shift backward as requested.,1
I need you to shift backward as requested.,1
I need you to shift backward as requested. quickly,1
I need you to shift backward as requested. now,1
Could you shift backward if possible.,1
Could you shift backward if possible. quickly,1
Could you shift backward if possible. now,1
Could you shift backward if possible.,1
Could you shift backward if possible. right away,1
"Robot, shift backward until you clear the space.",1
"Robot, shift backward until you clear the space. quickly",1
"Robot, shift backward until you clear the space.",1
"Robot, shift backward until you clear the space. right away",1
"Robot, shift backward until you clear the space. please",1
"Robot, shift backward until you clear the space. now",1
Could you walk in reverse carefully.,1
Could you walk in reverse carefully. now,1
Could you walk in reverse carefully. quickly,1
Could you walk in reverse carefully. right away,1
Could you walk in reverse carefully.,1
Could you step back until you clear the space.,1
Could you step back until you clear the space.,1
Could you step back until you clear the space. quickly,1
Could you step back until you clear the space. now,1
Could you step back until you clear the space. right away,1
Could you step back until you clear the space. please,1
Could you step back if possible.,1
Could you step back if possible. please,1
Could you step back if possible. now,1
Could you step back if possible. quickly,1
Could you step back if possible. right away,1
Could you step back if possible.,1
Kindly back up slowly carefully.,1
Kindly back up slowly carefully. please,1
Kindly back up slowly carefully. right away,1
Kindly back up slowly carefully. quickly,1
Kindly back up slowly carefully.,1
Could you step back as requested.,1
Could you step back as requested. quickly,1
Could you step back as requested. now,1
Could you step back as requested.,1
Could you step back as requested. please,1
Please move backward if possible.,1
Please move backward if possible. please,1
Please go backward if possible. quickly,1
Please step back if possible.,1
Please move back if possible.,1
Please go backward if possible. please,1
Please reverse if possible.,1
Please reverse if possible. quickly,1
Please walk backwards if possible. quickly,1
Please back up if possible. now,1
Please walk backwards if possible.,1
Please move backward if possible.,1
Please go in reverse if possible. now,1
Please reverse if possible. now,1
Please back up if possible.,1
Could you shift backward carefully.,1
Could you shift backward carefully. right away,1
Could you shift backward carefully.,1
Could you shift backward carefully. please,1
Could you shift backward carefully. now,1
Could you shift backward carefully. quickly,1
Please walk in reverse if possible.,1
Please walk in reverse if possible. now,1
Please walk in reverse if possible.,1
Please walk in reverse if possible. quickly,1
Please walk in reverse if possible. please,1
Please move backward carefully.,1
Please go in reverse carefully. please,1
Please move back carefully. now,1
Please go backward carefully.,1
Please move backward carefully. now,1
Please step back carefully. please,1
Please move backward carefully. please,1
Please walk backwards carefully. quickly,1
Please back up carefully.,1
Please move backward carefully.,1
Please move back carefully. please,1
Please step back carefully.,1
Please go backward carefully. quickly,1
Please go in reverse carefully.,1
I need you to move backward if possible.,1
I need you to go backward if possible. quickly,1
I need you to walk backwards if possible.,1
I need you to step back if possible. now,1
I need you to go backward if possible.,1
I need you to reverse if possible.,1
I need you to back up if possible. now,1
I need you to step back if possible. please,1
I need you to go in reverse if possible.,1
I need you to move backward if possible. please,1
I need you to back up if possible.,1
I need you to walk backwards if possible. right away,1
I need you to move back if possible.,1
I need you to move backward if possible.,1
I need you to move backward if possible. now,1
Please back up slowly if possible.,1
Please back up slowly if possible. now,1
Please back up slowly if possible.,1
Please back up slowly if possible. quickly,1
Please back up slowly if possible. please,1
Please back up slowly if possible. right away,1
I need you to shift backward until you clear the space.,1
I need you to shift backward until you clear the space. now,1
I need you to shift backward until you clear the space. please,1
I need you to shift backward until you clear the space. quickly,1
I need you to shift backward until you clear the space.,1
"Robot, move backward as requested.",1
"Robot, move backward as requested.",1
"Robot, move back as requested. quickly",1
"Robot, reverse as requested.",1
"Robot, move back as requested. right away",1
"Robot, move back as requested.",1
"Robot, go in reverse as requested. right away",1
"Robot, back up as requested.",1
"Robot, walk backwards as requested.",1
"Robot, back up as requested. please",1
"Robot, go backward as requested.",1
"Robot, go in reverse as requested.",1
I need you to step back until you clear the space.,1
I need you to step back until you clear the space. quickly,1
I need you to step back until you clear the space. right away,1
I need you to step back until you clear the space. please,1
I need you to step back until you clear the space. now,1
I need you to step back until you clear the space.,1
Could you shift backward until you clear the space.,1
Could you shift backward until you clear the space. quickly,1
Could you shift backward until you clear the space.,1
Could you shift backward until you clear the space. right away,1
Could you shift backward until you clear the space. now,1
Kindly step back as requested.,1
Kindly step back as requested. quickly,1
Kindly step back as requested. right away,1
Kindly step back as requested. please,1
Kindly step back as requested.,1
"Robot, back up slowly carefully.",1
"Robot, back up slowly carefully. now",1
"Robot, back up slowly carefully.",1
"Robot, back up slowly carefully. right away",1
Kindly move backward until you clear the space.,1
Kindly back up until you clear the space.,1
Kindly move back until you clear the space.,1
Kindly reverse until you clear the space.,1
Kindly go in reverse until you clear the space.,1
Kindly move backward until you clear the space. right away,1
Kindly move backward until you clear the space. quickly,1
Kindly move back until you clear the space. quickly,1
Kindly walk backwards until you clear the space. quickly,1
Kindly go backward until you clear the space.,1
Kindly step back until you clear the space. please,1
Kindly move backward until you clear the space.,1
Kindly step back until you clear the space.,1
Kindly walk backwards until you clear the space.,1
Kindly move backward until you clear the space. now,1
Kindly walk in reverse until you clear the space.,1
Kindly walk in reverse until you clear the space. quickly,1
Kindly walk in reverse until you clear the space. please,1
Kindly walk in reverse until you clear the space.,1
Kindly walk in reverse until you clear the space. right away,1
I need you to back up slowly if possible.,1
I need you to back up slowly if possible.,1
I need you to back up slowly if possible. quickly,1
I need you to back up slowly if possible. right away,1
I need you to back up slowly if possible. please,1
I need you to back up slowly if possible. now,1
Could you shift backward as requested.,1
Could you shift backward as requested. quickly,1
Could you shift backward as requested. please,1
Could you shift backward as requested. now,1
Could you shift backward as requested.,1
Could you shift backward as requested. right away,1
Please shift backward as requested.,1
Please shift backward as requested.,1
Please shift backward as requested. quickly,1
Please shift backward as requested. please,1
Please shift backward as requested. now,1
Please shift backward as requested. right away,1
Please walk in reverse carefully.,1
Please walk in reverse carefully. right away,1
Please walk in reverse carefully.,1
Please walk in reverse carefully. quickly,1
Please walk in reverse carefully. now,1
"Robot, shift backward as requested.",1
"Robot, shift backward as requested. please",1
"Robot, shift backward as requested. quickly",1
"Robot, shift backward as requested. right away",1
"Robot, shift backward as requested.",1
"Robot, shift backward as requested. now",1
I need you to step back if possible.,1
I need you to step back if possible. quickly,1
I need you to step back if possible. now,1
I need you to step back if possible. please,1
I need you to step back if possible.,1
I need you to step back if possible. right away,1
Please walk in reverse right now.,1
Please walk in reverse right now.,1
Please walk in reverse right now. quickly,1
Please walk in reverse right now. please,1
Please walk in reverse right now. right away,1
"Robot, shift backward if possible.",1
"Robot, shift backward if possible. now",1
"Robot, shift backward if possible. quickly",1
"Robot, shift backward if possible. right away",1
"Robot, shift backward if possible. please",1
"Robot, shift backward if possible.",1
I need you to walk in reverse right now.,1
I need you to walk in reverse right now. please,1
I need you to walk in reverse right now.,1
Kindly step back if possible.,1
Kindly step back if possible. please,1
Kindly step back if possible.,1
Kindly step back if possible. right away,1
Kindly step back if possible. quickly,1
Kindly step back if possible. now,1
Could you back up slowly carefully.,1
Could you back up slowly carefully. please,1
Could you back up slowly carefully.,1
Could you back up slowly carefully. quickly,1
I need you to move backward as requested.,1
I need you to reverse as requested. please,1
I need you to move back as requested.,1
I need you to step back as requested. right away,1
I need you to move backward as requested. right away,1
I need you to back up as requested. now,1
I need you to move backward as requested.,1
I need you to step back as requested. quickly,1
I need you to go backward as requested.,1
I need you to go in reverse as requested.,1
I need you to step back as requested.,1
Kindly shift backward until you clear the space.,1
Kindly shift backward until you clear the space. now,1
Kindly shift backward until you clear the space. right away,1
Kindly shift backward until you clear the space.,1
Kindly shift backward until you clear the space. quickly,1
"Robot, step back as requested.",1
"Robot, step back as requested. now",1
"Robot, step back as requested. quickly",1
"Robot, step back as requested.",1
"Robot, step back as requested. right away",1
Kindly step back right now.,1
Kindly step back right now.,1
Kindly step back right now. quickly,1
Kindly step back right now. please,1
Kindly step back right now. now,1
I need you to walk in reverse until you clear the space.,1
I need you to walk in reverse until you clear the space.,1
I need you to walk in reverse until you clear the space. now,1
I need you to walk in reverse until you clear the space. quickly,1
I need you to walk in reverse until you clear the space. please,1
"Robot, move backward right now.",1
"Robot, move back right now. quickly",1
"Robot, go backward right now. right away",1
"Robot, back up right now.",1
"Robot, go backward right now.",1
"Robot, move back right now.",1
"Robot, go in reverse right now.",1
"Robot, walk backwards right now. please",1
"Robot, walk backwards right now. right away",1
"Robot, step back right now. right away",1
"Robot, reverse right now.",1
"Robot, walk backwards right now.",1
Please back up slowly until you clear the space.,1
Please back up slowly until you clear the space. now,1
Please back up slowly until you clear the space. quickly,1
Please back up slowly until you clear the space. right away,1
Please back up slowly until you clear the space.,1
I need you to shift backward carefully.,1
I need you to shift backward carefully. right away,1
I need you to shift backward carefully. quickly,1
I need you to shift backward carefully. please,1
I need you to shift backward carefully.,1
I need you to back up slowly right now.,1
I need you to back up slowly right now.,1
I need you to back up slowly right now. quickly,1
I need you to back up slowly right now. right away,1
I need you to back up slowly right now. now,1
I need you to back up slowly right now. please,1
Please move backward as requested.,1
Please move back as requested.,1
Please move backward as requested. quickly,1
Please walk backwards as requested.,1
Please go in reverse as requested.,1
Please go backward as requested. now,1
Please move backward as requested. please,1
Please back up as requested.,1
Please reverse as requested.,1
Please move backward as requested.,1
Please go backward as requested.,1
Please go backward as requested. quickly,1
Please shift backward until you clear the space.,1
Please shift backward until you clear the space.,1
Please shift backward until you clear the space. now,1
Please shift backward until you clear the space. quickly,1
"Robot, walk in reverse until you clear the space.",1
"Robot, walk in reverse until you clear the space. quickly",1
"Robot, walk in reverse until you clear the space. now",1
"Robot, walk in reverse until you clear the space.",1
"Robot, walk in reverse until you clear the space. please",1
"Robot, walk in reverse until you clear the space. right away",1
I need you to step back as requested.,1
I need you to step back as requested. right away,1
I need you to step back as requested. please,1
I need you to step back as requested. quickly,1
I need you to step back as requested. now,1
I need you to step back as requested.,1
"Robot, back up slowly until you clear the space.",1
"Robot, back up slowly until you clear the space. quickly",1
"Robot, back up slowly until you clear the space. now",1
"Robot, back up slowly until you clear the space.",1
"Robot, back up slowly until you clear the space. please",1
Could you walk in reverse until you clear the space.,1
Could you walk in reverse until you clear the space. quickly,1
Could you walk in reverse until you clear the space.,1
Could you walk in reverse until you clear the space. right away,1
Could you walk in reverse until you clear the space. now,1
Kindly shift backward if possible.,1
Kindly shift backward if possible.,1
Kindly shift backward if possible. now,1
Kindly shift backward if possible. right away,1
Kindly shift backward if possible. please,1
Kindly shift backward if possible. quickly,1
I need you to move backward right now.,1
I need you to go in reverse right now.,1
I need you to move backward right now.,1
I need you to move back right now. please,1
I need you to step back right now. now,1
I need you to move back right now.,1
I need you to move backward right now. quickly,1
I need you to move backward right now. please,1
I need you to back up right now.,1
I need you to walk backwards right now.,1
I need you to go backward right now.,1
Kindly step back carefully.,1
Kindly step back carefully.,1
Kindly step back carefully. quickly,1
Please shift backward right now.,1
Please shift backward right now. now,1
Please shift backward right now. please,1
Please shift backward right now.,1
Please shift backward right now. quickly,1
Please shift backward right now. right away,1
"Robot, move backward carefully.",1
"Robot, reverse carefully.",1
"Robot, walk backwards carefully. please",1
"Robot, move backward carefully.",1
"Robot, step back carefully.",1
"Robot, back up carefully.",1
"Robot, go backward carefully. right away",1
"Robot, go in reverse carefully.",1
"Robot, go backward carefully. quickly",1
Please move backward right now.,1
Please move backward right now.,1
Please move backward right now. right away,1
Please back up right now. right away,1
Please step back right now. quickly,1
Please go in reverse right now.,1
Please go backward right now.,1
Please walk backwards right now.,1
Please go backward right now. now,1
Please go backward right now. quickly,1
Please step back right now.,1
Please back up right now.,1
Please move back right now.,1
Could you back up slowly until you clear the space.,1
Could you back up slowly until you clear the space. now,1
Could you back up slowly until you clear the space. quickly,1
Could you back up slowly until you clear the space. please,1
Could you back up slowly until you clear the space.,1
Could you back up slowly right now.,1
Could you back up slowly right now. now,1
Could you back up slowly right now. quickly,1
Could you back up slowly right now. please,1
Could you back up slowly right now.,1
Could you back up slowly right now. right away,1
Kindly step back until you clear the space.,1
Kindly step back until you clear the space. now,1
Kindly step back until you clear the space. quickly,1
Kindly step back until you clear the space. please,1
Kindly step back until you clear the space.,1
Kindly step back until you clear the space. right away,1
I need you to step back right now.,1
I need you to step back right now. right away,1
I need you to step back right now.,1
I need you to step back right now. quickly,1
I need you to shift backward right now.,1
I need you to shift backward right now. right away,1
I need you to shift backward right now. now,1
I need you to shift backward right now.,1
I need you to shift backward right now. please,1
I need you to shift backward right now. quickly,1
Please back up slowly right now.,1
Please back up slowly right now. quickly,1
Please back up slowly right now. right away,1
Please back up slowly right now.,1
Please back up slowly right now. now,1
Please back up slowly right now. please,1
I need you to step back carefully.,1
I need you to step back carefully. right away,1
I need you to step back carefully. please,1
I need you to step back carefully. quickly,1
I need you to step back carefully.,1
Please shift backward carefully.,1
Please shift backward carefully. now,1
Please shift backward carefully. quickly,1
Please shift backward carefully.,1
Please shift backward carefully. right away,1
"Robot, walk in reverse right now.",1
"Robot, walk in reverse right now. now",1
"Robot, walk in reverse right now.",1
"Robot, walk in reverse right now. quickly",1
"Robot, walk in reverse right now. right away",1
Kindly move backward if possible.,1
Kindly back up if possible.,1
Kindly move backward if possible. quickly,1
Kindly walk backwards if possible.,1
Kindly move backward if possible. now,1
Kindly move backward if possible.,1
Kindly move back if possible.,1
Kindly back up if possible. please,1
Kindly reverse if possible.,1
Kindly step back if possible. now,1
Could you walk in reverse as requested.,1
Could you walk in reverse as requested. now,1
Could you walk in reverse as requested. right away,1
Could you walk in reverse as requested.,1
"Robot, back up slowly as requested.",1
"Robot, back up slowly as requested. right away",1
"Robot, back up slowly as requested. please",1
"Robot, back up slowly as requested.",1
Could you move backward right now.,1
Could you reverse right now.,1
Could you step back right now. right away,1
Could you walk backwards right now.,1
Could you move back right now.,1
Could you reverse right now. right away,1
Could you go in reverse right now. now,1
Could you back up right now.,1
Could you go in reverse right now. please,1
Could you move back right now. please,1
Could you go in reverse right now.,1
Could you move backward right now.,1
Kindly walk in reverse right now.,1
Kindly walk in reverse right now.,1
Kindly walk in reverse right now. quickly,1
Kindly walk in reverse right now. right away,1
Kindly walk in reverse right now. please,1
"Robot, step back if possible.",1
"Robot, step back if possible.",1
"Robot, step back if possible. quickly",1
"Robot, step back if possible. please",1
"Robot, step back if possible. now",1
"Robot, step back if possible. right away",1
"Robot, walk in reverse if possible.",1
"Robot, walk in reverse if possible. right away",1
"Robot, walk in reverse if possible. quickly",1
"Robot, walk in reverse if possible. now",1
"Robot, walk in reverse if possible. please",1
"Robot, walk in reverse if possible.",1
Please step back until you clear the space.,1
Please step back until you clear the space.,1
Please step back until you clear the space. now,1
Please step back until you clear the space. please,1
Please step back until you clear the space. quickly,1
Please step back if possible.,1
Please step back if possible. quickly,1
Please step back if possible.,1
Please step back if possible. please,1
Please step back if possible. now,1
"Robot, walk in reverse carefully.",1
"Robot, walk in reverse carefully. please",1
"Robot, walk in reverse carefully. right away",1
"Robot, walk in reverse carefully. now",1
"Robot, walk in reverse carefully.",1
"Robot, walk in reverse carefully. quickly",1
Please back up slowly carefully.,1
Please back up slowly carefully. now,1
Please back up slowly carefully. quickly,1
Please back up slowly carefully. right away,1
Please back up slowly carefully. please,1
Please back up slowly carefully.,1
I need you to walk in reverse as requested.,1
I need you to walk in reverse as requested. right away,1
I need you to walk in reverse as requested. quickly,1
I need you to walk in reverse as requested.,1
I need you to walk in reverse as requested. please,1
I need you to back up slowly as requested.,1
I need you to back up slowly as requested.,1
I need you to back up slowly as requested. quickly,1
I need you to back up slowly as requested. right away,1
I need you to back up slowly as requested. please,1
I need you to back up slowly as requested. now,1
Could you shift backward right now.,1
Could you shift backward right now. quickly,1
Could you shift backward right now.,1
Could you shift backward right now. please,1
Could you shift backward right now. now,1
Could you back up slowly as requested.,1
Could you back up slowly as requested. now,1
Could you back up slowly as requested. quickly,1
Could you back up slowly as requested. right away,1
Could you back up slowly as requested.,1
Kindly walk in reverse carefully.,1
Kindly walk in reverse carefully.,1
Kindly walk in reverse carefully. now,1
Kindly walk in reverse carefully. quickly,1
Kindly walk in reverse carefully. please,1
Could you move backward carefully.,1
Could you go in reverse carefully.,1
Could you move backward carefully. now,1
Could you walk backwards carefully.,1
Could you step back carefully.,1
Could you reverse carefully. please,1
Could you go backward carefully.,1
Could you move backward carefully.,1
Could you back up carefully.,1
Could you move back carefully.,1
Could you reverse carefully.,1
Could you reverse carefully. quickly,1
Could you move backward carefully. right away,1
I need you to walk in reverse if possible.,1
I need you to walk in reverse if possible. quickly,1
I need you to walk in reverse if possible.,1
I need you to walk in reverse if possible. now,1
I need you to walk in reverse if possible. please,1
I need you to walk in reverse if possible. right away,1
Kindly move backward right now.,1
Kindly move backward right now.,1
Kindly reverse right now.,1
Kindly step back right now.,1
Kindly move back right now. please,1
Kindly move back right now. quickly,1
Kindly go backward right now. quickly,1
Kindly step back right now. right away,1
Kindly walk backwards right now. please,1
Kindly move back right now.,1
Kindly walk backwards right now.,1
Kindly back up right now.,1
Kindly reverse right now. please,1
Kindly move backward right now. now,1
Kindly reverse right now. right away,1
Kindly go in reverse right now.,1
Kindly back up right now. quickly,1
Please step back right now.,1
Please step back right now. now,1
Please step back right now. please,1
Please step back right now. quickly,1
Please step back right now.,1
Please step back right now. right away,1
"Robot, move backward if possible.",1
"Robot, reverse if possible.",1
"Robot, step back if possible.",1
"Robot, walk backwards if possible.",1
"Robot, walk backwards if possible. now",1
"Robot, move backward if possible. right away",1
"Robot, back up if possible. now",1
"Robot, move backward if possible.",1
"Robot, move back if possible.",1
"Robot, back up if possible. please",1
"Robot, go in reverse if possible. right away",1
"Robot, back up if possible. right away",1
"Robot, back up if possible.",1
"Robot, go backward if possible.",1
"Robot, go in reverse if possible.",1
Could you back up slowly if possible.,1
Could you back up slowly if possible. quickly,1
Could you back up slowly if possible.,1
Could you back up slowly if possible. right away,1
Could you back up slowly if possible. please,1
Could you back up slowly if possible. now,1
I need you to back up slowly carefully.,1
I need you to back up slowly carefully.,1
I need you to back up slowly carefully. now,1
I need you to back up slowly carefully. please,1
I need you to back up slowly carefully. right away,1
رجاءً خطوة لورا بهدوء.,1
رجاءً خطوة لورا بهدوء. هلق,1
رجاءً خطوة لورا بهدوء. يلا,1
رجاءً خطوة لورا بهدوء.,1
رجاءً خطوة لورا بهدوء. بسرعة,1
يا روبوت تحرك لورا متل ما بدّي.,1
يا روبوت تراجع متل ما بدّي. من فضلك,1
يا روبوت تراجع متل ما بدّي.,1
يا روبوت الى الخلف متل ما بدّي.,1
يا روبوت ارجع متل ما بدّي. من فضلك,1
يا روبوت تحرك لورا متل ما بدّي.,1
يا روبوت ارجع متل ما بدّي.,1
يا روبوت تحرك للخلف متل ما بدّي. من فضلك,1
يا روبوت امش لورا متل ما بدّي. يلا,1
يا روبوت امش لورا متل ما بدّي.,1
يا روبوت تحرك للخلف متل ما بدّي. يلا,1
يا روبوت امش لورا متل ما بدّي. هلق,1
يلا ارجع للخلف بهدوء.,1
يلا ارجع للخلف بهدوء.,1
يلا ارجع للخلف بهدوء. هلق,1
يلا ارجع للخلف بهدوء. يلا,1
يلا ارجع للخلف بهدوء. من فضلك,1
يلا ارجع للخلف بهدوء. بسرعة,1
رجاءً خطوة لورا لبرا.,1
رجاءً خطوة لورا لبرا.,1
رجاءً خطوة لورا لبرا. هلق,1
رجاءً خطوة لورا لبرا. يلا,1
يا روبوت ارجع للخلف هلق.,1
يا روبوت ارجع للخلف هلق.,1
يا روبوت ارجع للخلف هلق. يلا,1
يا روبوت ارجع للخلف هلق. بسرعة,1
يا روبوت ارجع للخلف هلق. هلق,1
رجاءً خطوة لورا بسرعة.,1
رجاءً خطوة لورا بسرعة. من فضلك,1
رجاءً خطوة لورا بسرعة.,1
رجاءً خطوة لورا بسرعة. يلا,1
رجاءً خطوة لورا بسرعة. بسرعة,1
رجاءً خطوة لورا بسرعة. هلق,1
لو سمحت ارجع شوي لورا هلق.,1
لو سمحت ارجع شوي لورا هلق. من فضلك,1
لو سمحت ارجع شوي لورا هلق. هلق,1
لو سمحت ارجع شوي لورا هلق. يلا,1
لو سمحت ارجع شوي لورا هلق.,1
رجاءً ارجع للخلف متل ما بدّي.,1
رجاءً ارجع للخلف متل ما بدّي. من فضلك,1
رجاءً ارجع للخلف متل ما بدّي. يلا,1
رجاءً ارجع للخلف متل ما بدّي.,1
رجاءً ارجع للخلف متل ما بدّي. هلق,1
يا روبوت ارجع للخلف بسرعة.,1
يا روبوت ارجع للخلف بسرعة. هلق,1
يا روبوت ارجع للخلف بسرعة.,1
يا روبوت ارجع للخلف بسرعة. بسرعة,1
يا روبوت ارجع للخلف بسرعة. يلا,1
يلا تحرك لورا لبرا.,1
يلا تحرك للخلف لبرا. من فضلك,1
يلا ارجع لبرا.,1
يلا الى الخلف لبرا.,1
يلا امش لورا لبرا. يلا,1
يلا ارجع لبرا. بسرعة,1
يلا تحرك للخلف لبرا.,1
يلا تراجع لبرا.,1
يلا امش لورا لبرا. من فضلك,1
يلا الى الخلف لبرا. يلا,1
يلا امش لورا لبرا. بسرعة,1
يلا امش لورا لبرا.,1
يلا تحرك لورا لبرا.,1
يلا تراجع لبرا. من فضلك,1
يا روبوت خطوة لورا بهدوء.,1
يا روبوت خطوة لورا بهدوء. يلا,1
يا روبوت خطوة لورا بهدوء. هلق,1
يا روبوت خطوة لورا بهدوء.,1
يا روبوت خطوة لورا بهدوء. بسرعة,1
يا روبوت خطوة لورا بهدوء. من فضلك,1
رجاءً خطوة لورا متل ما بدّي.,1
رجاءً خطوة لورا متل ما بدّي. هلق,1
رجاءً خطوة لورا متل ما بدّي. يلا,1
رجاءً خطوة لورا متل ما بدّي.,1
رجاءً خطوة لورا متل ما بدّي. من فضلك,1
لو سمحت تحرك لورا بسرعة.,1
لو سمحت امش لورا بسرعة.,1
لو سمحت تحرك لورا بسرعة.,1
لو سمحت ارجع بسرعة.,1
لو سمحت تحرك للخلف بسرعة. يلا,1
لو سمحت الى الخلف بسرعة. يلا,1
لو سمحت تراجع بسرعة.,1
لو سمحت الى الخلف بسرعة.,1
لو سمحت تحرك للخلف بسرعة. هلق,1
لو سمحت تراجع بسرعة. يلا,1
لو سمحت الى الخلف بسرعة. من فضلك,1
لو سمحت ارجع بسرعة. من فضلك,1
لو سمحت امش لورا بسرعة. من فضلك,1
لو سمحت تحرك لورا بسرعة. هلق,1
لو سمحت الى الخلف بسرعة. بسرعة,1
يلا تحرك لورا بهدوء.,1
يلا امش لورا بهدوء. هلق,1
يلا ارجع بهدوء. هلق,1
يلا امش لورا بهدوء. من فضلك,1
يلا امش لورا بهدوء.,1
يلا تحرك للخلف بهدوء.,1
يلا تحرك لورا بهدوء. بسرعة,1
يلا امش لورا بهدوء. يلا,1
يلا تراجع بهدوء.,1
يلا تحرك للخلف بهدوء. من فضلك,1
يلا ارجع بهدوء.,1
يلا الى الخلف بهدوء.,1
يلا ارجع بهدوء. من فضلك,1
يا روبوت ارجع للخلف لبرا.,1
يا روبوت ارجع للخلف لبرا. من فضلك,1
يا روبوت ارجع للخلف لبرا. هلق,1
يا روبوت ارجع للخلف لبرا.,1
يا روبوت ارجع للخلف لبرا. بسرعة,1
لو سمحت خطوة لورا هلق.,1
لو سمحت خطوة لورا هلق. بسرعة,1
لو سمحت خطوة لورا هلق.,1
لو سمحت خطوة لورا هلق. يلا,1
لو سمحت خطوة لورا هلق. من فضلك,1
لو سمحت خطوة لورا هلق. هلق,1
رجاءً خطوة لورا هلق.,1
رجاءً خطوة لورا هلق. بسرعة,1
رجاءً خطوة لورا هلق. هلق,1
رجاءً خطوة لورا هلق.,1
رجاءً خطوة لورا هلق. من فضلك,1
رجاءً خطوة لورا هلق. يلا,1
رجاءً ارجع شوي لورا بسرعة.,1
رجاءً ارجع شوي لورا بسرعة. بسرعة,1
رجاءً ارجع شوي لورا بسرعة.,1
لو سمحت تحرك لورا بهدوء.,1
لو سمحت امش لورا بهدوء. يلا,1
لو سمحت تحرك لورا بهدوء.,1
لو سمحت الى الخلف بهدوء.,1
لو سمحت تحرك للخلف بهدوء. يلا,1
لو سمحت ارجع بهدوء.,1
لو سمحت تحرك للخلف بهدوء. بسرعة,1
لو سمحت امش لورا بهدوء. من فضلك,1
لو سمحت تراجع بهدوء.,1
لو سمحت امش لورا بهدوء.,1
لو سمحت تحرك للخلف بهدوء.,1
يا روبوت خطوة لورا لبرا.,1
يا روبوت خطوة لورا لبرا. هلق,1
يا روبوت خطوة لورا لبرا. يلا,1
يا روبوت خطوة لورا لبرا. من فضلك,1
يا روبوت خطوة لورا لبرا.,1
يا روبوت خطوة لورا لبرا. بسرعة,1
لو سمحت تحرك لورا متل ما بدّي.,1
لو سمحت الى الخلف متل ما بدّي. يلا,1
لو سمحت امش لورا متل ما بدّي.,1
لو سمحت ارجع متل ما بدّي.,1
لو سمحت تحرك لورا متل ما بدّي. بسرعة,1
لو سمحت تحرك للخلف متل ما بدّي. من فضلك,1
لو سمحت تحرك لورا متل ما بدّي.,1
لو سمحت امش لورا متل ما بدّي. من فضلك,1
لو سمحت امش لورا متل ما بدّي. بسرعة,1
لو سمحت الى الخلف متل ما بدّي.,1
لو سمحت تراجع متل ما بدّي.,1
لو سمحت تحرك للخلف متل ما بدّي.,1
لو سمحت ارجع للخلف متل ما بدّي.,1
لو سمحت ارجع للخلف متل ما بدّي. بسرعة,1
لو سمحت ارجع للخلف متل ما بدّي.,1
لو سمحت ارجع للخلف متل ما بدّي. يلا,1
لو سمحت ارجع للخلف متل ما بدّي. من فضلك,1
يلا خطوة لورا بسرعة.,1
يلا خطوة لورا بسرعة.,1
يلا خطوة لورا بسرعة. يلا,1
يلا ارجع شوي لورا هلق.,1
يلا ارجع شوي لورا هلق. من فضلك,1
يلا ارجع شوي لورا هلق. يلا,1
يلا ارجع شوي لورا هلق. هلق,1
يلا ارجع شوي لورا هلق. بسرعة,1
يلا ارجع شوي لورا هلق.,1
لو سمحت ارجع شوي لورا بسرعة.,1
لو سمحت ارجع شوي لورا بسرعة. هلق,1
لو سمحت ارجع شوي لورا بسرعة.,1
لو سمحت ارجع شوي لورا بسرعة. من فضلك,1
لو سمحت ارجع شوي لورا بسرعة. يلا,1
رجاءً ارجع للخلف لبرا.,1
رجاءً ارجع للخلف لبرا. بسرعة,1
رجاءً ارجع للخلف لبرا. يلا,1
رجاءً ارجع للخلف لبرا.,1
رجاءً ارجع للخلف لبرا. هلق,1
يا روبوت خطوة لورا متل ما بدّي.,1
يا روبوت خطوة لورا متل ما بدّي. من فضلك,1
يا روبوت خطوة لورا متل ما بدّي.,1
يا روبوت خطوة لورا متل ما بدّي. هلق,1
يا روبوت خطوة لورا متل ما بدّي. بسرعة,1
رجاءً ارجع للخلف هلق.,1
رجاءً ارجع للخلف هلق. بسرعة,1
رجاءً ارجع للخلف هلق. يلا,1
رجاءً ارجع للخلف هلق.,1
رجاءً ارجع للخلف هلق. من فضلك,1
رجاءً ارجع للخلف هلق. هلق,1
لو سمحت ارجع للخلف بهدوء.,1
لو سمحت ارجع للخلف بهدوء. هلق,1
لو سمحت ارجع للخلف بهدوء. بسرعة,1
لو سمحت ارجع للخلف بهدوء.,1
لو سمحت ارجع للخلف بهدوء. يلا,1
لو سمحت خطوة لورا بسرعة.,1
لو سمحت خطوة لورا بسرعة. بسرعة,1
لو سمحت خطوة لورا بسرعة. من فضلك,1
لو سمحت خطوة لورا بسرعة.,1
لو سمحت خطوة لورا بسرعة. يلا,1
لو سمحت ارجع للخلف لبرا.,1
لو سمحت ارجع للخلف لبرا.,1
لو سمحت ارجع للخلف لبرا. بسرعة,1
لو سمحت ارجع للخلف لبرا. يلا,1
لو سمحت ارجع للخلف لبرا. هلق,1
لو سمحت ارجع للخلف لبرا. من فضلك,1
يلا خطوة لورا بهدوء.,1
يلا خطوة لورا بهدوء. من فضلك,1
يلا خطوة لورا بهدوء.,1
يلا خطوة لورا بهدوء. هلق,1
يلا خطوة لورا بهدوء. بسرعة,1
يا روبوت خطوة لورا هلق.,1
يا روبوت خطوة لورا هلق. هلق,1
يا روبوت خطوة لورا هلق.,1
يا روبوت خطوة لورا هلق. بسرعة,1
يا روبوت خطوة لورا هلق. من فضلك,1
يا روبوت خطوة لورا هلق. يلا,1
يلا ارجع للخلف متل ما بدّي.,1
يلا ارجع للخلف متل ما بدّي. يلا,1
يلا ارجع للخلف متل ما بدّي. من فضلك,1
يلا ارجع للخلف متل ما بدّي. هلق,1
يلا ارجع للخلف متل ما بدّي. بسرعة,1
يلا ارجع للخلف متل ما بدّي.,1
يلا خطوة لورا متل ما بدّي.,1
يلا خطوة لورا متل ما بدّي. من فضلك,1
يلا خطوة لورا متل ما بدّي. هلق,1
يلا خطوة لورا متل ما بدّي.,1
يلا خطوة لورا متل ما بدّي. يلا,1
يلا خطوة لورا متل ما بدّي. بسرعة,1
رجاءً ارجع شوي لورا هلق.,1
رجاءً ارجع شوي لورا هلق. هلق,1
رجاءً ارجع شوي لورا هلق. بسرعة,1
رجاءً ارجع شوي لورا هلق. يلا,1
رجاءً ارجع شوي لورا هلق.,1
رجاءً ارجع شوي لورا متل ما بدّي.,1
رجاءً ارجع شوي لورا متل ما بدّي. من فضلك,1
رجاءً ارجع شوي لورا متل ما بدّي.,1
رجاءً ارجع شوي لورا متل ما بدّي. يلا,1
رجاءً ارجع شوي لورا متل ما بدّي. هلق,1
يا روبوت ارجع شوي لورا متل ما بدّي.,1
يا روبوت ارجع شوي لورا متل ما بدّي. يلا,1
يا روبوت ارجع شوي لورا متل ما بدّي. بسرعة,1
يا روبوت ارجع شوي لورا متل ما بدّي. هلق,1
يا روبوت ارجع شوي لورا متل ما بدّي.,1
رجاءً ارجع شوي لورا بهدوء.,1
رجاءً ارجع شوي لورا بهدوء. بسرعة,1
رجاءً ارجع شوي لورا بهدوء. هلق,1
رجاءً ارجع شوي لورا بهدوء.,1
رجاءً ارجع شوي لورا بهدوء. يلا,1
رجاءً ارجع شوي لورا بهدوء. من فضلك,1
يلا تحرك لورا هلق.,1
يلا الى الخلف هلق.,1
يلا امش لورا هلق.,1
يلا امش لورا هلق. هلق,1
يلا الى الخلف هلق. من فضلك,1
يلا تحرك لورا هلق. يلا,1
يلا تحرك لورا هلق.,1
يلا ارجع هلق. يلا,1
يلا تراجع هلق. بسرعة,1
يلا تحرك للخلف هلق.,1
يلا الى الخلف هلق. هلق,1
يلا ارجع هلق. هلق,1
يلا ارجع هلق.,1
يا روبوت خطوة لورا بسرعة.,1
يا روبوت خطوة لورا بسرعة. يلا,1
يا روبوت خطوة لورا بسرعة. من فضلك,1
يا روبوت خطوة لورا بسرعة.,1
يا روبوت خطوة لورا بسرعة. بسرعة,1
لو سمحت خطوة لورا متل ما بدّي.,1
لو سمحت خطوة لورا متل ما بدّي.,1
لو سمحت خطوة لورا متل ما بدّي. من فضلك,1
لو سمحت خطوة لورا متل ما بدّي. هلق,1
لو سمحت خطوة لورا متل ما بدّي. بسرعة,1
رجاءً ارجع للخلف بسرعة.,1
رجاءً ارجع للخلف بسرعة. من فضلك,1
رجاءً ارجع للخلف بسرعة. هلق,1
رجاءً ارجع للخلف بسرعة.,1
لو سمحت ارجع شوي لورا لبرا.,1
لو سمحت ارجع شوي لورا لبرا. بسرعة,1
لو سمحت ارجع شوي لورا لبرا. من فضلك,1
لو سمحت ارجع شوي لورا لبرا. يلا,1
لو سمحت ارجع شوي لورا لبرا.,1
يلا ارجع للخلف هلق.,1
يلا ارجع للخلف هلق. بسرعة,1
يلا ارجع للخلف هلق. يلا,1
يلا ارجع للخلف هلق. هلق,1
يلا ارجع للخلف هلق. من فضلك,1
يلا ارجع للخلف هلق.,1
يلا ارجع شوي لورا بهدوء.,1
يلا ارجع شوي لورا بهدوء. هلق,1
يلا ارجع شوي لورا بهدوء. بسرعة,1
يلا ارجع شوي لورا بهدوء. من فضلك,1
يلا ارجع شوي لورا بهدوء.,1
يلا خطوة لورا هلق.,1
يلا خطوة لورا هلق. يلا,1
يلا خطوة لورا هلق. من فضلك,1
يلا خطوة لورا هلق. هلق,1
يلا خطوة لورا هلق.,1
يا روبوت ارجع شوي لورا بسرعة.,1
يا روبوت ارجع شوي لورا بسرعة. من فضلك,1
يا روبوت ارجع شوي لورا بسرعة.,1
يا روبوت ارجع شوي لورا بسرعة. يلا,1
يا روبوت ارجع شوي لورا بسرعة. بسرعة,1
رجاءً تحرك لورا متل ما بدّي.,1
رجاءً تحرك للخلف متل ما بدّي.,1
رجاءً الى الخلف متل ما بدّي. هلق,1
رجاءً تحرك لورا متل ما بدّي. بسرعة,1
رجاءً تراجع متل ما بدّي.,1
رجاءً الى الخلف متل ما بدّي.,1
رجاءً ارجع متل ما بدّي.,1
رجاءً تحرك لورا متل ما بدّي. من فضلك,1
رجاءً ارجع متل ما بدّي. بسرعة,1
رجاءً امش لورا متل ما بدّي.,1
رجاءً تحرك لورا متل ما بدّي.,1
يلا ارجع للخلف لبرا.,1
يلا ارجع للخلف لبرا. بسرعة,1
يلا ارجع للخلف لبرا. يلا,1
يلا ارجع للخلف لبرا.,1
يلا ارجع للخلف لبرا. هلق,1
يلا ارجع للخلف لبرا. من فضلك,1
يلا ارجع شوي لورا لبرا.,1
يلا ارجع شوي لورا لبرا.,1
يلا ارجع شوي لورا لبرا. من فضلك,1
يلا ارجع شوي لورا لبرا. هلق,1
يلا ارجع شوي لورا لبرا. يلا,1
يلا ارجع شوي لورا لبرا. بسرعة,1
رجاءً تحرك لورا بسرعة.,1
رجاءً تحرك للخلف بسرعة.,1
رجاءً تراجع بسرعة.,1
رجاءً تراجع بسرعة. هلق,1
رجاءً تحرك لورا بسرعة. من فضلك,1
رجاءً امش لورا بسرعة. هلق,1
رجاءً تحرك لورا بسرعة.,1
رجاءً ارجع بسرعة.,1
رجاءً امش لورا بسرعة. من فضلك,1
رجاءً ارجع بسرعة. هلق,1
رجاءً تحرك لورا بسرعة. بسرعة,1
رجاءً تحرك لورا بسرعة. هلق,1
رجاءً امش لورا بسرعة.,1
رجاءً الى الخلف بسرعة.,1
يا روبوت ارجع شوي لورا هلق.,1
يا روبوت ارجع شوي لورا هلق. بسرعة,1
يا روبوت ارجع شوي لورا هلق.,1
يا روبوت ارجع شوي لورا هلق. من فضلك,1
يا روبوت ارجع شوي لورا هلق. يلا,1
يا روبوت ارجع شوي لورا هلق. هلق,1
يا روبوت تحرك لورا بسرعة.,1
يا روبوت ارجع بسرعة.,1
يا روبوت تحرك لورا بسرعة.,1
يا روبوت تراجع بسرعة. يلا,1
يا روبوت تراجع بسرعة.,1
يا روبوت تحرك لورا بسرعة. يلا,1
يا روبوت امش لورا بسرعة.,1
يا روبوت تحرك لورا بسرعة. من فضلك,1
يا روبوت الى الخلف بسرعة.,1
يا روبوت تحرك للخلف بسرعة.,1
لو سمحت تحرك لورا هلق.,1
لو سمحت تحرك لورا هلق. من فضلك,1
لو سمحت امش لورا هلق.,1
لو سمحت تحرك للخلف هلق.,1
لو سمحت تحرك للخلف هلق. هلق,1
لو سمحت الى الخلف هلق.,1
لو سمحت ارجع هلق. من فضلك,1
لو سمحت تراجع هلق.,1
لو سمحت تحرك لورا هلق.,1
لو سمحت تحرك لورا هلق. بسرعة,1
لو سمحت تحرك للخلف هلق. من فضلك,1
لو سمحت ارجع هلق.,1
لو سمحت الى الخلف هلق. بسرعة,1
يلا ارجع شوي لورا متل ما بدّي.,1
يلا ارجع شوي لورا متل ما بدّي.,1
يلا ارجع شوي لورا متل ما بدّي. من فضلك,1
يلا ارجع شوي لورا متل ما بدّي. بسرعة,1
يلا ارجع شوي لورا متل ما بدّي. يلا,1
يلا ارجع شوي لورا متل ما بدّي. هلق,1
يا روبوت ارجع للخلف متل ما بدّي.,1
يا روبوت ارجع للخلف متل ما بدّي. يلا,1
يا روبوت ارجع للخلف متل ما بدّي. من فضلك,1
يا روبوت ارجع للخلف متل ما بدّي. هلق,1
يا روبوت ارجع للخلف متل ما بدّي.,1
يا روبوت ارجع للخلف بهدوء.,1
يا روبوت ارجع للخلف بهدوء. هلق,1
يا روبوت ارجع للخلف بهدوء. بسرعة,1
يا روبوت ارجع للخلف بهدوء.,1
يلا خطوة لورا لبرا.,1
يلا خطوة لورا لبرا.,1
يلا خطوة لورا لبرا. يلا,1
يلا خطوة لورا لبرا. من فضلك,1
يلا خطوة لورا لبرا. بسرعة,1
يلا خطوة لورا لبرا. هلق,1
لو سمحت تحرك لورا لبرا.,1
لو سمحت تحرك للخلف لبرا.,1
لو سمحت ارجع لبرا.,1
لو سمحت تراجع لبرا. هلق,1
لو سمحت الى الخلف لبرا.,1
لو سمحت امش لورا لبرا. هلق,1
لو سمحت امش لورا لبرا. يلا,1
لو سمحت تراجع لبرا.,1
لو سمحت تحرك لورا لبرا.,1
لو سمحت امش لورا لبرا.,1
يلا تحرك لورا بسرعة.,1
يلا امش لورا بسرعة. هلق,1
يلا امش لورا بسرعة.,1
يلا امش لورا بسرعة. بسرعة,1
يلا تراجع بسرعة.,1
يلا تحرك للخلف بسرعة. بسرعة,1
يلا الى الخلف بسرعة. هلق,1
يلا امش لورا بسرعة. من فضلك,1
يلا تحرك لورا بسرعة. بسرعة,1
يلا تحرك لورا بسرعة.,1
يلا تراجع بسرعة. هلق,1
يلا ارجع بسرعة.,1
يلا تحرك لورا بسرعة. من فضلك,1
يلا تحرك للخلف بسرعة.,1
يلا الى الخلف بسرعة.,1
رجاءً ارجع شوي لورا لبرا.,1
رجاءً ارجع شوي لورا لبرا. هلق,1
رجاءً ارجع شوي لورا لبرا.,1
رجاءً ارجع شوي لورا لبرا. بسرعة,1
لو سمحت خطوة لورا بهدوء.,1
لو سمحت خطوة لورا بهدوء. هلق,1
لو سمحت خطوة لورا بهدوء.,1
لو سمحت خطوة لورا بهدوء. بسرعة,1
لو سمحت خطوة لورا بهدوء. يلا,1
لو سمحت خطوة لورا بهدوء. من فضلك,1
رجاءً تحرك لورا لبرا.,1
رجاءً تحرك للخلف لبرا. يلا,1
رجاءً امش لورا لبرا.,1
رجاءً تراجع لبرا. هلق,1
رجاءً الى الخلف لبرا. هلق,1
رجاءً الى الخلف لبرا.,1
رجاءً امش لورا لبرا. يلا,1
رجاءً الى الخلف لبرا. بسرعة,1
رجاءً تحرك للخلف لبرا.,1
رجاءً تحرك لورا لبرا.,1
رجاءً ارجع لبرا. هلق,1
رجاءً ارجع لبرا.,1
يلا تحرك لورا متل ما بدّي.,1
يلا امش لورا متل ما بدّي.,1
يلا تحرك للخلف متل ما بدّي. هلق,1
يلا ارجع متل ما بدّي. بسرعة,1
يلا الى الخلف متل ما بدّي.,1
يلا ارجع متل ما بدّي. من فضلك,1
يلا تراجع متل ما بدّي.,1
يلا تحرك لورا متل ما بدّي. بسرعة,1
يلا تراجع متل ما بدّي. يلا,1
يلا تحرك لورا متل ما بدّي. هلق,1
يلا تحرك لورا متل ما بدّي.,1
يلا ارجع متل ما بدّي.,1
يلا تحرك للخلف متل ما بدّي.,1
لو سمحت ارجع للخلف هلق.,1
لو سمحت ارجع للخلف هلق.,1
لو سمحت ارجع للخلف هلق. من فضلك,1
لو سمحت ارجع للخلف هلق. هلق,1
لو سمحت ارجع للخلف هلق. بسرعة,1
يلا ارجع شوي لورا بسرعة.,1
يلا ارجع شوي لورا بسرعة. بسرعة,1
يلا ارجع شوي لورا بسرعة.,1
يلا ارجع شوي لورا بسرعة. هلق,1
يلا ارجع شوي لورا بسرعة. يلا,1
رجاءً تحرك لورا هلق.,1
رجاءً امش لورا هلق. من فضلك,1
رجاءً امش لورا هلق.,1
رجاءً تراجع هلق. هلق,1
رجاءً الى الخلف هلق. يلا,1
رجاءً تحرك للخلف هلق.,1
رجاءً الى الخلف هلق.,1
رجاءً ارجع هلق.,1
رجاءً تحرك لورا هلق.,1
رجاءً ارجع للخلف بهدوء.,1
رجاءً ارجع للخلف بهدوء. يلا,1
رجاءً ارجع للخلف بهدوء. هلق,1
رجاءً ارجع للخلف بهدوء. بسرعة,1
رجاءً ارجع للخلف بهدوء. من فضلك,1
رجاءً ارجع للخلف بهدوء.,1
يا روبوت ارجع شوي لورا لبرا.,1
يا روبوت ارجع شوي لورا لبرا. من فضلك,1
يا روبوت ارجع شوي لورا لبرا.,1
يا روبوت ارجع شوي لورا لبرا. هلق,1
لو سمحت خطوة لورا لبرا.,1
لو سمحت خطوة لورا لبرا. من فضلك,1
لو سمحت خطوة لورا لبرا.,1
لو سمحت خطوة لورا لبرا. هلق,1
لو سمحت خطوة لورا لبرا. يلا,1
لو سمحت ارجع للخلف بسرعة.,1
لو سمحت ارجع للخلف بسرعة. يلا,1
لو سمحت ارجع للخلف بسرعة.,1
لو سمحت ارجع للخلف بسرعة. هلق,1
لو سمحت ارجع للخلف بسرعة. من فضلك,1
لو سمحت ارجع للخلف بسرعة. بسرعة,1
يا روبوت ارجع شوي لورا بهدوء.,1
يا روبوت ارجع شوي لورا بهدوء. يلا,1
يا روبوت ارجع شوي لورا بهدوء.,1
يا روبوت ارجع شوي لورا بهدوء. من فضلك,1
يا روبوت ارجع شوي لورا بهدوء. بسرعة,1
يا روبوت ارجع شوي لورا بهدوء. هلق,1
يا روبوت تحرك لورا هلق.,1
يا روبوت تحرك لورا هلق. من فضلك,1
يا روبوت امش لورا هلق.,1
يا روبوت تحرك للخلف هلق.,1
يا روبوت ارجع هلق. من فضلك,1
يا روبوت ارجع هلق.,1
يا روبوت تراجع هلق.,1
يا روبوت تحرك للخلف هلق. يلا,1
يا روبوت تحرك لورا هلق.,1
يا روبوت تراجع هلق. من فضلك,1
يا روبوت ارجع هلق. بسرعة,1
يا روبوت الى الخلف هلق.,1
يا روبوت تحرك لورا لبرا.,1
يا روبوت الى الخلف لبرا. من فضلك,1
يا روبوت تحرك لورا لبرا.,1
يا روبوت ارجع لبرا.,1
يا روبوت الى الخلف لبرا.,1
يا روبوت امش لورا لبرا. من فضلك,1
يا روبوت تراجع لبرا. هلق,1
يا روبوت تراجع لبرا.,1
يا روبوت امش لورا لبرا. بسرعة,1
يا روبوت ارجع لبرا. يلا,1
يا روبوت امش لورا لبرا.,1
يا روبوت تحرك للخلف لبرا.,1
يلا ارجع للخلف بسرعة.,1
يلا ارجع للخلف بسرعة. هلق,1
يلا ارجع للخلف بسرعة.,1
يلا ارجع للخلف بسرعة. يلا,1
يلا ارجع للخلف بسرعة. من فضلك,1
يلا ارجع للخلف بسرعة. بسرعة,1
يا روبوت تحرك لورا بهدوء.,1
يا روبوت امش لورا بهدوء.,1
يا روبوت تراجع بهدوء. بسرعة,1
يا روبوت الى الخلف بهدوء. يلا,1
يا روبوت الى الخلف بهدوء.,1
يا روبوت تحرك لورا بهدوء. هلق,1
يا روبوت تحرك للخلف بهدوء. بسرعة,1
يا روبوت ارجع بهدوء.,1
يا روبوت تراجع بهدوء. هلق,1
يا روبوت تحرك للخلف بهدوء. هلق,1
يا روبوت تحرك للخلف بهدوء.,1
يا روبوت تحرك لورا بهدوء.,1
يا روبوت تراجع بهدوء.,1
يا روبوت امش لورا بهدوء. يلا,1
يا روبوت ارجع بهدوء. يلا,1
لو سمحت ارجع شوي لورا متل ما بدّي.,1
لو سمحت ارجع شوي لورا متل ما بدّي.,1
لو سمحت ارجع شوي لورا متل ما بدّي. هلق,1
لو سمحت ارجع شوي لورا متل ما بدّي. يلا,1
لو سمحت ارجع شوي لورا متل ما بدّي. بسرعة,1
لو سمحت ارجع شوي لورا متل ما بدّي. من فضلك,1
رجاءً تحرك لورا بهدوء.,1
رجاءً ارجع بهدوء.,1
رجاءً تحرك لورا بهدوء.,1
رجاءً ارجع بهدوء. بسرعة,1
رجاءً تحرك للخلف بهدوء. يلا,1
رجاءً الى الخلف بهدوء.,1
رجاءً تحرك للخلف بهدوء.,1
رجاءً تراجع بهدوء. يلا,1
رجاءً امش لورا بهدوء.,1
رجاءً ارجع بهدوء. يلا,1
لو سمحت ارجع شوي لورا بهدوء.,1
لو سمحت ارجع شوي لورا بهدوء. بسرعة,1
لو سمحت ارجع شوي لورا بهدوء. من فضلك,1
لو سمحت ارجع شوي لورا بهدوء.,1
لو سمحت ارجع شوي لورا بهدوء. هلق,1
لو سمحت ارجع شوي لورا بهدوء. يلا,1
Kindly look left as instructed.,2
Kindly look left as instructed.,2
Kindly look left as instructed. please,2
Kindly look left as instructed. quickly,2
Kindly look left as instructed. right away,2
Kindly look left as instructed. now,2
Please turn left when ready.,2
Please go left when ready.,2
Please head left when ready.,2
Please rotate left when ready. now,2
Please rotate left when ready.,2
Please shift left when ready.,2
Please head left when ready. quickly,2
Please turn to the left when ready. now,2
Please rotate left when ready. right away,2
Please turn left when ready.,2
Please move left when ready.,2
Kindly rotate slightly left when ready.,2
Kindly rotate slightly left when ready. quickly,2
Kindly rotate slightly left when ready.,2
Kindly rotate slightly left when ready. now,2
Kindly rotate slightly left when ready. right away,2
Kindly shift to your left gently.,2
Kindly shift to your left gently. right away,2
Kindly shift to your left gently.,2
Kindly shift to your left gently. please,2
Kindly shift to your left gently. quickly,2
Please angle left immediately.,2
Please angle left immediately. quickly,2
Please angle left immediately. now,2
Please angle left immediately.,2
Please angle left immediately. please,2
Could you angle left gently.,2
Could you angle left gently. quickly,2
Could you angle left gently. please,2
Could you angle left gently. now,2
Could you angle left gently.,2
Please rotate slightly left gently.,2
Please rotate slightly left gently.,2
Please rotate slightly left gently. quickly,2
Please rotate slightly left gently. right away,2
Please rotate slightly left gently. now,2
Please rotate slightly left gently. please,2
"Robot, rotate slightly left when ready.",2
"Robot, rotate slightly left when ready. right away",2
"Robot, rotate slightly left when ready. please",2
"Robot, rotate slightly left when ready.",2
"Robot, shift to your left when ready.",2
"Robot, shift to your left when ready. quickly",2
"Robot, shift to your left when ready.",2
"Robot, shift to your left when ready. now",2
"Robot, shift to your left when ready. please",2
"Robot, shift to your left when ready. right away",2
Could you turn left when ready.,2
Could you turn to the left when ready.,2
Could you shift left when ready. please,2
Could you turn left when ready. quickly,2
Could you move left when ready. now,2
Could you head left when ready.,2
Could you shift left when ready.,2
Could you go left when ready.,2
Could you move left when ready.,2
Could you rotate left when ready. right away,2
Could you rotate left when ready.,2
Could you turn left when ready.,2
Kindly angle left gently.,2
Kindly angle left gently. now,2
Kindly angle left gently.,2
Kindly angle left gently. quickly,2
Kindly angle left gently. please,2
Please angle left gently.,2
Please angle left gently. please,2
Please angle left gently. now,2
Please angle left gently.,2
Please angle left gently. quickly,2
Please angle left gently. right away,2
Please shift to your left gently.,2
Please shift to your left gently. now,2
Please shift to your left gently.,2
Please shift to your left gently. quickly,2
Please shift to your left gently. right away,2
Please shift to your left gently. please,2
I want you to angle left a little bit.,2
I want you to angle left a little bit. please,2
I want you to angle left a little bit. quickly,2
I want you to angle left a little bit. now,2
I want you to angle left a little bit.,2
I want you to angle left a little bit. right away,2
Please shift to your left a little bit.,2
Please shift to your left a little bit. now,2
Please shift to your left a little bit. please,2
Please shift to your left a little bit.,2
Please shift to your left a little bit. quickly,2
"Robot, rotate slightly left immediately.",2
"Robot, rotate slightly left immediately.",2
"Robot, rotate slightly left immediately. now",2
"Robot, rotate slightly left immediately. please",2
"Robot, rotate slightly left immediately. right away",2
"Robot, rotate slightly left immediately. quickly",2
"Robot, rotate slightly left a little bit.",2
"Robot, rotate slightly left a little bit.",2
"Robot, rotate slightly left a little bit. please",2
"Robot, rotate slightly left a little bit. now",2
"Robot, rotate slightly left a little bit. quickly",2
I want you to look left a little bit.,2
I want you to look left a little bit. now,2
I want you to look left a little bit. right away,2
I want you to look left a little bit.,2
I want you to look left a little bit. quickly,2
Kindly shift to your left immediately.,2
Kindly shift to your left immediately. right away,2
Kindly shift to your left immediately.,2
Kindly shift to your left immediately. now,2
Kindly shift to your left immediately. quickly,2
Kindly shift to your left immediately. please,2
Kindly shift to your left when ready.,2
Kindly shift to your left when ready. please,2
Kindly shift to your left when ready. now,2
Kindly shift to your left when ready. right away,2
Kindly shift to your left when ready.,2
Could you turn left a little bit.,2
Could you head left a little bit.,2
Could you turn left a little bit. now,2
Could you shift left a little bit. quickly,2
Could you turn to the left a little bit.,2
Could you rotate left a little bit. quickly,2
Could you turn left a little bit.,2
Could you move left a little bit.,2
Could you rotate left a little bit.,2
Could you shift left a little bit.,2
Could you go left a little bit. quickly,2
Could you shift left a little bit. right away,2
Could you go left a little bit.,2
"Robot, shift to your left immediately.",2
"Robot, shift to your left immediately. please",2
"Robot, shift to your left immediately.",2
"Robot, shift to your left immediately. quickly",2
"Robot, shift to your left immediately. right away",2
"Robot, shift to your left immediately. now",2
I want you to shift to your left immediately.,2
I want you to shift to your left immediately. please,2
I want you to shift to your left immediately.,2
I want you to shift to your left immediately. quickly,2
I want you to shift to your left immediately. now,2
"Robot, angle left as instructed.",2
"Robot, angle left as instructed. now",2
"Robot, angle left as instructed. quickly",2
"Robot, angle left as instructed.",2
Please rotate slightly left immediately.,2
Please rotate slightly left immediately. now,2
Please rotate slightly left immediately. please,2
Please rotate slightly left immediately. right away,2
Please rotate slightly left immediately.,2
Please rotate slightly left immediately. quickly,2
Could you turn left gently.,2
Could you move left gently.,2
Could you turn left gently.,2
Could you head left gently. quickly,2
Could you turn to the left gently.,2
Could you head left gently.,2
Could you shift left gently.,2
Could you go left gently.,2
Could you rotate left gently. quickly,2
Could you rotate left gently.,2
Could you rotate left gently. now,2
"Robot, angle left when ready.",2
"Robot, angle left when ready.",2
"Robot, angle left when ready. please",2
"Robot, angle left when ready. right away",2
"Robot, angle left when ready. quickly",2
"Robot, look left a little bit.",2
"Robot, look left a little bit. now",2
"Robot, look left a little bit.",2
"Robot, look left a little bit. right away",2
I want you to rotate slightly left as instructed.,2
I want you to rotate slightly left as instructed. quickly,2
I want you to rotate slightly left as instructed. please,2
I want you to rotate slightly left as instructed. right away,2
I want you to rotate slightly left as instructed.,2
Could you rotate slightly left when ready.,2
Could you rotate slightly left when ready. now,2
Could you rotate slightly left when ready. please,2
Could you rotate slightly left when ready. right away,2
Could you rotate slightly left when ready.,2
Could you rotate slightly left when ready. quickly,2
Please turn left as instructed.,2
Please go left as instructed.,2
Please turn to the left as instructed. please,2
Please head left as instructed. please,2
Please turn left as instructed. please,2
Please shift left as instructed. quickly,2
Please turn to the left as instructed.,2
Please rotate left as instructed.,2
Please head left as instructed.,2
Please turn left as instructed. right away,2
Please shift left as instructed.,2
Please move left as instructed. now,2
Please go left as instructed. now,2
Please turn left as instructed. quickly,2
Please turn left as instructed.,2
I want you to rotate slightly left when ready.,2
I want you to rotate slightly left when ready. quickly,2
I want you to rotate slightly left when ready. right away,2
I want you to rotate slightly left when ready. now,2
I want you to rotate slightly left when ready.,2
"Robot, shift to your left as instructed.",2
"Robot, shift to your left as instructed. quickly",2
"Robot, shift to your left as instructed. now",2
"Robot, shift to your left as instructed.",2
"Robot, shift to your left as instructed. please",2
"Robot, shift to your left as instructed. right away",2
Could you angle left when ready.,2
Could you angle left when ready. quickly,2
Could you angle left when ready. right away,2
Could you angle left when ready.,2
Please angle left a little bit.,2
Please angle left a little bit. now,2
Please angle left a little bit. please,2
Please angle left a little bit. right away,2
Please angle left a little bit. quickly,2
Please angle left a little bit.,2
Kindly rotate slightly left gently.,2
Kindly rotate slightly left gently. please,2
Kindly rotate slightly left gently. quickly,2
Kindly rotate slightly left gently.,2
Kindly rotate slightly left gently. right away,2
Kindly rotate slightly left gently. now,2
"Robot, angle left immediately.",2
"Robot, angle left immediately.",2
"Robot, angle left immediately. right away",2
"Robot, angle left immediately. now",2
"Robot, angle left immediately. quickly",2
"Robot, angle left immediately. please",2
Could you rotate slightly left a little bit.,2
Could you rotate slightly left a little bit. quickly,2
Could you rotate slightly left a little bit.,2
Could you rotate slightly left a little bit. right away,2
Could you rotate slightly left a little bit. now,2
Kindly turn left immediately.,2
Kindly turn left immediately.,2
Kindly shift left immediately. now,2
Kindly rotate left immediately.,2
Kindly rotate left immediately. now,2
Kindly move left immediately.,2
Kindly turn to the left immediately.,2
Kindly turn left immediately. right away,2
Kindly shift left immediately.,2
Kindly go left immediately.,2
Kindly turn left immediately. please,2
Kindly head left immediately.,2
I want you to rotate slightly left immediately.,2
I want you to rotate slightly left immediately.,2
I want you to rotate slightly left immediately. now,2
I want you to rotate slightly left immediately. quickly,2
I want you to rotate slightly left immediately. right away,2
I want you to rotate slightly left immediately. please,2
I want you to look left when ready.,2
I want you to look left when ready. quickly,2
I want you to look left when ready. right away,2
I want you to look left when ready. now,2
I want you to look left when ready.,2
I want you to look left when ready. please,2
"Robot, look left as instructed.",2
"Robot, look left as instructed. now",2
"Robot, look left as instructed.",2
"Robot, look left as instructed. please",2
"Robot, look left as instructed. quickly",2
Kindly turn left when ready.,2
Kindly shift left when ready. right away,2
Kindly move left when ready.,2
Kindly head left when ready.,2
Kindly go left when ready.,2
Kindly shift left when ready.,2
Kindly turn left when ready.,2
Kindly turn to the left when ready.,2
Kindly rotate left when ready. right away,2
Kindly rotate left when ready.,2
Kindly rotate left when ready. please,2
I want you to look left gently.,2
I want you to look left gently. now,2
I want you to look left gently. please,2
I want you to look left gently. quickly,2
I want you to look left gently.,2
Could you rotate slightly left immediately.,2
Could you rotate slightly left immediately. right away,2
Could you rotate slightly left immediately.,2
Could you rotate slightly left immediately. now,2
I want you to turn left as instructed.,2
I want you to shift left as instructed. quickly,2
I want you to move left as instructed.,2
I want you to turn to the left as instructed.,2
I want you to go left as instructed. now,2
I want you to shift left as instructed.,2
I want you to shift left as instructed. right away,2
I want you to turn left as instructed.,2
I want you to rotate left as instructed. now,2
I want you to turn left as instructed. quickly,2
I want you to turn left as instructed. now,2
I want you to go left as instructed. quickly,2
I want you to shift left as instructed. please,2
I want you to turn to the left as instructed. now,2
"Robot, turn left immediately.",2
"Robot, rotate left immediately.",2
"Robot, turn left immediately. now",2
"Robot, head left immediately.",2
"Robot, head left immediately. please",2
"Robot, turn to the left immediately.",2
"Robot, move left immediately.",2
"Robot, shift left immediately. now",2
"Robot, shift left immediately.",2
"Robot, move left immediately. right away",2
"Robot, turn left immediately. please",2
"Robot, move left immediately. now",2
I want you to turn left gently.,2
I want you to rotate left gently.,2
I want you to turn left gently.,2
I want you to head left gently.,2
I want you to turn left gently. right away,2
I want you to rotate left gently. now,2
I want you to move left gently.,2
I want you to move left gently. right away,2
I want you to go left gently.,2
I want you to move left gently. now,2
I want you to shift left gently. now,2
I want you to turn left gently. now,2
I want you to turn to the left gently.,2
I want you to head left gently. right away,2
Please shift to your left as instructed.,2
Please shift to your left as instructed. quickly,2
Please shift to your left as instructed. please,2
Please shift to your left as instructed.,2
Kindly shift to your left as instructed.,2
Kindly shift to your left as instructed. please,2
Kindly shift to your left as instructed.,2
Kindly shift to your left as instructed. right away,2
Kindly shift to your left as instructed. quickly,2
I want you to shift to your left as instructed.,2
I want you to shift to your left as instructed. now,2
I want you to shift to your left as instructed.,2
I want you to shift to your left as instructed. please,2
I want you to shift to your left as instructed. quickly,2
Could you angle left immediately.,2
Could you angle left immediately. quickly,2
Could you angle left immediately. please,2
Could you angle left immediately. now,2
Could you angle left immediately.,2
Could you angle left immediately. right away,2
I want you to rotate slightly left a little bit.,2
I want you to rotate slightly left a little bit. please,2
I want you to rotate slightly left a little bit. now,2
I want you to rotate slightly left a little bit. right away,2
I want you to rotate slightly left a little bit.,2
Please turn left a little bit.,2
Please turn to the left a little bit. right away,2
Please turn left a little bit.,2
Please head left a little bit.,2
Please turn left a little bit. right away,2
Please move left a little bit.,2
Please turn to the left a little bit.,2
Please go left a little bit. now,2
Please rotate left a little bit. quickly,2
Please go left a little bit.,2
Please rotate left a little bit.,2
Please look left gently.,2
Please look left gently. right away,2
Please look left gently. now,2
Please look left gently. please,2
Please look left gently.,2
Kindly turn left as instructed.,2
Kindly turn to the left as instructed. please,2
Kindly turn to the left as instructed.,2
Kindly go left as instructed.,2
Kindly turn left as instructed. right away,2
Kindly head left as instructed.,2
Kindly go left as instructed. quickly,2
Kindly shift left as instructed.,2
Kindly turn left as instructed. now,2
Kindly move left as instructed.,2
Kindly turn left as instructed.,2
Kindly rotate left as instructed. right away,2
Kindly rotate left as instructed.,2
Kindly head left as instructed. please,2
Kindly turn left a little bit.,2
Kindly rotate left a little bit.,2
Kindly go left a little bit. right away,2
Kindly go left a little bit.,2
Kindly head left a little bit.,2
Kindly turn left a little bit. right away,2
Kindly turn left a little bit. please,2
Kindly shift left a little bit.,2
Kindly turn left a little bit. quickly,2
Kindly turn left a little bit.,2
Kindly go left a little bit. please,2
Kindly rotate left a little bit. right away,2
Kindly move left a little bit.,2
Kindly head left a little bit. quickly,2
Kindly turn to the left a little bit.,2
"Robot, turn left gently.",2
"Robot, turn left gently.",2
"Robot, turn left gently. quickly",2
"Robot, rotate left gently. now",2
"Robot, move left gently.",2
"Robot, turn to the left gently.",2
"Robot, rotate left gently.",2
"Robot, head left gently.",2
"Robot, go left gently.",2
"Robot, shift left gently.",2
"Robot, shift to your left a little bit.",2
"Robot, shift to your left a little bit. now",2
"Robot, shift to your left a little bit.",2
"Robot, shift to your left a little bit. right away",2
"Robot, shift to your left a little bit. please",2
Please shift to your left immediately.,2
Please shift to your left immediately.,2
Please shift to your left immediately. quickly,2
Please shift to your left immediately. right away,2
Please shift to your left immediately. now,2
Please shift to your left immediately. please,2
Please rotate slightly left a little bit.,2
Please rotate slightly left a little bit. now,2
Please rotate slightly left a little bit. right away,2
Please rotate slightly left a little bit.,2
Please rotate slightly left a little bit. please,2
Could you look left when ready.,2
Could you look left when ready.,2
Could you look left when ready. now,2
Could you look left when ready. quickly,2
Could you look left when ready. please,2
I want you to rotate slightly left gently.,2
I want you to rotate slightly left gently.,2
I want you to rotate slightly left gently. quickly,2
I want you to rotate slightly left gently. please,2
I want you to rotate slightly left gently. now,2
Kindly angle left a little bit.,2
Kindly angle left a little bit. please,2
Kindly angle left a little bit. right away,2
Kindly angle left a little bit.,2
Kindly angle left a little bit. now,2
I want you to turn left a little bit.,2
I want you to rotate left a little bit. now,2
I want you to go left a little bit.,2
I want you to shift left a little bit.,2
I want you to shift left a little bit. now,2
I want you to rotate left a little bit.,2
I want you to shift left a little bit. please,2
I want you to turn left a little bit.,2
I want you to turn to the left a little bit.,2
I want you to move left a little bit. please,2
I want you to move left a little bit.,2
Please turn left immediately.,2
Please move left immediately. right away,2
Please go left immediately.,2
Please turn to the left immediately. quickly,2
Please turn to the left immediately.,2
Please head left immediately. right away,2
Please shift left immediately.,2
Please move left immediately.,2
Please turn left immediately.,2
Please rotate left immediately.,2
Could you look left a little bit.,2
Could you look left a little bit. quickly,2
Could you look left a little bit. right away,2
Could you look left a little bit. now,2
Could you look left a little bit.,2
I want you to shift to your left a little bit.,2
I want you to shift to your left a little bit. now,2
I want you to shift to your left a little bit.,2
I want you to shift to your left a little bit. right away,2
I want you to look left as instructed.,2
I want you to look left as instructed. now,2
I want you to look left as instructed.,2
I want you to look left as instructed. quickly,2
I want you to look left as instructed. please,2
Could you look left as instructed.,2
Could you look left as instructed. please,2
Could you look left as instructed. now,2
Could you look left as instructed. right away,2
Could you look left as instructed. quickly,2
Could you look left as instructed.,2
Kindly look left immediately.,2
Kindly look left immediately. quickly,2
Kindly look left immediately. right away,2
Kindly look left immediately. please,2
Kindly look left immediately.,2
Kindly look left immediately. now,2
I want you to shift to your left when ready.,2
I want you to shift to your left when ready. quickly,2
I want you to shift to your left when ready.,2
I want you to shift to your left when ready. now,2
"Robot, look left immediately.",2
"Robot, look left immediately. right away",2
"Robot, look left immediately. now",2
"Robot, look left immediately. quickly",2
"Robot, look left immediately. please",2
"Robot, look left immediately.",2
I want you to angle left gently.,2
I want you to angle left gently. right away,2
I want you to angle left gently. now,2
I want you to angle left gently. please,2
I want you to angle left gently.,2
I want you to angle left as instructed.,2
I want you to angle left as instructed. please,2
I want you to angle left as instructed. now,2
I want you to angle left as instructed. quickly,2
I want you to angle left as instructed. right away,2
I want you to angle left as instructed.,2
Could you rotate slightly left as instructed.,2
Could you rotate slightly left as instructed. please,2
Could you rotate slightly left as instructed.,2
Could you rotate slightly left as instructed. quickly,2
Could you rotate slightly left as instructed. right away,2
Could you rotate slightly left as instructed. now,2
Please look left when ready.,2
Please look left when ready. quickly,2
Please look left when ready.,2
Please look left when ready. right away,2
Please look left when ready. now,2
Please look left when ready. please,2
"Robot, angle left gently.",2
"Robot, angle left gently.",2
"Robot, angle left gently. right away",2
"Robot, angle left gently. now",2
"Robot, angle left gently. please",2
"Robot, angle left gently. quickly",2
Could you shift to your left as instructed.,2
Could you shift to your left as instructed. now,2
Could you shift to your left as instructed.,2
Could you shift to your left as instructed. quickly,2
Could you shift to your left as instructed. please,2
Could you shift to your left as instructed. right away,2
Could you look left gently.,2
Could you look left gently. please,2
Could you look left gently.,2
Could you look left gently. quickly,2
"Robot, rotate slightly left gently.",2
"Robot, rotate slightly left gently. please",2
"Robot, rotate slightly left gently.",2
"Robot, rotate slightly left gently. quickly",2
"Robot, rotate slightly left gently. now",2
Could you angle left as instructed.,2
Could you angle left as instructed. now,2
Could you angle left as instructed. right away,2
Could you angle left as instructed. quickly,2
Could you angle left as instructed.,2
I want you to angle left immediately.,2
I want you to angle left immediately. please,2
I want you to angle left immediately.,2
"Robot, look left gently.",2
"Robot, look left gently.",2
"Robot, look left gently. now",2
"Robot, look left gently. please",2
"Robot, look left gently. quickly",2
"Robot, look left gently. right away",2
Kindly angle left when ready.,2
Kindly angle left when ready.,2
Kindly angle left when ready. quickly,2
Kindly angle left when ready. please,2
Kindly angle left when ready. now,2
Could you turn left as instructed.,2
Could you turn left as instructed.,2
Could you rotate left as instructed.,2
Could you shift left as instructed.,2
Could you turn left as instructed. now,2
Could you turn left as instructed. please,2
Could you move left as instructed. now,2
Could you go left as instructed.,2
Could you move left as instructed.,2
Could you turn to the left as instructed.,2
Could you head left as instructed.,2
Could you look left immediately.,2
Could you look left immediately.,2
Could you look left immediately. please,2
Could you look left immediately. right away,2
I want you to look left immediately.,2
I want you to look left immediately.,2
I want you to look left immediately. right away,2
I want you to look left immediately. now,2
I want you to look left immediately. quickly,2
Could you shift to your left a little bit.,2
Could you shift to your left a little bit. please,2
Could you shift to your left a little bit.,2
Could you shift to your left a little bit. quickly,2
Could you shift to your left a little bit. now,2
Could you shift to your left a little bit. right away,2
Please angle left as instructed.,2
Please angle left as instructed. now,2
Please angle left as instructed.,2
Please angle left as instructed. right away,2
Please angle left as instructed. quickly,2
I want you to turn left immediately.,2
I want you to turn left immediately. quickly,2
I want you to turn left immediately.,2
I want you to move left immediately. please,2
I want you to head left immediately. quickly,2
I want you to turn to the left immediately. right away,2
I want you to head left immediately.,2
I want you to shift left immediately.,2
I want you to rotate left immediately.,2
I want you to move left immediately. quickly,2
I want you to move left immediately.,2
I want you to head left immediately. now,2
I want you to go left immediately. please,2
"Robot, shift to your left gently.",2
"Robot, shift to your left gently. now",2
"Robot, shift to your left gently. quickly",2
"Robot, shift to your left gently. right away",2
"Robot, shift to your left gently.",2
Please rotate slightly left as instructed.,2
Please rotate slightly left as instructed. please,2
Please rotate slightly left as instructed. right away,2
Please rotate slightly left as instructed. quickly,2
Please rotate slightly left as instructed.,2
Please rotate slightly left as instructed. now,2
Kindly shift to your left a little bit.,2
Kindly shift to your left a little bit.,2
Kindly shift to your left a little bit. now,2
Kindly shift to your left a little bit. please,2
Kindly shift to your left a little bit. right away,2
Kindly rotate slightly left as instructed.,2
Kindly rotate slightly left as instructed.,2
Kindly rotate slightly left as instructed. please,2
Kindly rotate slightly left as instructed. right away,2
Kindly rotate slightly left as instructed. now,2
Kindly rotate slightly left as instructed. quickly,2
I want you to turn left when ready.,2
I want you to head left when ready. now,2
I want you to go left when ready.,2
I want you to go left when ready. right away,2
I want you to go left when ready. quickly,2
I want you to shift left when ready.,2
I want you to head left when ready.,2
I want you to rotate left when ready.,2
I want you to turn left when ready.,2
I want you to shift left when ready. now,2
I want you to move left when ready. please,2
I want you to rotate left when ready. quickly,2
I want you to turn to the left when ready.,2
Please rotate slightly left when ready.,2
Please rotate slightly left when ready. quickly,2
Please rotate slightly left when ready.,2
Please rotate slightly left when ready. please,2
Please rotate slightly left when ready. now,2
Kindly rotate slightly left a little bit.,2
Kindly rotate slightly left a little bit. now,2
Kindly rotate slightly left a little bit. right away,2
Kindly rotate slightly left a little bit. please,2
Kindly rotate slightly left a little bit. quickly,2
Kindly rotate slightly left a little bit.,2
I want you to shift to your left gently.,2
I want you to shift to your left gently. quickly,2
I want you to shift to your left gently. right away,2
I want you to shift to your left gently. please,2
I want you to shift to your left gently. now,2
I want you to shift to your left gently.,2
Please angle left when ready.,2
Please angle left when ready. quickly,2
Please angle left when ready. please,2
Please angle left when ready. right away,2
Please angle left when ready.,2
Could you rotate slightly left gently.,2
Could you rotate slightly left gently. please,2
Could you rotate slightly left gently. right away,2
Could you rotate slightly left gently. quickly,2
Could you rotate slightly left gently. now,2
Could you rotate slightly left gently.,2
"Robot, turn left when ready.",2
"Robot, move left when ready. quickly",2
"Robot, head left when ready.",2
"Robot, turn left when ready.",2
"Robot, turn to the left when ready.",2
"Robot, move left when ready.",2
"Robot, head left when ready. right away",2
"Robot, shift left when ready.",2
"Robot, rotate left when ready. right away",2
"Robot, rotate left when ready.",2
"Robot, head left when ready. please",2
"Robot, go left when ready.",2
"Robot, look left when ready.",2
"Robot, look left when ready. right away",2
"Robot, look left when ready. now",2
"Robot, look left when ready.",2
"Robot, look left when ready. quickly",2
"Robot, look left when ready. please",2
Could you angle left a little bit.,2
Could you angle left a little bit. please,2
Could you angle left a little bit. quickly,2
Could you angle left a little bit. right away,2
Could you angle left a little bit.,2
"Robot, rotate slightly left as instructed.",2
"Robot, rotate slightly left as instructed. right away",2
"Robot, rotate slightly left as instructed.",2
"Robot, rotate slightly left as instructed. please",2
"Robot, rotate slightly left as instructed. quickly",2
"Robot, rotate slightly left as instructed. now",2
I want you to angle left when ready.,2
I want you to angle left when ready. quickly,2
I want you to angle left when ready. now,2
I want you to angle left when ready. please,2
I want you to angle left when ready.,2
"Robot, angle left a little bit.",2
"Robot, angle left a little bit. quickly",2
"Robot, angle left a little bit. please",2
"Robot, angle left a little bit. right away",2
"Robot, angle left a little bit. now",2
"Robot, angle left a little bit.",2
Could you shift to your left immediately.,2
Could you shift to your left immediately. quickly,2
Could you shift to your left immediately. right away,2
Could you shift to your left immediately.,2
Could you shift to your left immediately. now,2
Kindly angle left as instructed.,2
Kindly angle left as instructed. quickly,2
Kindly angle left as instructed.,2
Kindly angle left as instructed. right away,2
Kindly angle left as instructed. now,2
Kindly angle left as instructed. please,2
Kindly turn left gently.,2
Kindly turn left gently.,2
Kindly go left gently. quickly,2
Kindly turn to the left gently.,2
Kindly head left gently.,2
Kindly turn left gently. now,2
Kindly go left gently.,2
Kindly move left gently. right away,2
Kindly rotate left gently. right away,2
Kindly move left gently.,2
Kindly turn to the left gently. quickly,2
Kindly move left gently. please,2
Kindly move left gently. now,2
Please shift to your left when ready.,2
Please shift to your left when ready.,2
Please shift to your left when ready. now,2
Please shift to your left when ready. please,2
Could you shift to your left gently.,2
Could you shift to your left gently. now,2
Could you shift to your left gently.,2
Could you shift to your left gently. please,2
Could you shift to your left gently. right away,2
Please turn left gently.,2
Please turn left gently. please,2
Please rotate left gently. now,2
Please go left gently.,2
Please rotate left gently. right away,2
Please go left gently. now,2
Please turn left gently.,2
Please head left gently.,2
Please shift left gently.,2
Please go left gently. please,2
Please move left gently.,2
Please rotate left gently.,2
Please turn to the left gently.,2
Please head left gently. right away,2
"Robot, turn left as instructed.",2
"Robot, move left as instructed.",2
"Robot, go left as instructed.",2
"Robot, turn left as instructed.",2
"Robot, turn to the left as instructed. right away",2
"Robot, head left as instructed.",2
"Robot, turn left as instructed. please",2
"Robot, turn to the left as instructed.",2
"Robot, shift left as instructed. please",2
"Robot, rotate left as instructed. quickly",2
"Robot, shift left as instructed.",2
"Robot, turn to the left as instructed. please",2
"Robot, turn left as instructed. quickly",2
"Robot, shift left as instructed. quickly",2
"Robot, turn left as instructed. right away",2
"Robot, move left as instructed. now",2
Kindly look left a little bit.,2
Kindly look left a little bit. please,2
Kindly look left a little bit. quickly,2
Kindly look left a little bit.,2
Kindly look left a little bit. now,2
"Robot, turn left a little bit.",2
"Robot, turn left a little bit.",2
"Robot, go left a little bit.",2
"Robot, turn to the left a little bit.",2
"Robot, shift left a little bit.",2
"Robot, rotate left a little bit.",2
"Robot, head left a little bit. please",2
"Robot, shift left a little bit. please",2
"Robot, head left a little bit.",2
"Robot, move left a little bit.",2
"Robot, go left a little bit. right away",2
"Robot, turn to the left a little bit. now",2
Please look left a little bit.,2
Please look left a little bit. now,2
Please look left a little bit. quickly,2
Please look left a little bit.,2
Please look left a little bit. please,2
Please look left immediately.,2
Please look left immediately. now,2
Please look left immediately. please,2
Please look left immediately.,2
Please look left immediately. quickly,2
Please look left immediately. right away,2
Kindly angle left immediately.,2
Kindly angle left immediately. now,2
Kindly angle left immediately. right away,2
Kindly angle left immediately.,2
Kindly angle left immediately. quickly,2
Could you shift to your left when ready.,2
Could you shift to your left when ready. right away,2
Could you shift to your left when ready. please,2
Could you shift to your left when ready. quickly,2
Could you shift to your left when ready.,2
Could you shift to your left when ready. now,2
Kindly look left when ready.,2
Kindly look left when ready.,2
Kindly look left when ready. right away,2
Kindly look left when ready. now,2
Kindly look left when ready. quickly,2
Kindly look left gently.,2
Kindly look left gently. please,2
Kindly look left gently. right away,2
Kindly look left gently. quickly,2
Kindly look left gently.,2
Kindly rotate slightly left immediately.,2
Kindly rotate slightly left immediately.,2
Kindly rotate slightly left immediately. please,2
Kindly rotate slightly left immediately. right away,2
Please look left as instructed.,2
Please look left as instructed. now,2
Please look left as instructed.,2
Please look left as instructed. quickly,2
Please look left as instructed. right away,2
Please look left as instructed. please,2
Could you turn left immediately.,2
Could you turn left immediately. quickly,2
Could you turn left immediately. please,2
Could you shift left immediately.,2
Could you shift left immediately. quickly,2
Could you turn left immediately.,2
Could you head left immediately. please,2
Could you move left immediately. right away,2
Could you rotate left immediately. right away,2
Could you rotate left immediately.,2
Could you move left immediately. now,2
Could you rotate left immediately. quickly,2
Could you turn to the left immediately.,2
Could you head left immediately.,2
يلا انعطف شمال على مهلك.,2
يلا انعطف شمال على مهلك.,2
يلا انعطف شمال على مهلك. من فضلك,2
يلا انعطف شمال على مهلك. يلا,2
يلا انعطف شمال على مهلك. هلق,2
ارجوك لف شمال شوي.,2
ارجوك خذ يسار شوي.,2
ارجوك روح شمال شوي. هلق,2
ارجوك خذ يسار شوي. بسرعة,2
ارجوك انعطف يسار شوي.,2
ارجوك اترك يمين وروح يسار شوي.,2
ارجوك اترك يمين وروح يسار شوي. بسرعة,2
ارجوك روح شمال شوي.,2
ارجوك لف شمال شوي.,2
ارجوك انعطف يسار شوي. هلق,2
ارجوك ميل شمال شوي.,2
ارجوك ميل شمال شوي. بسرعة,2
ارجوك ميل شمال شوي. هلق,2
ارجوك ميل شمال شوي.,2
ارجوك اتجه شمال على مهلك.,2
ارجوك اتجه شمال على مهلك. يلا,2
ارجوك اتجه شمال على مهلك. هلق,2
ارجوك اتجه شمال على مهلك. من فضلك,2
ارجوك اتجه شمال على مهلك.,2
يا روبوت لف شمال كتير.,2
يا روبوت خذ يسار كتير.,2
يا روبوت انعطف يسار كتير. من فضلك,2
يا روبوت خذ يسار كتير. هلق,2
يا روبوت اتجه يسارا كتير.,2
يا روبوت اتجه يسارا كتير. من فضلك,2
يا روبوت لف شمال كتير. يلا,2
يا روبوت روح شمال كتير.,2
يا روبوت انعطف يسار كتير.,2
يا روبوت اترك يمين وروح يسار كتير.,2
يا روبوت لف شمال كتير.,2
ارجوك انعطف شمال شوي.,2
ارجوك انعطف شمال شوي.,2
ارجوك انعطف شمال شوي. هلق,2
ارجوك انعطف شمال شوي. من فضلك,2
ارجوك انعطف شمال شوي. يلا,2
ارجوك انعطف شمال شوي. بسرعة,2
يلا لف شمال كتير.,2
يلا انعطف يسار كتير. بسرعة,2
يلا خذ يسار كتير. هلق,2
يلا خذ يسار كتير. بسرعة,2
يلا اترك يمين وروح يسار كتير. بسرعة,2
يلا خذ يسار كتير.,2
يلا انعطف يسار كتير.,2
يلا لف شمال كتير. يلا,2
يلا خذ يسار كتير. من فضلك,2
يلا خذ يسار كتير. يلا,2
يلا لف شمال كتير. من فضلك,2
يلا لف شمال كتير. هلق,2
يلا اترك يمين وروح يسار كتير. من فضلك,2
يلا لف شمال كتير.,2
يلا اتجه يسارا كتير.,2
يلا روح شمال كتير.,2
يلا انعطف شمال هلق.,2
يلا انعطف شمال هلق. من فضلك,2
يلا انعطف شمال هلق.,2
يلا انعطف شمال هلق. يلا,2
لو سمحت ميل شمال كتير.,2
لو سمحت ميل شمال كتير.,2
لو سمحت ميل شمال كتير. بسرعة,2
لو سمحت ميل شمال كتير. من فضلك,2
لو سمحت ميل شمال كتير. هلق,2
لو سمحت ميل شمال كتير. يلا,2
ارجوك لف شمال على مهلك.,2
ارجوك خذ يسار على مهلك. يلا,2
ارجوك انعطف يسار على مهلك.,2
ارجوك اترك يمين وروح يسار على مهلك. يلا,2
ارجوك لف شمال على مهلك. بسرعة,2
ارجوك روح شمال على مهلك. بسرعة,2
ارجوك روح شمال على مهلك.,2
ارجوك خذ يسار على مهلك. من فضلك,2
ارجوك خذ يسار على مهلك.,2
ارجوك اتجه يسارا على مهلك.,2
يلا انعطف شمال شوي.,2
يلا انعطف شمال شوي.,2
يلا انعطف شمال شوي. يلا,2
يلا انعطف شمال شوي. هلق,2
يلا انعطف شمال شوي. بسرعة,2
يلا انعطف شمال شوي. من فضلك,2
ارجوك ميل شمال هلق.,2
ارجوك ميل شمال هلق. هلق,2
ارجوك ميل شمال هلق. بسرعة,2
ارجوك ميل شمال هلق.,2
ارجوك ميل شمال هلق. من فضلك,2
يا روبوت لف شمال شوي.,2
يا روبوت خذ يسار شوي. بسرعة,2
يا روبوت اترك يمين وروح يسار شوي.,2
يا روبوت اتجه يسارا شوي.,2
يا روبوت لف شمال شوي. من فضلك,2
يا روبوت روح شمال شوي.,2
يا روبوت لف شمال شوي.,2
يا روبوت روح شمال شوي. هلق,2
يا روبوت انعطف يسار شوي.,2
يا روبوت خذ يسار شوي. يلا,2
يا روبوت روح شمال شوي. يلا,2
يا روبوت ميل شمال على مهلك.,2
يا روبوت ميل شمال على مهلك. يلا,2
يا روبوت ميل شمال على مهلك. بسرعة,2
يا روبوت ميل شمال على مهلك. هلق,2
يا روبوت ميل شمال على مهلك.,2
يا روبوت ميل شمال على مهلك. من فضلك,2
لو سمحت لف شمال كتير.,2
لو سمحت اترك يمين وروح يسار كتير. يلا,2
لو سمحت لف شمال كتير. من فضلك,2
لو سمحت خذ يسار كتير. يلا,2
لو سمحت انعطف يسار كتير.,2
لو سمحت اتجه يسارا كتير.,2
لو سمحت انعطف يسار كتير. بسرعة,2
لو سمحت روح شمال كتير. بسرعة,2
لو سمحت انعطف يسار كتير. يلا,2
لو سمحت لف شمال كتير. هلق,2
لو سمحت روح شمال كتير.,2
لو سمحت خذ يسار كتير.,2
لو سمحت اتجه يسارا كتير. هلق,2
لو سمحت لف شمال كتير.,2
ارجوك لف شمال هلق.,2
ارجوك اتجه يسارا هلق. يلا,2
ارجوك خذ يسار هلق.,2
ارجوك اتجه يسارا هلق.,2
ارجوك انعطف يسار هلق.,2
ارجوك اترك يمين وروح يسار هلق.,2
ارجوك لف شمال هلق. من فضلك,2
ارجوك روح شمال هلق. هلق,2
ارجوك لف شمال هلق. بسرعة,2
ارجوك روح شمال هلق.,2
ارجوك روح شمال هلق. يلا,2
ارجوك لف شمال هلق.,2
لو سمحت ميل شمال هلق.,2
لو سمحت ميل شمال هلق. بسرعة,2
لو سمحت ميل شمال هلق. هلق,2
لو سمحت ميل شمال هلق. يلا,2
لو سمحت ميل شمال هلق. من فضلك,2
لو سمحت ميل شمال هلق.,2
لو سمحت اتجه شمال شوي.,2
لو سمحت اتجه شمال شوي. يلا,2
لو سمحت اتجه شمال شوي. من فضلك,2
لو سمحت اتجه شمال شوي. بسرعة,2
لو سمحت اتجه شمال شوي.,2
ارجوك انعطف شمال كتير.,2
ارجوك انعطف شمال كتير. هلق,2
ارجوك انعطف شمال كتير. بسرعة,2
ارجوك انعطف شمال كتير. من فضلك,2
ارجوك انعطف شمال كتير. يلا,2
ارجوك انعطف شمال كتير.,2
يلا ميل شمال على مهلك.,2
يلا ميل شمال على مهلك. هلق,2
يلا ميل شمال على مهلك.,2
يلا ميل شمال على مهلك. من فضلك,2
يلا ميل شمال على مهلك. بسرعة,2
يلا ميل شمال على مهلك. يلا,2
ارجوك انعطف شمال على مهلك.,2
ارجوك انعطف شمال على مهلك.,2
ارجوك انعطف شمال على مهلك. يلا,2
ارجوك انعطف شمال على مهلك. من فضلك,2
لو سمحت ميل شمال على مهلك.,2
لو سمحت ميل شمال على مهلك. بسرعة,2
لو سمحت ميل شمال على مهلك. هلق,2
لو سمحت ميل شمال على مهلك.,2
لو سمحت ميل شمال على مهلك. يلا,2
لو سمحت ميل شمال على مهلك. من فضلك,2
لو سمحت ميل شمال شوي.,2
لو سمحت ميل شمال شوي. يلا,2
لو سمحت ميل شمال شوي. هلق,2
لو سمحت ميل شمال شوي. من فضلك,2
لو سمحت ميل شمال شوي. بسرعة,2
لو سمحت ميل شمال شوي.,2
لو سمحت انعطف شمال على مهلك.,2
لو سمحت انعطف شمال على مهلك. يلا,2
لو سمحت انعطف شمال على مهلك.,2
لو سمحت انعطف شمال على مهلك. من فضلك,2
لو سمحت انعطف شمال على مهلك. هلق,2
لو سمحت انعطف شمال على مهلك. بسرعة,2
يلا اتجه شمال كتير.,2
يلا اتجه شمال كتير. من فضلك,2
يلا اتجه شمال كتير. هلق,2
يلا اتجه شمال كتير. يلا,2
يلا اتجه شمال كتير.,2
يلا اتجه شمال كتير. بسرعة,2
ارجوك ميل شمال على مهلك.,2
ارجوك ميل شمال على مهلك.,2
ارجوك ميل شمال على مهلك. يلا,2
ارجوك ميل شمال على مهلك. هلق,2
يا روبوت انعطف شمال كتير.,2
يا روبوت انعطف شمال كتير. من فضلك,2
يا روبوت انعطف شمال كتير.,2
يا روبوت انعطف شمال كتير. هلق,2
يا روبوت انعطف شمال كتير. يلا,2
لو سمحت لف شمال شوي.,2
لو سمحت اتجه يسارا شوي.,2
لو سمحت اترك يمين وروح يسار شوي.,2
لو سمحت لف شمال شوي.,2
لو سمحت روح شمال شوي.,2
لو سمحت خذ يسار شوي. يلا,2
لو سمحت انعطف يسار شوي.,2
يا روبوت ميل شمال كتير.,2
يا روبوت ميل شمال كتير. يلا,2
يا روبوت ميل شمال كتير. هلق,2
يا روبوت ميل شمال كتير. بسرعة,2
يا روبوت ميل شمال كتير.,2
ارجوك اتجه شمال كتير.,2
ارجوك اتجه شمال كتير. هلق,2
ارجوك اتجه شمال كتير. بسرعة,2
ارجوك اتجه شمال كتير. يلا,2
ارجوك اتجه شمال كتير. من فضلك,2
ارجوك اتجه شمال كتير.,2
يلا لف شمال هلق.,2
يلا خذ يسار هلق.,2
يلا اترك يمين وروح يسار هلق. بسرعة,2
يلا انعطف يسار هلق. من فضلك,2
يلا انعطف يسار هلق.,2
يلا لف شمال هلق.,2
يلا روح شمال هلق. من فضلك,2
يلا اتجه يسارا هلق.,2
يلا اترك يمين وروح يسار هلق. يلا,2
يلا روح شمال هلق.,2
يا روبوت لف شمال على مهلك.,2
يا روبوت لف شمال على مهلك. من فضلك,2
يا روبوت روح شمال على مهلك. هلق,2
يا روبوت روح شمال على مهلك. يلا,2
يا روبوت اتجه يسارا على مهلك. من فضلك,2
يا روبوت لف شمال على مهلك.,2
يا روبوت روح شمال على مهلك.,2
يا روبوت لف شمال على مهلك. بسرعة,2
يا روبوت اتجه يسارا على مهلك. هلق,2
يا روبوت اتجه يسارا على مهلك.,2
يا روبوت روح شمال على مهلك. بسرعة,2
يا روبوت انعطف يسار على مهلك.,2
يا روبوت اتجه يسارا على مهلك. يلا,2
يلا اتجه شمال على مهلك.,2
يلا اتجه شمال على مهلك. يلا,2
يلا اتجه شمال على مهلك.,2
يلا اتجه شمال على مهلك. هلق,2
يا روبوت انعطف شمال هلق.,2
يا روبوت انعطف شمال هلق. بسرعة,2
يا روبوت انعطف شمال هلق. هلق,2
يا روبوت انعطف شمال هلق.,2
يا روبوت انعطف شمال هلق. يلا,2
يا روبوت انعطف شمال شوي.,2
يا روبوت انعطف شمال شوي. بسرعة,2
يا روبوت انعطف شمال شوي. يلا,2
يا روبوت انعطف شمال شوي.,2
يا روبوت انعطف شمال شوي. من فضلك,2
يا روبوت انعطف شمال شوي. هلق,2
يا روبوت اتجه شمال كتير.,2
يا روبوت اتجه شمال كتير. هلق,2
يا روبوت اتجه شمال كتير. بسرعة,2
يا روبوت اتجه شمال كتير. من فضلك,2
يا روبوت اتجه شمال كتير.,2
يا روبوت اتجه شمال كتير. يلا,2
لو سمحت لف شمال هلق.,2
لو سمحت خذ يسار هلق. من فضلك,2
لو سمحت روح شمال هلق.,2
لو سمحت اتجه يسارا هلق.,2
لو سمحت لف شمال هلق. بسرعة,2
لو سمحت لف شمال هلق.,2
لو سمحت انعطف يسار هلق.,2
لو سمحت خذ يسار هلق.,2
لو سمحت اتجه يسارا هلق. يلا,2
لو سمحت اترك يمين وروح يسار هلق.,2
لو سمحت خذ يسار هلق. يلا,2
لو سمحت اتجه شمال على مهلك.,2
لو سمحت اتجه شمال على مهلك. بسرعة,2
لو سمحت اتجه شمال على مهلك. هلق,2
لو سمحت اتجه شمال على مهلك.,2
يلا اتجه شمال هلق.,2
يلا اتجه شمال هلق. من فضلك,2
يلا اتجه شمال هلق.,2
يلا اتجه شمال هلق. بسرعة,2
يلا اتجه شمال هلق. هلق,2
يلا اتجه شمال هلق. يلا,2
لو سمحت اتجه شمال كتير.,2
لو سمحت اتجه شمال كتير. هلق,2
لو سمحت اتجه شمال كتير.,2
لو سمحت اتجه شمال كتير. من فضلك,2
لو سمحت اتجه شمال كتير. يلا,2
يلا ميل شمال هلق.,2
يلا ميل شمال هلق. من فضلك,2
يلا ميل شمال هلق. يلا,2
يلا ميل شمال هلق. بسرعة,2
يلا ميل شمال هلق.,2
يلا لف شمال على مهلك.,2
يلا انعطف يسار على مهلك. هلق,2
يلا انعطف يسار على مهلك. يلا,2
يلا لف شمال على مهلك.,2
يلا لف شمال على مهلك. يلا,2
يلا اتجه يسارا على مهلك. يلا,2
يلا لف شمال على مهلك. بسرعة,2
يلا اترك يمين وروح يسار على مهلك.,2
يلا اتجه يسارا على مهلك.,2
يلا اتجه يسارا على مهلك. هلق,2
يلا انعطف يسار على مهلك.,2
يلا روح شمال على مهلك.,2
يلا خذ يسار على مهلك. هلق,2
يا روبوت ميل شمال هلق.,2
يا روبوت ميل شمال هلق. هلق,2
يا روبوت ميل شمال هلق. من فضلك,2
يا روبوت ميل شمال هلق.,2
يا روبوت ميل شمال هلق. بسرعة,2
يا روبوت ميل شمال هلق. يلا,2
يلا ميل شمال كتير.,2
يلا ميل شمال كتير. من فضلك,2
يلا ميل شمال كتير. بسرعة,2
يلا ميل شمال كتير. هلق,2
يلا ميل شمال كتير.,2
لو سمحت لف شمال على مهلك.,2
لو سمحت انعطف يسار على مهلك. هلق,2
لو سمحت لف شمال على مهلك.,2
لو سمحت اتجه يسارا على مهلك.,2
لو سمحت روح شمال على مهلك.,2
لو سمحت اترك يمين وروح يسار على مهلك.,2
لو سمحت خذ يسار على مهلك.,2
لو سمحت اتجه يسارا على مهلك. بسرعة,2
لو سمحت انعطف يسار على مهلك. بسرعة,2
لو سمحت انعطف يسار على مهلك.,2
لو سمحت انعطف شمال شوي.,2
لو سمحت انعطف شمال شوي. يلا,2
لو سمحت انعطف شمال شوي.,2
لو سمحت انعطف شمال شوي. بسرعة,2
لو سمحت انعطف شمال شوي. هلق,2
يلا ميل شمال شوي.,2
يلا ميل شمال شوي. بسرعة,2
يلا ميل شمال شوي. هلق,2
يلا ميل شمال شوي.,2
ارجوك لف شمال كتير.,2
ارجوك انعطف يسار كتير.,2
ارجوك اترك يمين وروح يسار كتير. يلا,2
ارجوك انعطف يسار كتير. يلا,2
ارجوك لف شمال كتير.,2
ارجوك خذ يسار كتير.,2
ارجوك اتجه يسارا كتير. هلق,2
ارجوك انعطف يسار كتير. بسرعة,2
ارجوك اتجه يسارا كتير.,2
ارجوك روح شمال كتير. من فضلك,2
ارجوك اترك يمين وروح يسار كتير.,2
يا روبوت اتجه شمال هلق.,2
يا روبوت اتجه شمال هلق. بسرعة,2
يا روبوت اتجه شمال هلق. يلا,2
يا روبوت اتجه شمال هلق.,2
يا روبوت اتجه شمال هلق. من فضلك,2
لو سمحت انعطف شمال هلق.,2
لو سمحت انعطف شمال هلق. هلق,2
لو سمحت انعطف شمال هلق.,2
لو سمحت انعطف شمال هلق. من فضلك,2
لو سمحت انعطف شمال هلق. يلا,2
يا روبوت ميل شمال شوي.,2
يا روبوت ميل شمال شوي. يلا,2
يا روبوت ميل شمال شوي.,2
يا روبوت ميل شمال شوي. من فضلك,2
يا روبوت ميل شمال شوي. بسرعة,2
يا روبوت ميل شمال شوي. هلق,2
يلا انعطف شمال كتير.,2
يلا انعطف شمال كتير.,2
يلا انعطف شمال كتير. بسرعة,2
يلا انعطف شمال كتير. من فضلك,2
ارجوك اتجه شمال هلق.,2
ارجوك اتجه شمال هلق.,2
ارجوك اتجه شمال هلق. بسرعة,2
ارجوك اتجه شمال هلق. من فضلك,2
ارجوك اتجه شمال هلق. هلق,2
لو سمحت اتجه شمال هلق.,2
لو سمحت اتجه شمال هلق. بسرعة,2
لو سمحت اتجه شمال هلق. من فضلك,2
لو سمحت اتجه شمال هلق.,2
لو سمحت اتجه شمال هلق. يلا,2
يا روبوت اتجه شمال شوي.,2
يا روبوت اتجه شمال شوي. من فضلك,2
يا روبوت اتجه شمال شوي. هلق,2
يا روبوت اتجه شمال شوي.,2
يا روبوت اتجه شمال شوي. يلا,2
يا روبوت لف شمال هلق.,2
يا روبوت لف شمال هلق. بسرعة,2
يا روبوت انعطف يسار هلق. يلا,2
يا روبوت اترك يمين وروح يسار هلق. يلا,2
يا روبوت انعطف يسار هلق.,2
يا روبوت انعطف يسار هلق. هلق,2
يا روبوت اتجه يسارا هلق. بسرعة,2
يا روبوت روح شمال هلق.,2
يا روبوت اترك يمين وروح يسار هلق.,2
يا روبوت روح شمال هلق. هلق,2
يا روبوت لف شمال هلق.,2
يا روبوت خذ يسار هلق.,2
يا روبوت روح شمال هلق. يلا,2
يا روبوت لف شمال هلق. هلق,2
لو سمحت انعطف شمال كتير.,2
لو سمحت انعطف شمال كتير. يلا,2
لو سمحت انعطف شمال كتير. من فضلك,2
لو سمحت انعطف شمال كتير.,2
لو سمحت انعطف شمال كتير. بسرعة,2
ارجوك اتجه شمال شوي.,2
ارجوك اتجه شمال شوي.,2
ارجوك اتجه شمال شوي. من فضلك,2
ارجوك اتجه شمال شوي. بسرعة,2
ارجوك اتجه شمال شوي. هلق,2
ارجوك اتجه شمال شوي. يلا,2
ارجوك ميل شمال كتير.,2
ارجوك ميل شمال كتير. من فضلك,2
ارجوك ميل شمال كتير.,2
ارجوك ميل شمال كتير. يلا,2
ارجوك ميل شمال كتير. بسرعة,2
يا روبوت اتجه شمال على مهلك.,2
يا روبوت اتجه شمال على مهلك. يلا,2
يا روبوت اتجه شمال على مهلك.,2
يا روبوت اتجه شمال على مهلك. من فضلك,2
ارجوك انعطف شمال هلق.,2
ارجوك انعطف شمال هلق. من فضلك,2
ارجوك انعطف شمال هلق. بسرعة,2
ارجوك انعطف شمال هلق. يلا,2
ارجوك انعطف شمال هلق.,2
ارجوك انعطف شمال هلق. هلق,2
يلا لف شمال شوي.,2
يلا روح شمال شوي. يلا,2
يلا روح شمال شوي.,2
يلا اتجه يسارا شوي.,2
يلا اترك يمين وروح يسار شوي. هلق,2
يلا انعطف يسار شوي.,2
يلا اتجه يسارا شوي. بسرعة,2
يلا اتجه يسارا شوي. هلق,2
يلا خذ يسار شوي. هلق,2
يلا لف شمال شوي.,2
يلا خذ يسار شوي.,2
يلا اتجه شمال شوي.,2
يلا اتجه شمال شوي. من فضلك,2
يلا اتجه شمال شوي. هلق,2
يلا اتجه شمال شوي. بسرعة,2
يلا اتجه شمال شوي. يلا,2
يلا اتجه شمال شوي.,2
يا روبوت انعطف شمال على مهلك.,2
يا روبوت انعطف شمال على مهلك.,2
يا روبوت انعطف شمال على مهلك. من فضلك,2
يا روبوت انعطف شمال على مهلك. يلا,2
يا روبوت انعطف شمال على مهلك. هلق,2
Kindly shift to your right as instructed.,3
Kindly shift to your right as instructed. please,3
Kindly shift to your right as instructed.,3
Kindly shift to your right as instructed. quickly,3
"Robot, angle right when possible.",3
"Robot, angle right when possible. please",3
"Robot, angle right when possible. now",3
"Robot, angle right when possible. quickly",3
"Robot, angle right when possible.",3
"Robot, angle right when possible. right away",3
Could you shift to your right when possible.,3
Could you shift to your right when possible. quickly,3
Could you shift to your right when possible. now,3
Could you shift to your right when possible.,3
Could you shift to your right when possible. right away,3
Could you shift to your right when possible. please,3
Kindly angle right as instructed.,3
Kindly angle right as instructed. now,3
Kindly angle right as instructed.,3
Kindly angle right as instructed. please,3
Kindly angle right as instructed. right away,3
Kindly angle right as instructed. quickly,3
Kindly rotate slightly right when possible.,3
Kindly rotate slightly right when possible. now,3
Kindly rotate slightly right when possible. please,3
Kindly rotate slightly right when possible. quickly,3
Kindly rotate slightly right when possible.,3
Kindly rotate slightly right when possible. right away,3
Could you angle right as instructed.,3
Could you angle right as instructed. please,3
Could you angle right as instructed. quickly,3
Could you angle right as instructed.,3
I want you to shift to your right a little bit.,3
I want you to shift to your right a little bit. please,3
I want you to shift to your right a little bit. right away,3
I want you to shift to your right a little bit. quickly,3
I want you to shift to your right a little bit.,3
Kindly turn right right away.,3
Kindly rotate right right away. please,3
Kindly move right right away. quickly,3
Kindly turn to the right right away.,3
Kindly go right right away.,3
Kindly turn right right away.,3
Kindly turn to the right right away. quickly,3
Kindly rotate right right away.,3
Kindly shift right right away.,3
Kindly head right right away.,3
Kindly turn right right away. quickly,3
Kindly turn right when possible.,3
Kindly rotate right when possible. now,3
Kindly turn right when possible.,3
Kindly shift right when possible.,3
Kindly go right when possible.,3
Kindly head right when possible.,3
Kindly turn to the right when possible.,3
Kindly turn to the right when possible. right away,3
Kindly move right when possible.,3
Kindly turn to the right when possible. please,3
Kindly turn right when possible. quickly,3
Kindly rotate right when possible.,3
Kindly angle right when possible.,3
Kindly angle right when possible.,3
Kindly angle right when possible. right away,3
Kindly angle right when possible. please,3
"Robot, look right gently.",3
"Robot, look right gently. quickly",3
"Robot, look right gently. please",3
"Robot, look right gently. now",3
"Robot, look right gently.",3
Could you turn right when possible.,3
Could you move right when possible.,3
Could you go right when possible. quickly,3
Could you rotate right when possible.,3
Could you shift right when possible. please,3
Could you shift right when possible. quickly,3
Could you shift right when possible.,3
Could you head right when possible.,3
Could you rotate right when possible. please,3
Could you move right when possible. please,3
Could you head right when possible. now,3
Could you turn right when possible. please,3
Could you turn right when possible.,3
Could you go right when possible.,3
"Robot, look right when possible.",3
"Robot, look right when possible. please",3
"Robot, look right when possible. right away",3
"Robot, look right when possible.",3
"Robot, look right when possible. quickly",3
"Robot, look right when possible. now",3
I want you to turn right gently.,3
I want you to turn right gently. please,3
I want you to turn to the right gently.,3
I want you to turn to the right gently. quickly,3
I want you to shift right gently.,3
I want you to turn right gently.,3
I want you to go right gently. please,3
I want you to head right gently.,3
I want you to rotate right gently.,3
I want you to move right gently. please,3
I want you to move right gently.,3
Kindly turn right a little bit.,3
Kindly shift right a little bit.,3
Kindly head right a little bit.,3
Kindly rotate right a little bit.,3
Kindly turn right a little bit. right away,3
Kindly rotate right a little bit. please,3
Kindly shift right a little bit. right away,3
Kindly turn right a little bit. please,3
Kindly rotate right a little bit. right away,3
Kindly move right a little bit.,3
Kindly turn to the right a little bit.,3
Kindly turn right a little bit.,3
Kindly go right a little bit.,3
I want you to shift to your right when possible.,3
I want you to shift to your right when possible. quickly,3
I want you to shift to your right when possible. right away,3
I want you to shift to your right when possible.,3
I want you to shift to your right when possible. now,3
Please look right a little bit.,3
Please look right a little bit.,3
Please look right a little bit. quickly,3
Please look right a little bit. right away,3
Please look right a little bit. please,3
Please look right a little bit. now,3
Could you look right when possible.,3
Could you look right when possible.,3
Could you look right when possible. please,3
Could you look right when possible. right away,3
"Robot, shift to your right as instructed.",3
"Robot, shift to your right as instructed. now",3
"Robot, shift to your right as instructed. right away",3
"Robot, shift to your right as instructed. please",3
"Robot, shift to your right as instructed. quickly",3
"Robot, shift to your right as instructed.",3
Could you look right as instructed.,3
Could you look right as instructed.,3
Could you look right as instructed. right away,3
Could you look right as instructed. please,3
Please angle right a little bit.,3
Please angle right a little bit. right away,3
Please angle right a little bit. please,3
Please angle right a little bit. now,3
Please angle right a little bit.,3
Please turn right right away.,3
Please rotate right right away.,3
Please turn right right away.,3
Please turn to the right right away.,3
Please turn to the right right away. right away,3
Please move right right away. now,3
Please shift right right away.,3
Please go right right away.,3
Please move right right away. right away,3
Please shift right right away. please,3
Please rotate right right away. right away,3
Please move right right away.,3
Please rotate slightly right right away.,3
Please rotate slightly right right away. please,3
Please rotate slightly right right away. quickly,3
Please rotate slightly right right away.,3
Please rotate slightly right right away. now,3
"Robot, shift to your right a little bit.",3
"Robot, shift to your right a little bit.",3
"Robot, shift to your right a little bit. right away",3
"Robot, shift to your right a little bit. quickly",3
"Robot, shift to your right a little bit. now",3
"Robot, shift to your right a little bit. please",3
"Robot, turn right a little bit.",3
"Robot, head right a little bit.",3
"Robot, head right a little bit. quickly",3
"Robot, shift right a little bit.",3
"Robot, turn right a little bit. right away",3
"Robot, turn to the right a little bit.",3
"Robot, turn right a little bit. please",3
"Robot, head right a little bit. now",3
"Robot, turn right a little bit. quickly",3
"Robot, shift right a little bit. now",3
"Robot, move right a little bit.",3
"Robot, rotate right a little bit.",3
Kindly shift to your right right away.,3
Kindly shift to your right right away.,3
Kindly shift to your right right away. please,3
Kindly shift to your right right away. quickly,3
Kindly shift to your right right away. right away,3
Kindly shift to your right right away. now,3
Please angle right right away.,3
Please angle right right away.,3
Please angle right right away. please,3
Please angle right right away. quickly,3
Please angle right right away. right away,3
Please angle right right away. now,3
Please angle right as instructed.,3
Please angle right as instructed. now,3
Please angle right as instructed. quickly,3
Please angle right as instructed.,3
Please angle right as instructed. right away,3
Please look right right away.,3
Please look right right away. right away,3
Please look right right away. quickly,3
Please look right right away.,3
Please look right right away. now,3
Please look right right away. please,3
Could you rotate slightly right when possible.,3
Could you rotate slightly right when possible. right away,3
Could you rotate slightly right when possible. now,3
Could you rotate slightly right when possible.,3
Kindly look right a little bit.,3
Kindly look right a little bit. right away,3
Kindly look right a little bit. please,3
Kindly look right a little bit.,3
Kindly look right a little bit. quickly,3
Could you angle right gently.,3
Could you angle right gently. right away,3
Could you angle right gently.,3
"Robot, shift to your right right away.",3
"Robot, shift to your right right away.",3
"Robot, shift to your right right away. quickly",3
"Robot, shift to your right right away. right away",3
"Robot, shift to your right right away. now",3
"Robot, shift to your right right away. please",3
Please turn right gently.,3
Please turn right gently.,3
Please shift right gently. please,3
Please go right gently.,3
Please rotate right gently. now,3
Please move right gently.,3
Please turn right gently. right away,3
Please turn to the right gently. please,3
Please head right gently.,3
Please turn to the right gently.,3
Please rotate right gently.,3
Please shift right gently.,3
Kindly look right gently.,3
Kindly look right gently. please,3
Kindly look right gently. right away,3
Kindly look right gently.,3
Please turn right as instructed.,3
Please shift right as instructed.,3
Please move right as instructed.,3
Please go right as instructed.,3
Please move right as instructed. please,3
Please head right as instructed.,3
Please rotate right as instructed.,3
Please turn right as instructed. quickly,3
Please turn right as instructed.,3
Please rotate right as instructed. right away,3
Please turn to the right as instructed.,3
Please move right as instructed. right away,3
"Robot, turn right as instructed.",3
"Robot, turn right as instructed.",3
"Robot, go right as instructed. quickly",3
"Robot, turn to the right as instructed.",3
"Robot, rotate right as instructed.",3
"Robot, shift right as instructed. now",3
"Robot, go right as instructed.",3
"Robot, move right as instructed.",3
"Robot, head right as instructed.",3
"Robot, head right as instructed. quickly",3
"Robot, rotate right as instructed. now",3
"Robot, turn right as instructed. now",3
"Robot, move right as instructed. please",3
Kindly rotate slightly right as instructed.,3
Kindly rotate slightly right as instructed.,3
Kindly rotate slightly right as instructed. please,3
Kindly rotate slightly right as instructed. now,3
Kindly rotate slightly right as instructed. right away,3
Kindly rotate slightly right as instructed. quickly,3
"Robot, angle right as instructed.",3
"Robot, angle right as instructed. please",3
"Robot, angle right as instructed. now",3
"Robot, angle right as instructed. right away",3
"Robot, angle right as instructed. quickly",3
"Robot, angle right as instructed.",3
"Robot, rotate slightly right when possible.",3
"Robot, rotate slightly right when possible.",3
"Robot, rotate slightly right when possible. please",3
"Robot, rotate slightly right when possible. right away",3
"Robot, rotate slightly right when possible. now",3
Could you rotate slightly right as instructed.,3
Could you rotate slightly right as instructed. quickly,3
Could you rotate slightly right as instructed.,3
Could you rotate slightly right as instructed. now,3
Could you rotate slightly right as instructed. right away,3
Could you rotate slightly right as instructed. please,3
Kindly shift to your right gently.,3
Kindly shift to your right gently. right away,3
Kindly shift to your right gently. quickly,3
Kindly shift to your right gently.,3
Kindly shift to your right gently. now,3
Kindly shift to your right gently. please,3
Could you angle right a little bit.,3
Could you angle right a little bit. quickly,3
Could you angle right a little bit. right away,3
Could you angle right a little bit.,3
Could you angle right a little bit. please,3
Could you angle right a little bit. now,3
Kindly rotate slightly right right away.,3
Kindly rotate slightly right right away. please,3
Kindly rotate slightly right right away. now,3
Kindly rotate slightly right right away. right away,3
Kindly rotate slightly right right away.,3
Kindly rotate slightly right right away. quickly,3
I want you to look right as instructed.,3
I want you to look right as instructed. please,3
I want you to look right as instructed. quickly,3
I want you to look right as instructed.,3
I want you to look right as instructed. right away,3
I want you to look right as instructed. now,3
Please shift to your right when possible.,3
Please shift to your right when possible. please,3
Please shift to your right when possible.,3
Please shift to your right when possible. quickly,3
Kindly look right right away.,3
Kindly look right right away. quickly,3
Kindly look right right away. now,3
Kindly look right right away.,3
Could you rotate slightly right a little bit.,3
Could you rotate slightly right a little bit. now,3
Could you rotate slightly right a little bit.,3
Could you rotate slightly right a little bit. please,3
Could you rotate slightly right a little bit. quickly,3
I want you to turn right when possible.,3
I want you to turn right when possible. now,3
I want you to shift right when possible. please,3
I want you to rotate right when possible. now,3
I want you to turn right when possible.,3
I want you to shift right when possible.,3
I want you to move right when possible.,3
I want you to turn to the right when possible.,3
I want you to head right when possible. right away,3
I want you to go right when possible. now,3
I want you to rotate right when possible.,3
I want you to shift right when possible. right away,3
I want you to head right when possible.,3
I want you to rotate right when possible. quickly,3
I want you to head right when possible. quickly,3
Kindly angle right a little bit.,3
Kindly angle right a little bit.,3
Kindly angle right a little bit. quickly,3
Kindly angle right a little bit. now,3
Kindly angle right a little bit. please,3
Please shift to your right as instructed.,3
Please shift to your right as instructed. now,3
Please shift to your right as instructed. please,3
Please shift to your right as instructed.,3
I want you to shift to your right gently.,3
I want you to shift to your right gently. right away,3
I want you to shift to your right gently.,3
I want you to shift to your right gently. quickly,3
I want you to shift to your right gently. please,3
I want you to shift to your right gently. now,3
Kindly turn right as instructed.,3
Kindly rotate right as instructed. now,3
Kindly turn to the right as instructed.,3
Kindly shift right as instructed. quickly,3
Kindly shift right as instructed.,3
Kindly go right as instructed. right away,3
Kindly turn right as instructed.,3
Kindly go right as instructed.,3
Kindly turn to the right as instructed. quickly,3
Kindly turn right as instructed. please,3
Kindly move right as instructed.,3
Kindly move right as instructed. right away,3
Could you shift to your right right away.,3
Could you shift to your right right away. now,3
Could you shift to your right right away.,3
Could you shift to your right right away. quickly,3
Could you shift to your right right away. please,3
Kindly angle right right away.,3
Kindly angle right right away. now,3
Kindly angle right right away.,3
Kindly angle right right away. quickly,3
Please angle right gently.,3
Please angle right gently. quickly,3
Please angle right gently. now,3
Please angle right gently.,3
Please angle right gently. please,3
I want you to look right right away.,3
I want you to look right right away.,3
I want you to look right right away. quickly,3
I want you to look right right away. now,3
I want you to look right right away. right away,3
Kindly look right as instructed.,3
Kindly look right as instructed.,3
Kindly look right as instructed. right away,3
Kindly look right as instructed. quickly,3
Kindly look right as instructed. now,3
"Robot, shift to your right when possible.",3
"Robot, shift to your right when possible. now",3
"Robot, shift to your right when possible. quickly",3
"Robot, shift to your right when possible. please",3
"Robot, shift to your right when possible.",3
"Robot, shift to your right when possible. right away",3
Could you shift to your right a little bit.,3
Could you shift to your right a little bit. quickly,3
Could you shift to your right a little bit. right away,3
Could you shift to your right a little bit.,3
"Robot, shift to your right gently.",3
"Robot, shift to your right gently. please",3
"Robot, shift to your right gently. right away",3
"Robot, shift to your right gently.",3
"Robot, shift to your right gently. now",3
Please shift to your right gently.,3
Please shift to your right gently. please,3
Please shift to your right gently. quickly,3
Please shift to your right gently. right away,3
Please shift to your right gently.,3
Please turn right a little bit.,3
Please turn to the right a little bit.,3
Please shift right a little bit.,3
Please go right a little bit. please,3
Please move right a little bit. now,3
Please go right a little bit. now,3
Please rotate right a little bit.,3
Please turn right a little bit.,3
Please shift right a little bit. now,3
Please turn right a little bit. now,3
Please head right a little bit. right away,3
Please head right a little bit.,3
Please move right a little bit.,3
Please shift to your right right away.,3
Please shift to your right right away.,3
Please shift to your right right away. now,3
Please shift to your right right away. right away,3
Please shift to your right right away. please,3
Please shift to your right right away. quickly,3
Kindly shift to your right a little bit.,3
Kindly shift to your right a little bit. quickly,3
Kindly shift to your right a little bit.,3
Kindly shift to your right a little bit. now,3
Kindly shift to your right a little bit. right away,3
Please rotate slightly right gently.,3
Please rotate slightly right gently. now,3
Please rotate slightly right gently. please,3
Please rotate slightly right gently.,3
Please rotate slightly right gently. right away,3
Please rotate slightly right gently. quickly,3
"Robot, angle right a little bit.",3
"Robot, angle right a little bit. right away",3
"Robot, angle right a little bit. quickly",3
"Robot, angle right a little bit.",3
"Robot, angle right a little bit. now",3
"Robot, angle right a little bit. please",3
"Robot, rotate slightly right a little bit.",3
"Robot, rotate slightly right a little bit.",3
"Robot, rotate slightly right a little bit. right away",3
"Robot, rotate slightly right a little bit. now",3
"Robot, angle right gently.",3
"Robot, angle right gently. right away",3
"Robot, angle right gently. now",3
"Robot, angle right gently.",3
"Robot, look right as instructed.",3
"Robot, look right as instructed. please",3
"Robot, look right as instructed. now",3
"Robot, look right as instructed.",3
I want you to rotate slightly right as instructed.,3
I want you to rotate slightly right as instructed. please,3
I want you to rotate slightly right as instructed.,3
I want you to rotate slightly right as instructed. now,3
I want you to rotate slightly right as instructed. quickly,3
I want you to rotate slightly right as instructed. right away,3
Could you shift to your right gently.,3
Could you shift to your right gently. right away,3
Could you shift to your right gently. please,3
Could you shift to your right gently. quickly,3
Could you shift to your right gently.,3
Please look right as instructed.,3
Please look right as instructed. quickly,3
Please look right as instructed. now,3
Please look right as instructed. right away,3
Please look right as instructed. please,3
Please look right as instructed.,3
"Robot, rotate slightly right right away.",3
"Robot, rotate slightly right right away. right away",3
"Robot, rotate slightly right right away. quickly",3
"Robot, rotate slightly right right away.",3
"Robot, rotate slightly right right away. now",3
Could you turn right a little bit.,3
Could you turn to the right a little bit. quickly,3
Could you shift right a little bit.,3
Could you go right a little bit. quickly,3
Could you move right a little bit. now,3
Could you rotate right a little bit. please,3
Could you turn right a little bit. quickly,3
Could you turn to the right a little bit.,3
Could you turn right a little bit.,3
Could you head right a little bit. please,3
Could you turn right a little bit. right away,3
Could you go right a little bit.,3
Could you move right a little bit.,3
Could you shift to your right as instructed.,3
Could you shift to your right as instructed. quickly,3
Could you shift to your right as instructed. please,3
Could you shift to your right as instructed.,3
Could you shift to your right as instructed. now,3
Please look right when possible.,3
Please look right when possible. right away,3
Please look right when possible. please,3
Please look right when possible. now,3
Please look right when possible.,3
I want you to look right when possible.,3
I want you to look right when possible. now,3
I want you to look right when possible. quickly,3
I want you to look right when possible. right away,3
I want you to look right when possible.,3
I want you to look right when possible. please,3
I want you to rotate slightly right gently.,3
I want you to rotate slightly right gently. right away,3
I want you to rotate slightly right gently.,3
I want you to rotate slightly right gently. quickly,3
I want you to rotate slightly right gently. please,3
I want you to rotate slightly right gently. now,3
Could you look right a little bit.,3
Could you look right a little bit. please,3
Could you look right a little bit.,3
Could you look right a little bit. right away,3
Could you look right a little bit. quickly,3
Kindly rotate slightly right gently.,3
Kindly rotate slightly right gently. now,3
Kindly rotate slightly right gently. quickly,3
Kindly rotate slightly right gently.,3
Kindly rotate slightly right gently. please,3
I want you to look right a little bit.,3
I want you to look right a little bit. please,3
I want you to look right a little bit.,3
I want you to look right a little bit. now,3
I want you to look right a little bit. right away,3
"Robot, turn right right away.",3
"Robot, turn right right away. now",3
"Robot, go right right away. now",3
"Robot, rotate right right away. now",3
"Robot, turn to the right right away. quickly",3
"Robot, turn to the right right away.",3
"Robot, shift right right away.",3
"Robot, turn right right away.",3
"Robot, turn right right away. please",3
"Robot, head right right away. now",3
"Robot, rotate right right away.",3
"Robot, turn right right away. right away",3
"Robot, head right right away. please",3
"Robot, move right right away. right away",3
"Robot, go right right away.",3
"Robot, go right right away. quickly",3
Could you angle right right away.,3
Could you angle right right away. right away,3
Could you angle right right away.,3
Could you angle right right away. please,3
Could you angle right right away. now,3
Kindly shift to your right when possible.,3
Kindly shift to your right when possible.,3
Kindly shift to your right when possible. now,3
Kindly shift to your right when possible. right away,3
Kindly shift to your right when possible. please,3
I want you to angle right gently.,3
I want you to angle right gently. right away,3
I want you to angle right gently. quickly,3
I want you to angle right gently. now,3
I want you to angle right gently. please,3
I want you to angle right gently.,3
Could you rotate slightly right gently.,3
Could you rotate slightly right gently. quickly,3
Could you rotate slightly right gently. now,3
Could you rotate slightly right gently.,3
Please turn right when possible.,3
Please go right when possible.,3
Please turn right when possible.,3
Please rotate right when possible. quickly,3
Please move right when possible. right away,3
Please rotate right when possible.,3
Please move right when possible. quickly,3
Please move right when possible.,3
Please turn right when possible. right away,3
Please shift right when possible.,3
Please head right when possible. now,3
Please move right when possible. now,3
Please head right when possible.,3
Please go right when possible. right away,3
Please rotate slightly right as instructed.,3
Please rotate slightly right as instructed.,3
Please rotate slightly right as instructed. now,3
Please rotate slightly right as instructed. quickly,3
Please rotate slightly right as instructed. right away,3
Please rotate slightly right as instructed. please,3
"Robot, turn right when possible.",3
"Robot, shift right when possible.",3
"Robot, head right when possible.",3
"Robot, head right when possible. quickly",3
"Robot, go right when possible. now",3
"Robot, move right when possible.",3
"Robot, go right when possible.",3
"Robot, turn to the right when possible.",3
"Robot, shift right when possible. please",3
"Robot, turn right when possible.",3
"Robot, move right when possible. right away",3
"Robot, rotate right when possible.",3
Kindly look right when possible.,3
Kindly look right when possible.,3
Kindly look right when possible. quickly,3
Kindly look right when possible. right away,3
Kindly look right when possible. now,3
I want you to shift to your right right away.,3
I want you to shift to your right right away. now,3
I want you to shift to your right right away. quickly,3
I want you to shift to your right right away. right away,3
I want you to shift to your right right away.,3
I want you to rotate slightly right a little bit.,3
I want you to rotate slightly right a little bit. right away,3
I want you to rotate slightly right a little bit. now,3
I want you to rotate slightly right a little bit. please,3
I want you to rotate slightly right a little bit. quickly,3
I want you to rotate slightly right a little bit.,3
Could you turn right gently.,3
Could you turn right gently.,3
Could you go right gently. right away,3
Could you head right gently. please,3
Could you turn to the right gently.,3
Could you rotate right gently.,3
Could you go right gently. please,3
Could you turn right gently. quickly,3
Could you shift right gently.,3
Could you turn to the right gently. please,3
Could you go right gently.,3
Could you head right gently.,3
Could you look right right away.,3
Could you look right right away.,3
Could you look right right away. quickly,3
Could you look right right away. now,3
Could you look right right away. please,3
I want you to turn right right away.,3
I want you to rotate right right away.,3
I want you to rotate right right away. now,3
I want you to turn to the right right away. quickly,3
I want you to go right right away.,3
I want you to turn right right away. please,3
I want you to head right right away. please,3
I want you to turn right right away.,3
I want you to turn to the right right away. right away,3
I want you to head right right away.,3
I want you to rotate right right away. right away,3
I want you to go right right away. now,3
I want you to turn right right away. quickly,3
I want you to head right right away. quickly,3
I want you to turn to the right right away.,3
I want you to turn right right away. now,3
I want you to turn to the right right away. please,3
I want you to rotate right right away. quickly,3
"Robot, angle right right away.",3
"Robot, angle right right away.",3
"Robot, angle right right away. quickly",3
"Robot, angle right right away. now",3
"Robot, angle right right away. right away",3
Kindly turn right gently.,3
Kindly turn right gently. quickly,3
Kindly rotate right gently.,3
Kindly go right gently. please,3
Kindly turn right gently. please,3
Kindly turn to the right gently.,3
Kindly move right gently.,3
Kindly shift right gently. now,3
Kindly head right gently. right away,3
Kindly go right gently. now,3
Kindly go right gently.,3
Kindly turn right gently.,3
Kindly head right gently.,3
I want you to shift to your right as instructed.,3
I want you to shift to your right as instructed. right away,3
I want you to shift to your right as instructed.,3
I want you to shift to your right as instructed. now,3
I want you to shift to your right as instructed. quickly,3
Please rotate slightly right a little bit.,3
Please rotate slightly right a little bit.,3
Please rotate slightly right a little bit. please,3
Please rotate slightly right a little bit. quickly,3
Please rotate slightly right a little bit. right away,3
Please rotate slightly right a little bit. now,3
I want you to turn right a little bit.,3
I want you to turn right a little bit.,3
I want you to turn to the right a little bit.,3
I want you to shift right a little bit.,3
I want you to move right a little bit.,3
I want you to move right a little bit. now,3
I want you to head right a little bit.,3
I want you to go right a little bit.,3
I want you to rotate right a little bit.,3
Kindly angle right gently.,3
Kindly angle right gently.,3
Kindly angle right gently. please,3
Kindly angle right gently. right away,3
Please look right gently.,3
Please look right gently. quickly,3
Please look right gently.,3
Please look right gently. right away,3
Please look right gently. now,3
Could you look right gently.,3
Could you look right gently. right away,3
Could you look right gently.,3
Could you look right gently. please,3
Could you look right gently. quickly,3
I want you to rotate slightly right right away.,3
I want you to rotate slightly right right away. now,3
I want you to rotate slightly right right away.,3
Kindly rotate slightly right a little bit.,3
Kindly rotate slightly right a little bit. now,3
Kindly rotate slightly right a little bit.,3
Kindly rotate slightly right a little bit. please,3
Kindly rotate slightly right a little bit. quickly,3
I want you to rotate slightly right when possible.,3
I want you to rotate slightly right when possible.,3
I want you to rotate slightly right when possible. now,3
I want you to rotate slightly right when possible. please,3
"Robot, turn right gently.",3
"Robot, shift right gently.",3
"Robot, move right gently.",3
"Robot, go right gently.",3
"Robot, shift right gently. please",3
"Robot, turn to the right gently.",3
"Robot, rotate right gently. right away",3
"Robot, go right gently. quickly",3
"Robot, rotate right gently. now",3
"Robot, turn to the right gently. please",3
"Robot, rotate right gently. quickly",3
"Robot, head right gently.",3
"Robot, rotate right gently.",3
Could you angle right when possible.,3
Could you angle right when possible. right away,3
Could you angle right when possible. now,3
Could you angle right when possible.,3
Could you angle right when possible. please,3
Could you angle right when possible. quickly,3
"Robot, look right right away.",3
"Robot, look right right away.",3
"Robot, look right right away. please",3
"Robot, look right right away. quickly",3
"Robot, look right right away. now",3
I want you to angle right a little bit.,3
I want you to angle right a little bit. right away,3
I want you to angle right a little bit. please,3
I want you to angle right a little bit.,3
I want you to angle right a little bit. quickly,3
I want you to angle right right away.,3
I want you to angle right right away. right away,3
I want you to angle right right away. now,3
I want you to angle right right away. quickly,3
I want you to angle right right away.,3
I want you to angle right right away. please,3
I want you to angle right as instructed.,3
I want you to angle right as instructed. quickly,3
I want you to angle right as instructed. now,3
I want you to angle right as instructed. please,3
I want you to angle right as instructed.,3
I want you to angle right as instructed. right away,3
Could you turn right as instructed.,3
Could you head right as instructed.,3
Could you rotate right as instructed. quickly,3
Could you go right as instructed.,3
Could you turn right as instructed. quickly,3
Could you turn right as instructed. right away,3
Could you shift right as instructed.,3
Could you turn right as instructed.,3
Could you move right as instructed. quickly,3
Could you turn to the right as instructed.,3
Could you move right as instructed. please,3
Could you move right as instructed. now,3
Could you turn to the right as instructed. quickly,3
Could you move right as instructed.,3
I want you to turn right as instructed.,3
I want you to move right as instructed.,3
I want you to rotate right as instructed.,3
I want you to go right as instructed. right away,3
I want you to turn right as instructed.,3
I want you to turn to the right as instructed. right away,3
I want you to go right as instructed. quickly,3
I want you to move right as instructed. now,3
I want you to rotate right as instructed. please,3
I want you to turn to the right as instructed.,3
I want you to shift right as instructed.,3
I want you to rotate right as instructed. now,3
I want you to head right as instructed.,3
Please angle right when possible.,3
Please angle right when possible. quickly,3
Please angle right when possible.,3
Please angle right when possible. right away,3
Please angle right when possible. now,3
Please angle right when possible. please,3
Could you turn right right away.,3
Could you head right right away. now,3
Could you turn right right away.,3
Could you turn to the right right away.,3
Could you shift right right away.,3
Could you turn right right away. please,3
Could you rotate right right away. right away,3
Could you rotate right right away.,3
Could you move right right away.,3
Could you shift right right away. right away,3
Could you rotate right right away. please,3
Could you go right right away. please,3
Please rotate slightly right when possible.,3
Please rotate slightly right when possible. now,3
Please rotate slightly right when possible. quickly,3
Please rotate slightly right when possible.,3
Please rotate slightly right when possible. please,3
I want you to look right gently.,3
I want you to look right gently. please,3
I want you to look right gently. quickly,3
I want you to look right gently.,3
I want you to look right gently. right away,3
I want you to look right gently. now,3
Could you rotate slightly right right away.,3
Could you rotate slightly right right away. now,3
Could you rotate slightly right right away. please,3
Could you rotate slightly right right away. right away,3
Could you rotate slightly right right away. quickly,3
Could you rotate slightly right right away.,3
"Robot, rotate slightly right gently.",3
"Robot, rotate slightly right gently. now",3
"Robot, rotate slightly right gently. please",3
"Robot, rotate slightly right gently. right away",3
"Robot, rotate slightly right gently.",3
Please shift to your right a little bit.,3
Please shift to your right a little bit.,3
Please shift to your right a little bit. quickly,3
Please shift to your right a little bit. right away,3
Please shift to your right a little bit. now,3
"Robot, rotate slightly right as instructed.",3
"Robot, rotate slightly right as instructed. right away",3
"Robot, rotate slightly right as instructed.",3
"Robot, rotate slightly right as instructed. quickly",3
"Robot, rotate slightly right as instructed. now",3
"Robot, rotate slightly right as instructed. please",3
I want you to angle right when possible.,3
I want you to angle right when possible. now,3
I want you to angle right when possible.,3
I want you to angle right when possible. please,3
I want you to angle right when possible. right away,3
"Robot, look right a little bit.",3
"Robot, look right a little bit.",3
"Robot, look right a little bit. please",3
"Robot, look right a little bit. quickly",3
"Robot, look right a little bit. right away",3
يلا انعطف يمين على مهلك.,3
يلا انعطف يمين على مهلك. هلق,3
يلا انعطف يمين على مهلك. يلا,3
يلا انعطف يمين على مهلك. من فضلك,3
يلا انعطف يمين على مهلك.,3
يلا انعطف يمين على مهلك. بسرعة,3
يا روبوت لف يمين شوي.,3
يا روبوت لف يمين شوي.,3
يا روبوت لف يمين شوي. هلق,3
يا روبوت لف يمين شوي. يلا,3
يا روبوت اترك يسار وروح يمين شوي.,3
يا روبوت لف يمين شوي. من فضلك,3
يا روبوت خذ يمين شوي. من فضلك,3
يا روبوت اتجه يمينا شوي. بسرعة,3
يا روبوت اتجه يمينا شوي.,3
يا روبوت انعطف يمين شوي.,3
يا روبوت روح يمين شوي.,3
يا روبوت خذ يمين شوي.,3
ارجوك ميل يمين هلق.,3
ارجوك ميل يمين هلق.,3
ارجوك ميل يمين هلق. من فضلك,3
ارجوك ميل يمين هلق. بسرعة,3
يلا اتجه يمين كتير.,3
يلا اتجه يمين كتير. يلا,3
يلا اتجه يمين كتير.,3
لو سمحت انعطف يمين كتير.,3
لو سمحت انعطف يمين كتير. بسرعة,3
لو سمحت انعطف يمين كتير. من فضلك,3
لو سمحت انعطف يمين كتير. هلق,3
لو سمحت انعطف يمين كتير.,3
لو سمحت انعطف يمين كتير. يلا,3
ارجوك اتجه يمين على مهلك.,3
ارجوك اتجه يمين على مهلك. يلا,3
ارجوك اتجه يمين على مهلك. من فضلك,3
ارجوك اتجه يمين على مهلك.,3
ارجوك اتجه يمين على مهلك. بسرعة,3
ارجوك اتجه يمين على مهلك. هلق,3
لو سمحت لف يمين هلق.,3
لو سمحت اتجه يمينا هلق.,3
لو سمحت انعطف يمين هلق.,3
لو سمحت روح يمين هلق. يلا,3
لو سمحت لف يمين هلق.,3
لو سمحت انعطف يمين هلق. من فضلك,3
لو سمحت انعطف يمين هلق. يلا,3
لو سمحت خذ يمين هلق.,3
لو سمحت خذ يمين هلق. من فضلك,3
يلا لف يمين كتير.,3
يلا اترك يسار وروح يمين كتير.,3
يلا انعطف يمين كتير.,3
يلا اتجه يمينا كتير.,3
يلا لف يمين كتير.,3
يلا روح يمين كتير.,3
يلا انعطف يمين كتير. بسرعة,3
يلا خذ يمين كتير.,3
يلا اتجه يمينا كتير. يلا,3
يلا اتجه يمينا كتير. بسرعة,3
يلا لف يمين كتير. بسرعة,3
ارجوك لف يمين هلق.,3
ارجوك اتجه يمينا هلق.,3
ارجوك لف يمين هلق. بسرعة,3
ارجوك لف يمين هلق.,3
ارجوك انعطف يمين هلق. هلق,3
ارجوك خذ يمين هلق.,3
ارجوك انعطف يمين هلق. بسرعة,3
ارجوك اترك يسار وروح يمين هلق.,3
ارجوك روح يمين هلق. بسرعة,3
ارجوك روح يمين هلق.,3
ارجوك ميل يمين على مهلك.,3
ارجوك ميل يمين على مهلك. يلا,3
ارجوك ميل يمين على مهلك. من فضلك,3
ارجوك ميل يمين على مهلك.,3
ارجوك ميل يمين على مهلك. بسرعة,3
ارجوك ميل يمين على مهلك. هلق,3
يا روبوت ميل يمين على مهلك.,3
يا روبوت ميل يمين على مهلك. من فضلك,3
يا روبوت ميل يمين على مهلك.,3
يا روبوت ميل يمين على مهلك. يلا,3
يا روبوت ميل يمين على مهلك. هلق,3
يا روبوت ميل يمين على مهلك. بسرعة,3
يلا ميل يمين شوي.,3
يلا ميل يمين شوي.,3
يلا ميل يمين شوي. يلا,3
يلا ميل يمين شوي. هلق,3
يلا ميل يمين شوي. بسرعة,3
يلا ميل يمين شوي. من فضلك,3
لو سمحت اتجه يمين هلق.,3
لو سمحت اتجه يمين هلق. بسرعة,3
لو سمحت اتجه يمين هلق.,3
لو سمحت اتجه يمين هلق. هلق,3
لو سمحت اتجه يمين هلق. يلا,3
يا روبوت لف يمين كتير.,3
يا روبوت انعطف يمين كتير. من فضلك,3
يا روبوت خذ يمين كتير.,3
يا روبوت اترك يسار وروح يمين كتير.,3
يا روبوت اترك يسار وروح يمين كتير. يلا,3
يا روبوت خذ يمين كتير. يلا,3
يا روبوت لف يمين كتير.,3
يا روبوت روح يمين كتير.,3
يا روبوت انعطف يمين كتير.,3
يا روبوت اتجه يمين على مهلك.,3
يا روبوت اتجه يمين على مهلك. من فضلك,3
يا روبوت اتجه يمين على مهلك. يلا,3
يا روبوت اتجه يمين على مهلك. بسرعة,3
يا روبوت اتجه يمين على مهلك. هلق,3
يا روبوت اتجه يمين على مهلك.,3
يلا ميل يمين على مهلك.,3
يلا ميل يمين على مهلك. هلق,3
يلا ميل يمين على مهلك. بسرعة,3
يلا ميل يمين على مهلك. يلا,3
يلا ميل يمين على مهلك.,3
يلا ميل يمين على مهلك. من فضلك,3
لو سمحت لف يمين على مهلك.,3
لو سمحت لف يمين على مهلك.,3
لو سمحت اترك يسار وروح يمين على مهلك.,3
لو سمحت خذ يمين على مهلك. هلق,3
لو سمحت روح يمين على مهلك.,3
لو سمحت انعطف يمين على مهلك. هلق,3
لو سمحت اتجه يمينا على مهلك. هلق,3
لو سمحت خذ يمين على مهلك.,3
لو سمحت انعطف يمين على مهلك. يلا,3
لو سمحت لف يمين على مهلك. من فضلك,3
لو سمحت لف يمين على مهلك. بسرعة,3
لو سمحت انعطف يمين على مهلك.,3
لو سمحت اتجه يمينا على مهلك. يلا,3
ارجوك لف يمين كتير.,3
ارجوك لف يمين كتير. بسرعة,3
ارجوك اتجه يمينا كتير.,3
ارجوك اتجه يمينا كتير. من فضلك,3
ارجوك انعطف يمين كتير.,3
ارجوك روح يمين كتير.,3
ارجوك اتجه يمينا كتير. يلا,3
ارجوك لف يمين كتير.,3
ارجوك اترك يسار وروح يمين كتير. من فضلك,3
ارجوك خذ يمين كتير.,3
ارجوك لف يمين كتير. من فضلك,3
ارجوك روح يمين كتير. بسرعة,3
ارجوك خذ يمين كتير. من فضلك,3
لو سمحت انعطف يمين شوي.,3
لو سمحت انعطف يمين شوي. هلق,3
لو سمحت انعطف يمين شوي. بسرعة,3
لو سمحت انعطف يمين شوي.,3
لو سمحت انعطف يمين شوي. من فضلك,3
ارجوك لف يمين شوي.,3
ارجوك لف يمين شوي.,3
ارجوك انعطف يمين شوي. بسرعة,3
ارجوك اتجه يمينا شوي.,3
ارجوك اتجه يمينا شوي. هلق,3
ارجوك اترك يسار وروح يمين شوي.,3
ارجوك انعطف يمين شوي. من فضلك,3
ارجوك انعطف يمين شوي.,3
ارجوك خذ يمين شوي.,3
ارجوك خذ يمين شوي. هلق,3
ارجوك روح يمين شوي.,3
ارجوك لف يمين شوي. من فضلك,3
يلا اتجه يمين شوي.,3
يلا اتجه يمين شوي.,3
يلا اتجه يمين شوي. من فضلك,3
يلا اتجه يمين شوي. يلا,3
ارجوك انعطف يمين على مهلك.,3
ارجوك انعطف يمين على مهلك. يلا,3
ارجوك انعطف يمين على مهلك. من فضلك,3
ارجوك انعطف يمين على مهلك.,3
يلا لف يمين على مهلك.,3
يلا روح يمين على مهلك.,3
يلا لف يمين على مهلك.,3
يلا انعطف يمين على مهلك. هلق,3
يلا انعطف يمين على مهلك. يلا,3
يلا اتجه يمينا على مهلك.,3
يلا اتجه يمينا على مهلك. من فضلك,3
يلا روح يمين على مهلك. بسرعة,3
يلا خذ يمين على مهلك.,3
يلا ميل يمين كتير.,3
يلا ميل يمين كتير. بسرعة,3
يلا ميل يمين كتير. يلا,3
يلا ميل يمين كتير. من فضلك,3
يلا ميل يمين كتير.,3
يا روبوت ميل يمين كتير.,3
يا روبوت ميل يمين كتير. هلق,3
يا روبوت ميل يمين كتير.,3
يا روبوت ميل يمين كتير. يلا,3
يلا انعطف يمين هلق.,3
يلا انعطف يمين هلق. هلق,3
يلا انعطف يمين هلق. من فضلك,3
يلا انعطف يمين هلق.,3
يلا انعطف يمين هلق. بسرعة,3
لو سمحت اتجه يمين كتير.,3
لو سمحت اتجه يمين كتير. من فضلك,3
لو سمحت اتجه يمين كتير.,3
لو سمحت اتجه يمين كتير. هلق,3
ارجوك اتجه يمين شوي.,3
ارجوك اتجه يمين شوي. بسرعة,3
ارجوك اتجه يمين شوي. من فضلك,3
ارجوك اتجه يمين شوي.,3
يلا ميل يمين هلق.,3
يلا ميل يمين هلق.,3
يلا ميل يمين هلق. بسرعة,3
يلا ميل يمين هلق. من فضلك,3
يلا ميل يمين هلق. هلق,3
يلا اتجه يمين هلق.,3
يلا اتجه يمين هلق.,3
يلا اتجه يمين هلق. بسرعة,3
يلا اتجه يمين هلق. هلق,3
يلا اتجه يمين هلق. يلا,3
يلا اتجه يمين هلق. من فضلك,3
يلا اتجه يمين على مهلك.,3
يلا اتجه يمين على مهلك. هلق,3
يلا اتجه يمين على مهلك. يلا,3
يلا اتجه يمين على مهلك.,3
يلا اتجه يمين على مهلك. بسرعة,3
لو سمحت انعطف يمين على مهلك.,3
لو سمحت انعطف يمين على مهلك. بسرعة,3
لو سمحت انعطف يمين على مهلك.,3
لو سمحت انعطف يمين على مهلك. هلق,3
لو سمحت انعطف يمين على مهلك. يلا,3
يا روبوت ميل يمين هلق.,3
يا روبوت ميل يمين هلق. من فضلك,3
يا روبوت ميل يمين هلق. يلا,3
يا روبوت ميل يمين هلق.,3
لو سمحت ميل يمين شوي.,3
لو سمحت ميل يمين شوي.,3
لو سمحت ميل يمين شوي. هلق,3
لو سمحت ميل يمين شوي. يلا,3
لو سمحت ميل يمين شوي. بسرعة,3
لو سمحت ميل يمين شوي. من فضلك,3
يا روبوت اتجه يمين كتير.,3
يا روبوت اتجه يمين كتير.,3
يا روبوت اتجه يمين كتير. هلق,3
يا روبوت اتجه يمين كتير. بسرعة,3
يلا لف يمين هلق.,3
يلا خذ يمين هلق. يلا,3
يلا اتجه يمينا هلق. هلق,3
يلا اترك يسار وروح يمين هلق. من فضلك,3
يلا اترك يسار وروح يمين هلق.,3
يلا انعطف يمين هلق. بسرعة,3
يلا لف يمين هلق. من فضلك,3
يلا اترك يسار وروح يمين هلق. يلا,3
يلا انعطف يمين هلق.,3
يلا خذ يمين هلق. من فضلك,3
يلا لف يمين هلق. هلق,3
يلا اترك يسار وروح يمين هلق. هلق,3
يلا لف يمين هلق. يلا,3
يلا لف يمين هلق. بسرعة,3
يلا روح يمين هلق.,3
يلا اتجه يمينا هلق.,3
ارجوك اتجه يمين هلق.,3
ارجوك اتجه يمين هلق.,3
ارجوك اتجه يمين هلق. من فضلك,3
ارجوك اتجه يمين هلق. هلق,3
ارجوك اتجه يمين هلق. بسرعة,3
يلا انعطف يمين شوي.,3
يلا انعطف يمين شوي. يلا,3
يلا انعطف يمين شوي. هلق,3
يلا انعطف يمين شوي. بسرعة,3
يلا انعطف يمين شوي.,3
يا روبوت ميل يمين شوي.,3
يا روبوت ميل يمين شوي.,3
يا روبوت ميل يمين شوي. من فضلك,3
يا روبوت ميل يمين شوي. يلا,3
يا روبوت ميل يمين شوي. بسرعة,3
ارجوك انعطف يمين هلق.,3
ارجوك انعطف يمين هلق. يلا,3
ارجوك انعطف يمين هلق. هلق,3
ارجوك انعطف يمين هلق. بسرعة,3
ارجوك انعطف يمين هلق.,3
ارجوك ميل يمين شوي.,3
ارجوك ميل يمين شوي. هلق,3
ارجوك ميل يمين شوي. يلا,3
ارجوك ميل يمين شوي. بسرعة,3
ارجوك ميل يمين شوي. من فضلك,3
ارجوك ميل يمين شوي.,3
لو سمحت ميل يمين على مهلك.,3
لو سمحت ميل يمين على مهلك.,3
لو سمحت ميل يمين على مهلك. هلق,3
لو سمحت ميل يمين على مهلك. يلا,3
لو سمحت ميل يمين على مهلك. من فضلك,3
لو سمحت ميل يمين على مهلك. بسرعة,3
يا روبوت لف يمين على مهلك.,3
يا روبوت انعطف يمين على مهلك. بسرعة,3
يا روبوت روح يمين على مهلك.,3
يا روبوت خذ يمين على مهلك.,3
يا روبوت اتجه يمينا على مهلك. بسرعة,3
يا روبوت خذ يمين على مهلك. هلق,3
يا روبوت اتجه يمينا على مهلك.,3
يا روبوت انعطف يمين على مهلك.,3
يا روبوت خذ يمين على مهلك. يلا,3
يا روبوت لف يمين على مهلك.,3
يا روبوت اترك يسار وروح يمين على مهلك.,3
يا روبوت روح يمين على مهلك. من فضلك,3
لو سمحت اتجه يمين شوي.,3
لو سمحت اتجه يمين شوي.,3
لو سمحت اتجه يمين شوي. من فضلك,3
لو سمحت اتجه يمين شوي. هلق,3
لو سمحت اتجه يمين شوي. يلا,3
لو سمحت اتجه يمين شوي. بسرعة,3
يا روبوت انعطف يمين هلق.,3
يا روبوت انعطف يمين هلق. يلا,3
يا روبوت انعطف يمين هلق. هلق,3
يا روبوت انعطف يمين هلق. من فضلك,3
يا روبوت انعطف يمين هلق.,3
يا روبوت انعطف يمين شوي.,3
يا روبوت انعطف يمين شوي. يلا,3
يا روبوت انعطف يمين شوي. من فضلك,3
يا روبوت انعطف يمين شوي. بسرعة,3
يا روبوت انعطف يمين شوي. هلق,3
يا روبوت انعطف يمين شوي.,3
يا روبوت اتجه يمين هلق.,3
يا روبوت اتجه يمين هلق. يلا,3
يا روبوت اتجه يمين هلق. بسرعة,3
يا روبوت اتجه يمين هلق. هلق,3
يا روبوت اتجه يمين هلق. من فضلك,3
يا روبوت اتجه يمين هلق.,3
لو سمحت لف يمين كتير.,3
لو سمحت روح يمين كتير.,3
لو سمحت لف يمين كتير.,3
لو سمحت اترك يسار وروح يمين كتير.,3
لو سمحت انعطف يمين كتير. بسرعة,3
لو سمحت انعطف يمين كتير. من فضلك,3
لو سمحت اتجه يمينا كتير.,3
لو سمحت خذ يمين كتير.,3
لو سمحت انعطف يمين كتير.,3
لو سمحت لف يمين كتير. من فضلك,3
لو سمحت اترك يسار وروح يمين كتير. هلق,3
لو سمحت انعطف يمين هلق.,3
لو سمحت انعطف يمين هلق. بسرعة,3
لو سمحت انعطف يمين هلق. من فضلك,3
لو سمحت انعطف يمين هلق. هلق,3
لو سمحت انعطف يمين هلق.,3
لو سمحت ميل يمين هلق.,3
لو سمحت ميل يمين هلق. بسرعة,3
لو سمحت ميل يمين هلق.,3
لو سمحت ميل يمين هلق. هلق,3
لو سمحت ميل يمين هلق. من فضلك,3
لو سمحت ميل يمين هلق. يلا,3
لو سمحت لف يمين شوي.,3
لو سمحت انعطف يمين شوي. هلق,3
لو سمحت لف يمين شوي. من فضلك,3
لو سمحت اتجه يمينا شوي.,3
لو سمحت لف يمين شوي.,3
لو سمحت خذ يمين شوي.,3
لو سمحت لف يمين شوي. هلق,3
لو سمحت روح يمين شوي. يلا,3
لو سمحت انعطف يمين شوي.,3
لو سمحت اترك يسار وروح يمين شوي.,3
لو سمحت اتجه يمينا شوي. بسرعة,3
لو سمحت انعطف يمين شوي. بسرعة,3
لو سمحت روح يمين شوي.,3
ارجوك انعطف يمين شوي.,3
ارجوك انعطف يمين شوي. بسرعة,3
ارجوك انعطف يمين شوي. هلق,3
ارجوك انعطف يمين شوي. من فضلك,3
ارجوك انعطف يمين شوي.,3
ارجوك انعطف يمين شوي. يلا,3
يا روبوت انعطف يمين على مهلك.,3
يا روبوت انعطف يمين على مهلك.,3
يا روبوت انعطف يمين على مهلك. هلق,3
يا روبوت انعطف يمين على مهلك. من فضلك,3
يا روبوت انعطف يمين على مهلك. يلا,3
ارجوك انعطف يمين كتير.,3
ارجوك انعطف يمين كتير. هلق,3
ارجوك انعطف يمين كتير. بسرعة,3
ارجوك انعطف يمين كتير.,3
ارجوك انعطف يمين كتير. من فضلك,3
يا روبوت اتجه يمين شوي.,3
يا روبوت اتجه يمين شوي.,3
يا روبوت اتجه يمين شوي. هلق,3
يا روبوت اتجه يمين شوي. من فضلك,3
يا روبوت اتجه يمين شوي. يلا,3
يا روبوت انعطف يمين كتير.,3
يا روبوت انعطف يمين كتير. هلق,3
يا روبوت انعطف يمين كتير. من فضلك,3
يا روبوت انعطف يمين كتير. بسرعة,3
يا روبوت انعطف يمين كتير.,3
يا روبوت انعطف يمين كتير. يلا,3
لو سمحت اتجه يمين على مهلك.,3
لو سمحت اتجه يمين على مهلك.,3
لو سمحت اتجه يمين على مهلك. من فضلك,3
لو سمحت اتجه يمين على مهلك. بسرعة,3
لو سمحت ميل يمين كتير.,3
لو سمحت ميل يمين كتير. هلق,3
لو سمحت ميل يمين كتير. من فضلك,3
لو سمحت ميل يمين كتير.,3
لو سمحت ميل يمين كتير. يلا,3
ارجوك اتجه يمين كتير.,3
ارجوك اتجه يمين كتير. بسرعة,3
ارجوك اتجه يمين كتير. يلا,3
ارجوك اتجه يمين كتير. هلق,3
ارجوك اتجه يمين كتير. من فضلك,3
ارجوك اتجه يمين كتير.,3
يلا لف يمين شوي.,3
يلا انعطف يمين شوي. يلا,3
يلا خذ يمين شوي.,3
يلا روح يمين شوي.,3
يلا اترك يسار وروح يمين شوي. من فضلك,3
يلا روح يمين شوي. هلق,3
يلا اترك يسار وروح يمين شوي.,3
يلا اتجه يمينا شوي. يلا,3
يلا انعطف يمين شوي.,3
يلا لف يمين شوي.,3
يلا اتجه يمينا شوي. من فضلك,3
يلا اتجه يمينا شوي. بسرعة,3
يلا اتجه يمينا شوي.,3
يلا انعطف يمين كتير.,3
يلا انعطف يمين كتير. من فضلك,3
يلا انعطف يمين كتير.,3
يلا انعطف يمين كتير. بسرعة,3
يلا انعطف يمين كتير. هلق,3
ارجوك لف يمين على مهلك.,3
ارجوك اتجه يمينا على مهلك.,3
ارجوك روح يمين على مهلك. من فضلك,3
ارجوك انعطف يمين على مهلك. هلق,3
ارجوك روح يمين على مهلك. يلا,3
ارجوك خذ يمين على مهلك.,3
ارجوك روح يمين على مهلك.,3
ارجوك لف يمين على مهلك.,3
ارجوك اتجه يمينا على مهلك. من فضلك,3
ارجوك لف يمين على مهلك. من فضلك,3
ارجوك انعطف يمين على مهلك.,3
ارجوك اترك يسار وروح يمين على مهلك.,3
ارجوك ميل يمين كتير.,3
ارجوك ميل يمين كتير. هلق,3
ارجوك ميل يمين كتير. من فضلك,3
ارجوك ميل يمين كتير. بسرعة,3
ارجوك ميل يمين كتير.,3
ارجوك ميل يمين كتير. يلا,3
يا روبوت لف يمين هلق.,3
يا روبوت لف يمين هلق.,3
يا روبوت لف يمين هلق. بسرعة,3
يا روبوت انعطف يمين هلق.,3
يا روبوت اتجه يمينا هلق.,3
يا روبوت اترك يسار وروح يمين هلق.,3
يا روبوت خذ يمين هلق.,3
يا روبوت روح يمين هلق. يلا,3
يا روبوت روح يمين هلق.,3
يا روبوت انعطف يمين هلق. من فضلك,3
يا روبوت روح يمين هلق. من فضلك,3
"Robot, lower yourself to sit slowly.",4
"Robot, lower yourself to sit slowly.",4
"Robot, lower yourself to sit slowly. please",4
"Robot, lower yourself to sit slowly. now",4
"Robot, lower yourself to sit slowly. quickly",4
Please move into a sitting posture in a relaxed manner.,4
Please move into a sitting posture in a relaxed manner. right away,4
Please move into a sitting posture in a relaxed manner.,4
Please move into a sitting posture in a relaxed manner. now,4
"Robot, move into a sitting posture carefully.",4
"Robot, move into a sitting posture carefully. right away",4
"Robot, move into a sitting posture carefully.",4
"Robot, move into a sitting posture carefully. now",4
"Robot, move into a sitting posture carefully. please",4
I need you to move into a sitting posture right now.,4
I need you to move into a sitting posture right now. quickly,4
I need you to move into a sitting posture right now.,4
I need you to move into a sitting posture right now. right away,4
I need you to move into a sitting posture right now. now,4
Please move into a sitting posture right now.,4
Please move into a sitting posture right now.,4
Please move into a sitting posture right now. right away,4
Please move into a sitting posture right now. quickly,4
Please move into a sitting posture right now. please,4
I need you to take a seated position slowly.,4
I need you to take a seated position slowly. now,4
I need you to take a seated position slowly.,4
I need you to take a seated position slowly. right away,4
I need you to take a seated position slowly. quickly,4
Please take a seated position in a relaxed manner.,4
Please take a seated position in a relaxed manner. please,4
Please take a seated position in a relaxed manner. right away,4
Please take a seated position in a relaxed manner. now,4
Please take a seated position in a relaxed manner.,4
Kindly move into a sitting posture in a relaxed manner.,4
Kindly move into a sitting posture in a relaxed manner. quickly,4
Kindly move into a sitting posture in a relaxed manner. please,4
Kindly move into a sitting posture in a relaxed manner. now,4
Kindly move into a sitting posture in a relaxed manner.,4
Please lower yourself to sit right now.,4
Please lower yourself to sit right now. now,4
Please lower yourself to sit right now.,4
Please lower yourself to sit right now. please,4
Please lower yourself to sit right now. right away,4
Could you take a seated position carefully.,4
Could you take a seated position carefully. quickly,4
Could you take a seated position carefully. please,4
Could you take a seated position carefully.,4
Could you take a seated position carefully. now,4
I need you to lower yourself to sit slowly.,4
I need you to lower yourself to sit slowly. quickly,4
I need you to lower yourself to sit slowly. now,4
I need you to lower yourself to sit slowly.,4
Please sit down carefully.,4
Please sit now carefully. right away,4
Please have a seat carefully.,4
Please lower yourself and sit carefully.,4
Please lower yourself and sit carefully. now,4
Please sit now carefully.,4
Please sit down carefully.,4
Please take a seat carefully.,4
Please sit carefully.,4
Please sit carefully. quickly,4
Please sit properly carefully. quickly,4
Please sit properly carefully.,4
"Robot, lower yourself to sit as instructed.",4
"Robot, lower yourself to sit as instructed. now",4
"Robot, lower yourself to sit as instructed. quickly",4
"Robot, lower yourself to sit as instructed.",4
Please lower yourself to sit as instructed.,4
Please lower yourself to sit as instructed.,4
Please lower yourself to sit as instructed. quickly,4
Please lower yourself to sit as instructed. right away,4
Please lower yourself to sit as instructed. now,4
Please lower yourself to sit as instructed. please,4
I need you to sit down carefully.,4
I need you to take a seat carefully.,4
I need you to take a seat carefully. quickly,4
I need you to lower yourself and sit carefully.,4
I need you to have a seat carefully.,4
I need you to sit down carefully.,4
I need you to sit carefully.,4
I need you to have a seat carefully. quickly,4
I need you to sit carefully. right away,4
I need you to sit properly carefully.,4
I need you to take a seat carefully. please,4
I need you to sit now carefully.,4
Please lower yourself to sit slowly.,4
Please lower yourself to sit slowly. please,4
Please lower yourself to sit slowly.,4
Please lower yourself to sit slowly. now,4
Please lower yourself to sit slowly. right away,4
Please lower yourself to sit slowly. quickly,4
Kindly lower yourself to sit slowly.,4
Kindly lower yourself to sit slowly.,4
Kindly lower yourself to sit slowly. quickly,4
Kindly lower yourself to sit slowly. please,4
Kindly lower yourself to sit slowly. right away,4
I need you to lower yourself to sit in a relaxed manner.,4
I need you to lower yourself to sit in a relaxed manner. now,4
I need you to lower yourself to sit in a relaxed manner. right away,4
I need you to lower yourself to sit in a relaxed manner. quickly,4
I need you to lower yourself to sit in a relaxed manner.,4
I need you to lower yourself to sit in a relaxed manner. please,4
Please move into a sitting posture carefully.,4
Please move into a sitting posture carefully. right away,4
Please move into a sitting posture carefully. quickly,4
Please move into a sitting posture carefully. please,4
Please move into a sitting posture carefully.,4
Please move into a sitting posture carefully. now,4
Could you take a seated position right now.,4
Could you take a seated position right now.,4
Could you take a seated position right now. quickly,4
Could you take a seated position right now. please,4
Could you take a seated position right now. now,4
"Robot, sit down slowly.",4
"Robot, lower yourself and sit slowly.",4
"Robot, lower yourself and sit slowly. right away",4
"Robot, have a seat slowly. right away",4
"Robot, sit now slowly.",4
"Robot, sit now slowly. right away",4
"Robot, take a seat slowly.",4
"Robot, sit properly slowly. right away",4
"Robot, have a seat slowly.",4
"Robot, sit properly slowly.",4
"Robot, sit down slowly.",4
"Robot, sit down slowly. now",4
"Robot, lower yourself and sit slowly. please",4
I need you to sit down as instructed.,4
I need you to sit as instructed.,4
I need you to sit properly as instructed. now,4
I need you to lower yourself and sit as instructed.,4
I need you to sit properly as instructed.,4
I need you to sit now as instructed. please,4
I need you to take a seat as instructed.,4
I need you to sit as instructed. quickly,4
I need you to have a seat as instructed. quickly,4
I need you to sit down as instructed. right away,4
I need you to sit now as instructed.,4
I need you to sit down as instructed.,4
I need you to take a seat as instructed. right away,4
Could you move into a sitting posture in a relaxed manner.,4
Could you move into a sitting posture in a relaxed manner. right away,4
Could you move into a sitting posture in a relaxed manner. now,4
Could you move into a sitting posture in a relaxed manner.,4
Could you move into a sitting posture in a relaxed manner. quickly,4
Could you move into a sitting posture in a relaxed manner. please,4
Kindly sit down as instructed.,4
Kindly sit down as instructed.,4
Kindly sit as instructed. right away,4
Kindly take a seat as instructed.,4
Kindly sit down as instructed. quickly,4
Kindly sit as instructed.,4
Kindly sit now as instructed.,4
Kindly sit properly as instructed. right away,4
Kindly have a seat as instructed. please,4
Kindly take a seat as instructed. right away,4
Kindly sit now as instructed. right away,4
Kindly sit properly as instructed.,4
Kindly have a seat as instructed.,4
Kindly have a seat as instructed. quickly,4
Kindly lower yourself and sit as instructed.,4
Could you sit down right now.,4
Could you sit now right now.,4
Could you take a seat right now.,4
Could you sit down right now. please,4
Could you sit properly right now.,4
Could you sit right now.,4
Could you lower yourself and sit right now. right away,4
Could you lower yourself and sit right now.,4
Could you have a seat right now. please,4
Could you have a seat right now. quickly,4
Could you lower yourself and sit right now. please,4
Could you sit down right now.,4
Please take a seated position carefully.,4
Please take a seated position carefully. right away,4
Please take a seated position carefully. now,4
Please take a seated position carefully.,4
Please take a seated position carefully. please,4
I need you to take a seated position carefully.,4
I need you to take a seated position carefully. please,4
I need you to take a seated position carefully. quickly,4
I need you to take a seated position carefully. now,4
I need you to take a seated position carefully.,4
I need you to take a seated position carefully. right away,4
Please sit down as instructed.,4
Please sit down as instructed.,4
Please lower yourself and sit as instructed.,4
Please sit now as instructed.,4
Please take a seat as instructed.,4
Please have a seat as instructed. quickly,4
Please sit now as instructed. quickly,4
Please sit as instructed.,4
Please sit as instructed. right away,4
Please have a seat as instructed.,4
I need you to sit down in a relaxed manner.,4
I need you to take a seat in a relaxed manner. now,4
I need you to sit properly in a relaxed manner.,4
I need you to sit down in a relaxed manner. now,4
I need you to sit now in a relaxed manner. right away,4
I need you to sit properly in a relaxed manner. please,4
I need you to sit down in a relaxed manner.,4
I need you to sit in a relaxed manner. right away,4
I need you to take a seat in a relaxed manner. please,4
I need you to sit now in a relaxed manner.,4
I need you to take a seat in a relaxed manner.,4
I need you to lower yourself and sit in a relaxed manner. quickly,4
I need you to lower yourself and sit in a relaxed manner. now,4
I need you to sit in a relaxed manner.,4
I need you to take a seat in a relaxed manner. right away,4
Could you take a seated position slowly.,4
Could you take a seated position slowly. quickly,4
Could you take a seated position slowly. please,4
Could you take a seated position slowly. right away,4
Could you take a seated position slowly.,4
Could you take a seated position slowly. now,4
Could you sit down slowly.,4
Could you have a seat slowly. quickly,4
Could you sit properly slowly.,4
Could you sit properly slowly. please,4
Could you sit slowly.,4
Could you sit slowly. right away,4
Could you take a seat slowly. now,4
Could you have a seat slowly.,4
Could you sit now slowly.,4
Could you lower yourself and sit slowly.,4
Could you sit down slowly. right away,4
Could you sit down slowly.,4
I need you to move into a sitting posture slowly.,4
I need you to move into a sitting posture slowly.,4
I need you to move into a sitting posture slowly. quickly,4
I need you to move into a sitting posture slowly. right away,4
I need you to move into a sitting posture slowly. now,4
Could you sit down carefully.,4
Could you sit carefully. right away,4
Could you sit now carefully.,4
Could you sit now carefully. please,4
Could you sit carefully.,4
Could you sit now carefully. now,4
Could you have a seat carefully. now,4
Could you sit now carefully. right away,4
Could you take a seat carefully.,4
Could you lower yourself and sit carefully.,4
Could you sit properly carefully.,4
Could you sit down carefully.,4
Kindly lower yourself to sit in a relaxed manner.,4
Kindly lower yourself to sit in a relaxed manner. please,4
Kindly lower yourself to sit in a relaxed manner. now,4
Kindly lower yourself to sit in a relaxed manner.,4
Kindly lower yourself to sit in a relaxed manner. quickly,4
Could you sit down as instructed.,4
Could you take a seat as instructed.,4
Could you lower yourself and sit as instructed. quickly,4
Could you lower yourself and sit as instructed.,4
Could you sit now as instructed.,4
Could you sit properly as instructed. right away,4
Could you sit properly as instructed. quickly,4
Could you sit as instructed. now,4
Could you sit properly as instructed.,4
Could you sit down as instructed. please,4
Could you sit now as instructed. please,4
Could you have a seat as instructed.,4
Could you take a seat as instructed. please,4
Could you take a seated position as instructed.,4
Could you take a seated position as instructed. please,4
Could you take a seated position as instructed. right away,4
Could you take a seated position as instructed. quickly,4
Could you take a seated position as instructed. now,4
Could you take a seated position as instructed.,4
Kindly move into a sitting posture carefully.,4
Kindly move into a sitting posture carefully. quickly,4
Kindly move into a sitting posture carefully.,4
Kindly move into a sitting posture carefully. please,4
Kindly move into a sitting posture carefully. now,4
"Robot, take a seated position as instructed.",4
"Robot, take a seated position as instructed. now",4
"Robot, take a seated position as instructed.",4
"Robot, take a seated position as instructed. quickly",4
"Robot, take a seated position as instructed. right away",4
"Robot, take a seated position as instructed. please",4
Kindly take a seated position slowly.,4
Kindly take a seated position slowly.,4
Kindly take a seated position slowly. right away,4
Kindly take a seated position slowly. please,4
Kindly take a seated position slowly. now,4
Kindly take a seated position slowly. quickly,4
Please sit down right now.,4
Please sit now right now.,4
Please sit down right now. quickly,4
Please sit down right now.,4
Please sit now right now. quickly,4
Please sit right now.,4
Please have a seat right now. please,4
Please sit properly right now. please,4
Please sit right now. right away,4
Please sit properly right now.,4
Please have a seat right now.,4
Please lower yourself and sit right now.,4
Please sit right now. now,4
Please lower yourself and sit right now. now,4
Please take a seat right now.,4
"Robot, move into a sitting posture in a relaxed manner.",4
"Robot, move into a sitting posture in a relaxed manner. quickly",4
"Robot, move into a sitting posture in a relaxed manner.",4
"Robot, move into a sitting posture in a relaxed manner. now",4
"Robot, move into a sitting posture in a relaxed manner. right away",4
Could you sit down in a relaxed manner.,4
Could you sit properly in a relaxed manner.,4
Could you sit properly in a relaxed manner. quickly,4
Could you sit now in a relaxed manner. please,4
Could you sit properly in a relaxed manner. please,4
Could you lower yourself and sit in a relaxed manner. now,4
Could you sit down in a relaxed manner. quickly,4
Could you sit down in a relaxed manner.,4
Could you sit in a relaxed manner. quickly,4
Could you sit in a relaxed manner.,4
Could you have a seat in a relaxed manner.,4
Could you lower yourself and sit in a relaxed manner. quickly,4
Could you sit down in a relaxed manner. right away,4
Could you have a seat in a relaxed manner. now,4
"Robot, sit down as instructed.",4
"Robot, sit properly as instructed. now",4
"Robot, lower yourself and sit as instructed.",4
"Robot, sit now as instructed.",4
"Robot, sit as instructed. please",4
"Robot, sit down as instructed. now",4
"Robot, have a seat as instructed. now",4
"Robot, have a seat as instructed.",4
"Robot, sit down as instructed.",4
"Robot, sit properly as instructed.",4
"Robot, sit as instructed.",4
"Robot, take a seat as instructed.",4
"Robot, have a seat as instructed. quickly",4
I need you to sit down slowly.,4
I need you to sit down slowly. quickly,4
I need you to lower yourself and sit slowly. please,4
I need you to take a seat slowly. please,4
I need you to sit now slowly.,4
I need you to sit down slowly.,4
I need you to sit slowly.,4
I need you to sit down slowly. now,4
I need you to have a seat slowly.,4
I need you to sit properly slowly.,4
I need you to sit properly slowly. right away,4
I need you to lower yourself and sit slowly.,4
Kindly lower yourself to sit as instructed.,4
Kindly lower yourself to sit as instructed. quickly,4
Kindly lower yourself to sit as instructed. please,4
Kindly lower yourself to sit as instructed. now,4
Kindly lower yourself to sit as instructed.,4
I need you to move into a sitting posture as instructed.,4
I need you to move into a sitting posture as instructed.,4
I need you to move into a sitting posture as instructed. now,4
I need you to move into a sitting posture as instructed. right away,4
Kindly take a seated position as instructed.,4
Kindly take a seated position as instructed. right away,4
Kindly take a seated position as instructed.,4
Kindly take a seated position as instructed. please,4
Kindly take a seated position as instructed. now,4
I need you to lower yourself to sit right now.,4
I need you to lower yourself to sit right now. please,4
I need you to lower yourself to sit right now. quickly,4
I need you to lower yourself to sit right now.,4
I need you to lower yourself to sit right now. right away,4
I need you to lower yourself to sit right now. now,4
Please lower yourself to sit in a relaxed manner.,4
Please lower yourself to sit in a relaxed manner.,4
Please lower yourself to sit in a relaxed manner. quickly,4
Please lower yourself to sit in a relaxed manner. right away,4
Please lower yourself to sit in a relaxed manner. please,4
I need you to take a seated position in a relaxed manner.,4
I need you to take a seated position in a relaxed manner. please,4
I need you to take a seated position in a relaxed manner. now,4
I need you to take a seated position in a relaxed manner.,4
I need you to take a seated position in a relaxed manner. right away,4
I need you to take a seated position in a relaxed manner. quickly,4
"Robot, lower yourself to sit right now.",4
"Robot, lower yourself to sit right now. now",4
"Robot, lower yourself to sit right now. right away",4
"Robot, lower yourself to sit right now.",4
Kindly lower yourself to sit right now.,4
Kindly lower yourself to sit right now.,4
Kindly lower yourself to sit right now. please,4
Kindly lower yourself to sit right now. now,4
Kindly lower yourself to sit right now. quickly,4
Could you take a seated position in a relaxed manner.,4
Could you take a seated position in a relaxed manner. quickly,4
Could you take a seated position in a relaxed manner. please,4
Could you take a seated position in a relaxed manner. right away,4
Could you take a seated position in a relaxed manner.,4
Please take a seated position as instructed.,4
Please take a seated position as instructed. quickly,4
Please take a seated position as instructed. now,4
Please take a seated position as instructed. please,4
Please take a seated position as instructed. right away,4
Please take a seated position as instructed.,4
Kindly take a seated position right now.,4
Kindly take a seated position right now. please,4
Kindly take a seated position right now. right away,4
Kindly take a seated position right now. now,4
Kindly take a seated position right now. quickly,4
Kindly take a seated position right now.,4
"Robot, take a seated position carefully.",4
"Robot, take a seated position carefully.",4
"Robot, take a seated position carefully. please",4
"Robot, take a seated position carefully. quickly",4
"Robot, take a seated position carefully. now",4
"Robot, take a seated position carefully. right away",4
"Robot, move into a sitting posture as instructed.",4
"Robot, move into a sitting posture as instructed. now",4
"Robot, move into a sitting posture as instructed.",4
"Robot, move into a sitting posture as instructed. right away",4
"Robot, take a seated position right now.",4
"Robot, take a seated position right now.",4
"Robot, take a seated position right now. right away",4
"Robot, take a seated position right now. now",4
"Robot, take a seated position right now. quickly",4
Could you lower yourself to sit as instructed.,4
Could you lower yourself to sit as instructed.,4
Could you lower yourself to sit as instructed. right away,4
Could you lower yourself to sit as instructed. now,4
Could you lower yourself to sit as instructed. quickly,4
Could you lower yourself to sit as instructed. please,4
Kindly move into a sitting posture right now.,4
Kindly move into a sitting posture right now. quickly,4
Kindly move into a sitting posture right now. now,4
Kindly move into a sitting posture right now.,4
Kindly move into a sitting posture right now. right away,4
Kindly move into a sitting posture right now. please,4
Please sit down in a relaxed manner.,4
Please sit down in a relaxed manner. please,4
Please have a seat in a relaxed manner.,4
Please sit properly in a relaxed manner.,4
Please take a seat in a relaxed manner. right away,4
Please sit now in a relaxed manner.,4
Please take a seat in a relaxed manner. quickly,4
Please sit in a relaxed manner.,4
Please sit down in a relaxed manner.,4
Please sit down in a relaxed manner. right away,4
Please sit now in a relaxed manner. quickly,4
Please take a seat in a relaxed manner.,4
"Robot, lower yourself to sit carefully.",4
"Robot, lower yourself to sit carefully. quickly",4
"Robot, lower yourself to sit carefully. right away",4
"Robot, lower yourself to sit carefully. now",4
"Robot, lower yourself to sit carefully.",4
Kindly take a seated position in a relaxed manner.,4
Kindly take a seated position in a relaxed manner. quickly,4
Kindly take a seated position in a relaxed manner.,4
Kindly take a seated position in a relaxed manner. right away,4
Kindly take a seated position in a relaxed manner. now,4
Kindly move into a sitting posture as instructed.,4
Kindly move into a sitting posture as instructed. now,4
Kindly move into a sitting posture as instructed. please,4
Kindly move into a sitting posture as instructed. quickly,4
Kindly move into a sitting posture as instructed.,4
"Robot, sit down in a relaxed manner.",4
"Robot, sit now in a relaxed manner. quickly",4
"Robot, take a seat in a relaxed manner.",4
"Robot, sit properly in a relaxed manner.",4
"Robot, have a seat in a relaxed manner. quickly",4
"Robot, sit in a relaxed manner. please",4
"Robot, sit down in a relaxed manner. now",4
"Robot, sit now in a relaxed manner.",4
"Robot, lower yourself and sit in a relaxed manner. please",4
"Robot, have a seat in a relaxed manner. right away",4
"Robot, sit down in a relaxed manner.",4
"Robot, sit in a relaxed manner.",4
"Robot, lower yourself and sit in a relaxed manner.",4
"Robot, lower yourself and sit in a relaxed manner. now",4
"Robot, have a seat in a relaxed manner.",4
"Robot, take a seated position slowly.",4
"Robot, take a seated position slowly. quickly",4
"Robot, take a seated position slowly.",4
"Robot, take a seated position slowly. now",4
"Robot, take a seated position slowly. right away",4
I need you to move into a sitting posture carefully.,4
I need you to move into a sitting posture carefully. please,4
I need you to move into a sitting posture carefully. quickly,4
I need you to move into a sitting posture carefully. now,4
I need you to move into a sitting posture carefully.,4
Kindly sit down slowly.,4
Kindly have a seat slowly. quickly,4
Kindly have a seat slowly. please,4
Kindly take a seat slowly.,4
Kindly sit down slowly.,4
Kindly lower yourself and sit slowly.,4
Kindly sit slowly.,4
Kindly sit properly slowly. please,4
Kindly sit now slowly.,4
Kindly sit now slowly. please,4
Kindly take a seated position carefully.,4
Kindly take a seated position carefully. please,4
Kindly take a seated position carefully. quickly,4
Kindly take a seated position carefully. right away,4
Kindly take a seated position carefully.,4
Could you lower yourself to sit in a relaxed manner.,4
Could you lower yourself to sit in a relaxed manner. now,4
Could you lower yourself to sit in a relaxed manner. please,4
Could you lower yourself to sit in a relaxed manner. quickly,4
Could you lower yourself to sit in a relaxed manner. right away,4
Could you lower yourself to sit in a relaxed manner.,4
Please move into a sitting posture slowly.,4
Please move into a sitting posture slowly. quickly,4
Please move into a sitting posture slowly. please,4
Please move into a sitting posture slowly.,4
Please move into a sitting posture slowly. now,4
Could you move into a sitting posture slowly.,4
Could you move into a sitting posture slowly. now,4
Could you move into a sitting posture slowly. please,4
Could you move into a sitting posture slowly. right away,4
Could you move into a sitting posture slowly.,4
Could you move into a sitting posture slowly. quickly,4
I need you to lower yourself to sit as instructed.,4
I need you to lower yourself to sit as instructed. right away,4
I need you to lower yourself to sit as instructed. now,4
I need you to lower yourself to sit as instructed.,4
"Robot, sit down right now.",4
"Robot, lower yourself and sit right now.",4
"Robot, sit properly right now. quickly",4
"Robot, sit properly right now.",4
"Robot, sit properly right now. right away",4
"Robot, have a seat right now.",4
"Robot, take a seat right now.",4
"Robot, sit right now.",4
"Robot, sit down right now. quickly",4
"Robot, sit down right now.",4
"Robot, sit down right now. now",4
"Robot, take a seat right now. quickly",4
"Robot, sit now right now.",4
I need you to take a seated position right now.,4
I need you to take a seated position right now. right away,4
I need you to take a seated position right now. now,4
I need you to take a seated position right now.,4
I need you to take a seated position as instructed.,4
I need you to take a seated position as instructed. quickly,4
I need you to take a seated position as instructed.,4
I need you to take a seated position as instructed. now,4
I need you to sit down right now.,4
I need you to take a seat right now.,4
I need you to sit now right now.,4
I need you to sit properly right now. right away,4
I need you to sit properly right now.,4
I need you to sit down right now. now,4
I need you to lower yourself and sit right now.,4
I need you to sit down right now.,4
I need you to sit right now.,4
I need you to have a seat right now. please,4
Could you lower yourself to sit carefully.,4
Could you lower yourself to sit carefully.,4
Could you lower yourself to sit carefully. right away,4
Could you lower yourself to sit carefully. quickly,4
Could you lower yourself to sit carefully. now,4
Could you move into a sitting posture carefully.,4
Could you move into a sitting posture carefully.,4
Could you move into a sitting posture carefully. right away,4
"Robot, move into a sitting posture slowly.",4
"Robot, move into a sitting posture slowly. quickly",4
"Robot, move into a sitting posture slowly.",4
"Robot, move into a sitting posture slowly. right away",4
"Robot, move into a sitting posture slowly. now",4
"Robot, move into a sitting posture slowly. please",4
Could you lower yourself to sit slowly.,4
Could you lower yourself to sit slowly.,4
Could you lower yourself to sit slowly. now,4
Could you lower yourself to sit slowly. quickly,4
Could you lower yourself to sit slowly. right away,4
Could you lower yourself to sit slowly. please,4
Please lower yourself to sit carefully.,4
Please lower yourself to sit carefully. right away,4
Please lower yourself to sit carefully. please,4
Please lower yourself to sit carefully.,4
"Robot, lower yourself to sit in a relaxed manner.",4
"Robot, lower yourself to sit in a relaxed manner.",4
"Robot, lower yourself to sit in a relaxed manner. right away",4
"Robot, lower yourself to sit in a relaxed manner. quickly",4
"Robot, lower yourself to sit in a relaxed manner. now",4
"Robot, lower yourself to sit in a relaxed manner. please",4
Please move into a sitting posture as instructed.,4
Please move into a sitting posture as instructed. now,4
Please move into a sitting posture as instructed. please,4
Please move into a sitting posture as instructed. quickly,4
Please move into a sitting posture as instructed. right away,4
Please move into a sitting posture as instructed.,4
Kindly lower yourself to sit carefully.,4
Kindly lower yourself to sit carefully. quickly,4
Kindly lower yourself to sit carefully.,4
Kindly lower yourself to sit carefully. please,4
Kindly lower yourself to sit carefully. right away,4
I need you to lower yourself to sit carefully.,4
I need you to lower yourself to sit carefully. please,4
I need you to lower yourself to sit carefully. quickly,4
I need you to lower yourself to sit carefully.,4
I need you to lower yourself to sit carefully. right away,4
I need you to lower yourself to sit carefully. now,4
"Robot, sit down carefully.",4
"Robot, have a seat carefully.",4
"Robot, sit carefully. right away",4
"Robot, take a seat carefully. quickly",4
"Robot, sit carefully.",4
"Robot, sit carefully. now",4
"Robot, take a seat carefully.",4
"Robot, sit properly carefully.",4
"Robot, sit now carefully.",4
"Robot, have a seat carefully. right away",4
"Robot, lower yourself and sit carefully.",4
"Robot, sit down carefully.",4
"Robot, take a seated position in a relaxed manner.",4
"Robot, take a seated position in a relaxed manner. quickly",4
"Robot, take a seated position in a relaxed manner.",4
"Robot, take a seated position in a relaxed manner. now",4
Kindly sit down right now.,4
Kindly sit now right now. quickly,4
Kindly have a seat right now.,4
Kindly take a seat right now. right away,4
Kindly sit right now.,4
Kindly sit properly right now. now,4
Kindly take a seat right now. now,4
Kindly lower yourself and sit right now.,4
Kindly sit now right now.,4
Kindly sit now right now. please,4
Kindly take a seat right now.,4
Kindly sit down right now.,4
Kindly sit properly right now.,4
Kindly sit down in a relaxed manner.,4
Kindly lower yourself and sit in a relaxed manner.,4
Kindly sit properly in a relaxed manner.,4
Kindly sit now in a relaxed manner.,4
Kindly sit in a relaxed manner.,4
Kindly take a seat in a relaxed manner. now,4
Kindly sit down in a relaxed manner.,4
Kindly have a seat in a relaxed manner. please,4
Kindly have a seat in a relaxed manner.,4
Kindly sit in a relaxed manner. now,4
Kindly sit in a relaxed manner. please,4
Please sit down slowly.,4
Please sit slowly.,4
Please sit now slowly.,4
Please lower yourself and sit slowly. now,4
Please lower yourself and sit slowly.,4
Please take a seat slowly.,4
Please lower yourself and sit slowly. quickly,4
Please sit properly slowly.,4
Please take a seat slowly. right away,4
Please sit down slowly. right away,4
Please sit slowly. please,4
Please have a seat slowly. right away,4
Please take a seated position right now.,4
Please take a seated position right now. right away,4
Please take a seated position right now. please,4
Please take a seated position right now. quickly,4
Please take a seated position right now.,4
Kindly sit down carefully.,4
Kindly sit now carefully. right away,4
Kindly sit down carefully. please,4
Kindly sit carefully. quickly,4
Kindly sit properly carefully.,4
Kindly sit carefully. now,4
Kindly sit down carefully.,4
Kindly sit now carefully.,4
Kindly sit now carefully. quickly,4
Kindly take a seat carefully.,4
Kindly lower yourself and sit carefully.,4
Kindly sit carefully.,4
Kindly have a seat carefully.,4
Please take a seated position slowly.,4
Please take a seated position slowly. now,4
Please take a seated position slowly.,4
Please take a seated position slowly. right away,4
Please take a seated position slowly. please,4
Please take a seated position slowly. quickly,4
"Robot, move into a sitting posture right now.",4
"Robot, move into a sitting posture right now. quickly",4
"Robot, move into a sitting posture right now.",4
"Robot, move into a sitting posture right now. please",4
Could you move into a sitting posture as instructed.,4
Could you move into a sitting posture as instructed. right away,4
Could you move into a sitting posture as instructed.,4
Could you move into a sitting posture as instructed. quickly,4
Could you move into a sitting posture as instructed. please,4
Kindly move into a sitting posture slowly.,4
Kindly move into a sitting posture slowly.,4
Kindly move into a sitting posture slowly. right away,4
Kindly move into a sitting posture slowly. now,4
Kindly move into a sitting posture slowly. please,4
Kindly move into a sitting posture slowly. quickly,4
Could you lower yourself to sit right now.,4
Could you lower yourself to sit right now. right away,4
Could you lower yourself to sit right now. now,4
Could you lower yourself to sit right now. please,4
Could you lower yourself to sit right now. quickly,4
Could you lower yourself to sit right now.,4
I need you to move into a sitting posture in a relaxed manner.,4
I need you to move into a sitting posture in a relaxed manner. please,4
I need you to move into a sitting posture in a relaxed manner. now,4
I need you to move into a sitting posture in a relaxed manner.,4
I need you to move into a sitting posture in a relaxed manner. quickly,4
Could you move into a sitting posture right now.,4
Could you move into a sitting posture right now. please,4
Could you move into a sitting posture right now. now,4
Could you move into a sitting posture right now.,4
Could you move into a sitting posture right now. right away,4
يلا يا روبوت اقعد شوي شوي شوي.,4
يلا يا روبوت اقعد شوي شوي شوي. بسرعة,4
يلا يا روبوت اقعد شوي شوي شوي. هلق,4
يلا يا روبوت اقعد شوي شوي شوي. يلا,4
يلا يا روبوت اقعد شوي شوي شوي. من فضلك,4
يلا يا روبوت اقعد شوي شوي شوي.,4
يلا يا روبوت اقعد هلق.,4
يلا يا روبوت اقعد هلق. يلا,4
يلا يا روبوت اقعد هلق.,4
يلا يا روبوت اقعد هلق. من فضلك,4
اجلس اقعد شوي شوي شوي.,4
اجلس الآن اقعد شوي شوي شوي. يلا,4
تفضل بالجلوس اقعد شوي شوي شوي.,4
اقعد اقعد شوي شوي شوي.,4
اقعد لو سمحت اقعد شوي شوي شوي.,4
اقعد لو سمحت اقعد شوي شوي شوي. بسرعة,4
اجلس اقعد شوي شوي شوي.,4
اقعد اقعد شوي شوي شوي. من فضلك,4
اجلس الآن اقعد شوي شوي شوي.,4
تفضل بالجلوس اقعد شوي شوي شوي. يلا,4
ارجوك اجلس شوي شوي.,4
ارجوك اجلس شوي شوي. يلا,4
ارجوك اقعد لو سمحت شوي شوي. بسرعة,4
ارجوك تفضل بالجلوس شوي شوي. يلا,4
ارجوك اقعد لو سمحت شوي شوي.,4
ارجوك تفضل بالجلوس شوي شوي.,4
ارجوك اقعد لو سمحت شوي شوي. يلا,4
ارجوك اجلس الآن شوي شوي.,4
ارجوك اجلس الآن شوي شوي. هلق,4
ارجوك اجلس شوي شوي.,4
ارجوك اقعد شوي شوي.,4
اجلس انزل لتحت شوي شوي.,4
اجلس انزل لتحت شوي شوي.,4
تفضل بالجلوس انزل لتحت شوي شوي.,4
اقعد لو سمحت انزل لتحت شوي شوي.,4
تفضل بالجلوس انزل لتحت شوي شوي. يلا,4
اقعد انزل لتحت شوي شوي.,4
اقعد لو سمحت انزل لتحت شوي شوي. هلق,4
اقعد لو سمحت انزل لتحت شوي شوي. من فضلك,4
اجلس الآن انزل لتحت شوي شوي.,4
يلا يا روبوت اجلس هلق.,4
يلا يا روبوت اقعد لو سمحت هلق. هلق,4
يلا يا روبوت تفضل بالجلوس هلق.,4
يلا يا روبوت اجلس الآن هلق.,4
يلا يا روبوت اجلس هلق.,4
يلا يا روبوت تفضل بالجلوس هلق. من فضلك,4
يلا يا روبوت اقعد هلق.,4
يلا يا روبوت اقعد لو سمحت هلق.,4
يلا يا روبوت اجلس على مهلك.,4
يلا يا روبوت اجلس على مهلك.,4
يلا يا روبوت اقعد لو سمحت على مهلك. يلا,4
يلا يا روبوت اقعد لو سمحت على مهلك. هلق,4
يلا يا روبوت اجلس الآن على مهلك.,4
يلا يا روبوت تفضل بالجلوس على مهلك.,4
يلا يا روبوت تفضل بالجلوس على مهلك. بسرعة,4
يلا يا روبوت اقعد لو سمحت على مهلك.,4
يلا يا روبوت اجلس الآن على مهلك. بسرعة,4
يلا يا روبوت اجلس على مهلك. بسرعة,4
يلا يا روبوت اقعد على مهلك. من فضلك,4
ارجوك اجلس على مهلك.,4
ارجوك اقعد لو سمحت على مهلك. من فضلك,4
ارجوك تفضل بالجلوس على مهلك. بسرعة,4
ارجوك اقعد لو سمحت على مهلك. هلق,4
ارجوك تفضل بالجلوس على مهلك. يلا,4
ارجوك اقعد لو سمحت على مهلك.,4
ارجوك تفضل بالجلوس على مهلك.,4
ارجوك اقعد على مهلك.,4
ارجوك اجلس على مهلك.,4
ارجوك اجلس الآن على مهلك.,4
ارجوك اجلس على مهلك. بسرعة,4
ارجوك انزل لتحت هلق.,4
ارجوك انزل لتحت هلق.,4
ارجوك انزل لتحت هلق. بسرعة,4
ارجوك انزل لتحت هلق. من فضلك,4
اجلس اقعد شوي هلق.,4
اجلس اقعد شوي هلق.,4
اجلس الآن اقعد شوي هلق.,4
اقعد اقعد شوي هلق. من فضلك,4
تفضل بالجلوس اقعد شوي هلق. بسرعة,4
اقعد لو سمحت اقعد شوي هلق.,4
اقعد اقعد شوي هلق.,4
اجلس اقعد شوي هلق. من فضلك,4
اقعد اقعد شوي هلق. يلا,4
تفضل بالجلوس اقعد شوي هلق. هلق,4
اجلس الآن اقعد شوي هلق. هلق,4
تفضل بالجلوس اقعد شوي هلق.,4
لو سمحت اقعد شوي شوي شوي.,4
لو سمحت اقعد شوي شوي شوي. يلا,4
لو سمحت اقعد شوي شوي شوي. من فضلك,4
لو سمحت اقعد شوي شوي شوي.,4
لو سمحت اقعد شوي شوي شوي. هلق,4
يلا يا روبوت اقعد شوي شوي.,4
يلا يا روبوت اقعد شوي شوي. هلق,4
يلا يا روبوت اقعد شوي شوي. بسرعة,4
يلا يا روبوت اقعد شوي شوي. من فضلك,4
يلا يا روبوت اقعد شوي شوي.,4
يلا يا روبوت اقعد شوي على مهلك.,4
يلا يا روبوت اقعد شوي على مهلك.,4
يلا يا روبوت اقعد شوي على مهلك. بسرعة,4
يلا يا روبوت اقعد شوي على مهلك. هلق,4
يلا يا روبوت اقعد شوي على مهلك. من فضلك,4
يلا يا روبوت اقعد شوي على مهلك. يلا,4
ارجوك انزل لتحت على مهلك.,4
ارجوك انزل لتحت على مهلك. بسرعة,4
ارجوك انزل لتحت على مهلك. هلق,4
ارجوك انزل لتحت على مهلك.,4
ارجوك اقعد على مهلك.,4
ارجوك اقعد على مهلك. من فضلك,4
ارجوك اقعد على مهلك. بسرعة,4
ارجوك اقعد على مهلك.,4
ارجوك انزل لتحت شوي شوي.,4
ارجوك انزل لتحت شوي شوي.,4
ارجوك انزل لتحت شوي شوي. هلق,4
ارجوك انزل لتحت شوي شوي. يلا,4
لو سمحت اقعد هلق.,4
لو سمحت اقعد هلق. هلق,4
لو سمحت اقعد هلق. يلا,4
لو سمحت اقعد هلق. بسرعة,4
لو سمحت اقعد هلق.,4
يلا يا روبوت انزل لتحت شوي شوي.,4
يلا يا روبوت انزل لتحت شوي شوي.,4
يلا يا روبوت انزل لتحت شوي شوي. بسرعة,4
يلا يا روبوت انزل لتحت شوي شوي. يلا,4
يلا يا روبوت انزل لتحت شوي شوي. هلق,4
اجلس اقعد شوي متل ما قلتلك.,4
اقعد اقعد شوي متل ما قلتلك.,4
اجلس الآن اقعد شوي متل ما قلتلك.,4
اجلس اقعد شوي متل ما قلتلك.,4
تفضل بالجلوس اقعد شوي متل ما قلتلك.,4
اقعد اقعد شوي متل ما قلتلك. هلق,4
اقعد لو سمحت اقعد شوي متل ما قلتلك.,4
تفضل بالجلوس اقعد شوي متل ما قلتلك. يلا,4
اجلس اقعد شوي متل ما قلتلك. هلق,4
اجلس اقعد شوي متل ما قلتلك. يلا,4
ارجوك اجلس هلق.,4
ارجوك تفضل بالجلوس هلق. من فضلك,4
ارجوك تفضل بالجلوس هلق.,4
ارجوك اجلس الآن هلق. من فضلك,4
ارجوك اجلس الآن هلق.,4
ارجوك اجلس هلق. بسرعة,4
ارجوك تفضل بالجلوس هلق. هلق,4
ارجوك اقعد لو سمحت هلق.,4
ارجوك اقعد هلق.,4
ارجوك اقعد هلق. من فضلك,4
ارجوك اجلس هلق.,4
ارجوك اجلس هلق. من فضلك,4
ارجوك اقعد هلق. يلا,4
يلا يا روبوت اقعد شوي متل ما قلتلك.,4
يلا يا روبوت اقعد شوي متل ما قلتلك.,4
يلا يا روبوت اقعد شوي متل ما قلتلك. بسرعة,4
يلا يا روبوت اقعد شوي متل ما قلتلك. هلق,4
لو سمحت اقعد على مهلك.,4
لو سمحت اقعد على مهلك.,4
لو سمحت اقعد على مهلك. يلا,4
لو سمحت اقعد على مهلك. هلق,4
لو سمحت اقعد على مهلك. من فضلك,4
لو سمحت اقعد شوي على مهلك.,4
لو سمحت اقعد شوي على مهلك. بسرعة,4
لو سمحت اقعد شوي على مهلك. يلا,4
لو سمحت اقعد شوي على مهلك. هلق,4
لو سمحت اقعد شوي على مهلك. من فضلك,4
لو سمحت اقعد شوي على مهلك.,4
اجلس انزل لتحت على مهلك.,4
اقعد لو سمحت انزل لتحت على مهلك.,4
اجلس الآن انزل لتحت على مهلك. من فضلك,4
اقعد لو سمحت انزل لتحت على مهلك. بسرعة,4
اجلس الآن انزل لتحت على مهلك.,4
اقعد انزل لتحت على مهلك.,4
اجلس انزل لتحت على مهلك.,4
اقعد لو سمحت انزل لتحت على مهلك. هلق,4
تفضل بالجلوس انزل لتحت على مهلك. من فضلك,4
اجلس الآن انزل لتحت على مهلك. يلا,4
تفضل بالجلوس انزل لتحت على مهلك.,4
اقعد انزل لتحت على مهلك. هلق,4
لو سمحت انزل لتحت متل ما قلتلك.,4
لو سمحت انزل لتحت متل ما قلتلك.,4
لو سمحت انزل لتحت متل ما قلتلك. من فضلك,4
لو سمحت انزل لتحت متل ما قلتلك. هلق,4
لو سمحت انزل لتحت متل ما قلتلك. بسرعة,4
يلا يا روبوت انزل لتحت متل ما قلتلك.,4
يلا يا روبوت انزل لتحت متل ما قلتلك. بسرعة,4
يلا يا روبوت انزل لتحت متل ما قلتلك.,4
يلا يا روبوت انزل لتحت متل ما قلتلك. هلق,4
لو سمحت اقعد شوي شوي.,4
لو سمحت اقعد شوي شوي. من فضلك,4
لو سمحت اقعد شوي شوي. بسرعة,4
لو سمحت اقعد شوي شوي. هلق,4
لو سمحت اقعد شوي شوي.,4
لو سمحت اجلس شوي شوي.,4
لو سمحت اقعد شوي شوي. بسرعة,4
لو سمحت تفضل بالجلوس شوي شوي. من فضلك,4
لو سمحت تفضل بالجلوس شوي شوي.,4
لو سمحت تفضل بالجلوس شوي شوي. هلق,4
لو سمحت اقعد لو سمحت شوي شوي.,4
لو سمحت اجلس الآن شوي شوي.,4
لو سمحت تفضل بالجلوس شوي شوي. يلا,4
لو سمحت اقعد شوي شوي.,4
اجلس اقعد شوي شوي.,4
تفضل بالجلوس اقعد شوي شوي. يلا,4
اقعد لو سمحت اقعد شوي شوي.,4
اجلس اقعد شوي شوي. من فضلك,4
تفضل بالجلوس اقعد شوي شوي.,4
تفضل بالجلوس اقعد شوي شوي. هلق,4
اجلس الآن اقعد شوي شوي. هلق,4
اجلس اقعد شوي شوي.,4
اقعد اقعد شوي شوي.,4
اجلس الآن اقعد شوي شوي.,4
اقعد لو سمحت اقعد شوي شوي. يلا,4
اقعد لو سمحت اقعد شوي شوي. بسرعة,4
ارجوك اقعد شوي شوي.,4
ارجوك اقعد شوي شوي. هلق,4
ارجوك اقعد شوي شوي.,4
ارجوك اقعد شوي شوي. يلا,4
ارجوك اقعد شوي شوي. من فضلك,4
لو سمحت انزل لتحت شوي شوي.,4
لو سمحت انزل لتحت شوي شوي. هلق,4
لو سمحت انزل لتحت شوي شوي. يلا,4
لو سمحت انزل لتحت شوي شوي. من فضلك,4
لو سمحت انزل لتحت شوي شوي.,4
لو سمحت انزل لتحت شوي شوي. بسرعة,4
ارجوك اقعد شوي شوي شوي.,4
ارجوك اقعد شوي شوي شوي. هلق,4
ارجوك اقعد شوي شوي شوي.,4
ارجوك اقعد شوي شوي شوي. بسرعة,4
ارجوك اقعد شوي شوي شوي. يلا,4
ارجوك اقعد شوي شوي شوي. من فضلك,4
يلا يا روبوت اجلس متل ما قلتلك.,4
يلا يا روبوت اجلس الآن متل ما قلتلك.,4
يلا يا روبوت تفضل بالجلوس متل ما قلتلك.,4
يلا يا روبوت اجلس متل ما قلتلك. يلا,4
يلا يا روبوت اجلس الآن متل ما قلتلك. يلا,4
يلا يا روبوت اقعد متل ما قلتلك. من فضلك,4
يلا يا روبوت اجلس متل ما قلتلك.,4
يلا يا روبوت تفضل بالجلوس متل ما قلتلك. من فضلك,4
يلا يا روبوت اجلس الآن متل ما قلتلك. من فضلك,4
يلا يا روبوت اقعد متل ما قلتلك.,4
يلا يا روبوت اقعد لو سمحت متل ما قلتلك.,4
لو سمحت اقعد شوي هلق.,4
لو سمحت اقعد شوي هلق.,4
لو سمحت اقعد شوي هلق. من فضلك,4
لو سمحت اقعد شوي هلق. بسرعة,4
اجلس انزل لتحت هلق.,4
اجلس انزل لتحت هلق. بسرعة,4
اجلس الآن انزل لتحت هلق.,4
اجلس انزل لتحت هلق.,4
تفضل بالجلوس انزل لتحت هلق.,4
اقعد لو سمحت انزل لتحت هلق. يلا,4
اقعد لو سمحت انزل لتحت هلق. بسرعة,4
اجلس الآن انزل لتحت هلق. من فضلك,4
اقعد لو سمحت انزل لتحت هلق.,4
اجلس انزل لتحت هلق. هلق,4
اقعد انزل لتحت هلق.,4
اجلس اقعد على مهلك.,4
تفضل بالجلوس اقعد على مهلك.,4
اقعد لو سمحت اقعد على مهلك.,4
اقعد اقعد على مهلك. يلا,4
اجلس اقعد على مهلك. يلا,4
اجلس اقعد على مهلك.,4
تفضل بالجلوس اقعد على مهلك. من فضلك,4
اقعد اقعد على مهلك.,4
اجلس الآن اقعد على مهلك. هلق,4
اقعد لو سمحت اقعد على مهلك. من فضلك,4
اجلس اقعد على مهلك. هلق,4
اجلس الآن اقعد على مهلك.,4
ارجوك اقعد شوي هلق.,4
ارجوك اقعد شوي هلق.,4
ارجوك اقعد شوي هلق. من فضلك,4
ارجوك اقعد شوي هلق. يلا,4
ارجوك اقعد شوي هلق. هلق,4
لو سمحت اجلس متل ما قلتلك.,4
لو سمحت اقعد متل ما قلتلك. هلق,4
لو سمحت اقعد لو سمحت متل ما قلتلك.,4
لو سمحت اقعد متل ما قلتلك. بسرعة,4
لو سمحت تفضل بالجلوس متل ما قلتلك.,4
لو سمحت اجلس متل ما قلتلك.,4
لو سمحت اقعد لو سمحت متل ما قلتلك. من فضلك,4
لو سمحت اقعد لو سمحت متل ما قلتلك. بسرعة,4
لو سمحت اجلس الآن متل ما قلتلك.,4
لو سمحت اقعد متل ما قلتلك.,4
لو سمحت اقعد متل ما قلتلك. من فضلك,4
لو سمحت اجلس الآن متل ما قلتلك. هلق,4
اجلس اجلس هلق.,4
اجلس الآن اجلس الآن هلق. بسرعة,4
تفضل بالجلوس تفضل بالجلوس هلق.,4
اجلس اجلس هلق.,4
اجلس اجلس هلق. من فضلك,4
اقعد لو سمحت اقعد لو سمحت هلق.,4
تفضل بالجلوس تفضل بالجلوس هلق. هلق,4
اقعد لو سمحت اقعد لو سمحت هلق. بسرعة,4
اقعد اقعد هلق.,4
تفضل بالجلوس تفضل بالجلوس هلق. يلا,4
اقعد لو سمحت اقعد لو سمحت هلق. هلق,4
اجلس الآن اجلس الآن هلق.,4
اجلس اقعد متل ما قلتلك.,4
اجلس اقعد متل ما قلتلك.,4
تفضل بالجلوس اقعد متل ما قلتلك.,4
تفضل بالجلوس اقعد متل ما قلتلك. يلا,4
اقعد اقعد متل ما قلتلك. هلق,4
اجلس الآن اقعد متل ما قلتلك.,4
اقعد لو سمحت اقعد متل ما قلتلك.,4
اقعد لو سمحت اقعد متل ما قلتلك. هلق,4
اقعد اقعد متل ما قلتلك.,4
اقعد لو سمحت اقعد متل ما قلتلك. من فضلك,4
اجلس اقعد متل ما قلتلك. بسرعة,4
اقعد لو سمحت اقعد متل ما قلتلك. بسرعة,4
لو سمحت انزل لتحت على مهلك.,4
لو سمحت انزل لتحت على مهلك.,4
لو سمحت انزل لتحت على مهلك. من فضلك,4
لو سمحت انزل لتحت على مهلك. بسرعة,4
لو سمحت انزل لتحت على مهلك. هلق,4
ارجوك اقعد هلق.,4
ارجوك اقعد هلق. بسرعة,4
ارجوك اقعد هلق.,4
ارجوك اقعد هلق. يلا,4
ارجوك اقعد هلق. هلق,4
لو سمحت انزل لتحت هلق.,4
لو سمحت انزل لتحت هلق.,4
لو سمحت انزل لتحت هلق. من فضلك,4
لو سمحت انزل لتحت هلق. هلق,4
لو سمحت انزل لتحت هلق. بسرعة,4
لو سمحت انزل لتحت هلق. يلا,4
يلا يا روبوت اقعد شوي هلق.,4
يلا يا روبوت اقعد شوي هلق. بسرعة,4
يلا يا روبوت اقعد شوي هلق. من فضلك,4
يلا يا روبوت اقعد شوي هلق.,4
يلا يا روبوت اقعد شوي هلق. يلا,4
يلا يا روبوت اقعد شوي هلق. هلق,4
ارجوك اقعد شوي على مهلك.,4
ارجوك اقعد شوي على مهلك. هلق,4
ارجوك اقعد شوي على مهلك. بسرعة,4
ارجوك اقعد شوي على مهلك. من فضلك,4
ارجوك اقعد شوي على مهلك.,4
ارجوك اقعد شوي على مهلك. يلا,4
ارجوك انزل لتحت متل ما قلتلك.,4
ارجوك انزل لتحت متل ما قلتلك.,4
ارجوك انزل لتحت متل ما قلتلك. يلا,4
ارجوك انزل لتحت متل ما قلتلك. بسرعة,4
ارجوك انزل لتحت متل ما قلتلك. هلق,4
ارجوك انزل لتحت متل ما قلتلك. من فضلك,4
يلا يا روبوت اجلس شوي شوي.,4
يلا يا روبوت اقعد شوي شوي.,4
يلا يا روبوت اقعد لو سمحت شوي شوي. يلا,4
يلا يا روبوت تفضل بالجلوس شوي شوي.,4
يلا يا روبوت اجلس شوي شوي.,4
يلا يا روبوت اقعد شوي شوي. هلق,4
يلا يا روبوت اقعد شوي شوي. من فضلك,4
يلا يا روبوت تفضل بالجلوس شوي شوي. بسرعة,4
يلا يا روبوت اجلس الآن شوي شوي. من فضلك,4
يلا يا روبوت اجلس الآن شوي شوي.,4
يلا يا روبوت اقعد لو سمحت شوي شوي.,4
لو سمحت اجلس هلق.,4
لو سمحت اجلس الآن هلق. بسرعة,4
لو سمحت تفضل بالجلوس هلق.,4
لو سمحت اجلس الآن هلق. هلق,4
لو سمحت اجلس هلق.,4
لو سمحت اجلس الآن هلق.,4
لو سمحت اقعد هلق.,4
لو سمحت اقعد هلق. هلق,4
لو سمحت اجلس هلق. بسرعة,4
لو سمحت اجلس هلق. يلا,4
لو سمحت اقعد لو سمحت هلق. يلا,4
لو سمحت اقعد لو سمحت هلق.,4
اجلس انزل لتحت متل ما قلتلك.,4
اقعد انزل لتحت متل ما قلتلك. من فضلك,4
تفضل بالجلوس انزل لتحت متل ما قلتلك.,4
اجلس انزل لتحت متل ما قلتلك.,4
اقعد لو سمحت انزل لتحت متل ما قلتلك.,4
اقعد انزل لتحت متل ما قلتلك.,4
اجلس الآن انزل لتحت متل ما قلتلك.,4
يلا يا روبوت انزل لتحت على مهلك.,4
يلا يا روبوت انزل لتحت على مهلك. يلا,4
يلا يا روبوت انزل لتحت على مهلك.,4
يلا يا روبوت انزل لتحت على مهلك. هلق,4
يلا يا روبوت انزل لتحت على مهلك. من فضلك,4
ارجوك اقعد متل ما قلتلك.,4
ارجوك اقعد متل ما قلتلك. يلا,4
ارجوك اقعد متل ما قلتلك. هلق,4
ارجوك اقعد متل ما قلتلك. من فضلك,4
ارجوك اقعد متل ما قلتلك. بسرعة,4
ارجوك اقعد متل ما قلتلك.,4
لو سمحت اقعد شوي متل ما قلتلك.,4
لو سمحت اقعد شوي متل ما قلتلك. يلا,4
لو سمحت اقعد شوي متل ما قلتلك. من فضلك,4
لو سمحت اقعد شوي متل ما قلتلك. هلق,4
لو سمحت اقعد شوي متل ما قلتلك.,4
يلا يا روبوت اقعد متل ما قلتلك.,4
يلا يا روبوت اقعد متل ما قلتلك. هلق,4
يلا يا روبوت اقعد متل ما قلتلك. من فضلك,4
يلا يا روبوت اقعد متل ما قلتلك. بسرعة,4
يلا يا روبوت اقعد متل ما قلتلك. يلا,4
يلا يا روبوت اقعد متل ما قلتلك.,4
ارجوك اقعد شوي متل ما قلتلك.,4
ارجوك اقعد شوي متل ما قلتلك. هلق,4
ارجوك اقعد شوي متل ما قلتلك. يلا,4
ارجوك اقعد شوي متل ما قلتلك.,4
ارجوك اقعد شوي متل ما قلتلك. بسرعة,4
اجلس اجلس شوي شوي.,4
اجلس الآن اجلس الآن شوي شوي.,4
تفضل بالجلوس تفضل بالجلوس شوي شوي.,4
اقعد اقعد شوي شوي. بسرعة,4
اقعد اقعد شوي شوي. يلا,4
اقعد لو سمحت اقعد لو سمحت شوي شوي. يلا,4
اقعد لو سمحت اقعد لو سمحت شوي شوي. هلق,4
اجلس اجلس شوي شوي. بسرعة,4
اقعد لو سمحت اقعد لو سمحت شوي شوي. من فضلك,4
اقعد لو سمحت اقعد لو سمحت شوي شوي.,4
تفضل بالجلوس تفضل بالجلوس شوي شوي. بسرعة,4
اقعد اقعد شوي شوي.,4
لو سمحت اقعد متل ما قلتلك.,4
لو سمحت اقعد متل ما قلتلك.,4
لو سمحت اقعد متل ما قلتلك. هلق,4
لو سمحت اقعد متل ما قلتلك. يلا,4
لو سمحت اقعد متل ما قلتلك. من فضلك,4
اجلس اقعد هلق.,4
اقعد لو سمحت اقعد هلق.,4
تفضل بالجلوس اقعد هلق.,4
اقعد لو سمحت اقعد هلق. من فضلك,4
اقعد اقعد هلق. بسرعة,4
اجلس الآن اقعد هلق. من فضلك,4
اجلس الآن اقعد هلق.,4
اقعد اقعد هلق. هلق,4
تفضل بالجلوس اقعد هلق. بسرعة,4
اقعد اقعد هلق.,4
اجلس اقعد هلق.,4
اقعد لو سمحت اقعد هلق. بسرعة,4
اجلس اقعد شوي على مهلك.,4
تفضل بالجلوس اقعد شوي على مهلك.,4
اقعد اقعد شوي على مهلك.,4
اقعد لو سمحت اقعد شوي على مهلك. من فضلك,4
اجلس الآن اقعد شوي على مهلك.,4
اجلس الآن اقعد شوي على مهلك. بسرعة,4
اقعد لو سمحت اقعد شوي على مهلك.,4
اجلس الآن اقعد شوي على مهلك. من فضلك,4
اقعد لو سمحت اقعد شوي على مهلك. يلا,4
اجلس اقعد شوي على مهلك. بسرعة,4
اجلس اقعد شوي على مهلك.,4
ارجوك اجلس متل ما قلتلك.,4
ارجوك تفضل بالجلوس متل ما قلتلك.,4
ارجوك اجلس الآن متل ما قلتلك.,4
ارجوك اقعد متل ما قلتلك. يلا,4
ارجوك اقعد متل ما قلتلك. هلق,4
ارجوك تفضل بالجلوس متل ما قلتلك. يلا,4
ارجوك اجلس متل ما قلتلك.,4
ارجوك اجلس الآن متل ما قلتلك. من فضلك,4
ارجوك اجلس الآن متل ما قلتلك. يلا,4
ارجوك اقعد لو سمحت متل ما قلتلك.,4
ارجوك اقعد متل ما قلتلك.,4
ارجوك تفضل بالجلوس متل ما قلتلك. هلق,4
لو سمحت اجلس على مهلك.,4
لو سمحت اجلس على مهلك.,4
لو سمحت اجلس على مهلك. يلا,4
لو سمحت اقعد على مهلك.,4
لو سمحت اجلس الآن على مهلك. من فضلك,4
لو سمحت اقعد على مهلك. من فضلك,4
لو سمحت تفضل بالجلوس على مهلك.,4
لو سمحت اقعد لو سمحت على مهلك.,4
لو سمحت اجلس الآن على مهلك.,4
لو سمحت اجلس الآن على مهلك. يلا,4
يلا يا روبوت اقعد على مهلك.,4
يلا يا روبوت اقعد على مهلك.,4
يلا يا روبوت اقعد على مهلك. بسرعة,4
يلا يا روبوت اقعد على مهلك. يلا,4
يلا يا روبوت اقعد على مهلك. هلق,4
اجلس اجلس على مهلك.,4
اقعد لو سمحت اقعد لو سمحت على مهلك.,4
اجلس اجلس على مهلك.,4
اجلس الآن اجلس الآن على مهلك. من فضلك,4
تفضل بالجلوس تفضل بالجلوس على مهلك.,4
تفضل بالجلوس تفضل بالجلوس على مهلك. هلق,4
تفضل بالجلوس تفضل بالجلوس على مهلك. يلا,4
اجلس الآن اجلس الآن على مهلك. يلا,4
اقعد اقعد على مهلك.,4
اجلس الآن اجلس الآن على مهلك.,4
اقعد اقعد على مهلك. بسرعة,4
اجلس اجلس على مهلك. بسرعة,4
تفضل بالجلوس تفضل بالجلوس على مهلك. بسرعة,4
يلا يا روبوت انزل لتحت هلق.,4
يلا يا روبوت انزل لتحت هلق.,4
يلا يا روبوت انزل لتحت هلق. هلق,4
يلا يا روبوت انزل لتحت هلق. بسرعة,4
يلا يا روبوت انزل لتحت هلق. يلا,4
اجلس اجلس متل ما قلتلك.,4
اجلس اجلس متل ما قلتلك. من فضلك,4
اقعد لو سمحت اقعد لو سمحت متل ما قلتلك. من فضلك,4
اجلس اجلس متل ما قلتلك.,4
اجلس الآن اجلس الآن متل ما قلتلك. من فضلك,4
اقعد لو سمحت اقعد لو سمحت متل ما قلتلك.,4
اجلس اجلس متل ما قلتلك. بسرعة,4
تفضل بالجلوس تفضل بالجلوس متل ما قلتلك.,4
اقعد اقعد متل ما قلتلك. هلق,4
اجلس الآن اجلس الآن متل ما قلتلك.,4
اجلس اجلس متل ما قلتلك. هلق,4
اقعد اقعد متل ما قلتلك.,4
تفضل بالجلوس تفضل بالجلوس متل ما قلتلك. من فضلك,4
تفضل بالجلوس تفضل بالجلوس متل ما قلتلك. يلا,4
اجلس الآن اجلس الآن متل ما قلتلك. بسرعة,4
"Robot, get up slowly.",5
"Robot, get up slowly. right away",5
"Robot, get up slowly. now",5
"Robot, get up slowly. please",5
"Robot, get up slowly.",5
"Robot, get up slowly. quickly",5
"Robot, move into a standing posture carefully.",5
"Robot, move into a standing posture carefully. now",5
"Robot, move into a standing posture carefully.",5
"Robot, move into a standing posture carefully. right away",5
Please get up as instructed.,5
Please get up as instructed. quickly,5
Please get up as instructed.,5
Please get up as instructed. please,5
Please get up as instructed. now,5
Kindly get up slowly.,5
Kindly get up slowly. quickly,5
Kindly get up slowly.,5
Kindly get up slowly. please,5
Kindly get up slowly. now,5
Kindly get up slowly. right away,5
Kindly rise to your feet properly.,5
Kindly rise to your feet properly. right away,5
Kindly rise to your feet properly. quickly,5
Kindly rise to your feet properly. now,5
Kindly rise to your feet properly. please,5
Kindly rise to your feet properly.,5
Kindly move into a standing posture slowly.,5
Kindly move into a standing posture slowly. now,5
Kindly move into a standing posture slowly. right away,5
Kindly move into a standing posture slowly. please,5
Kindly move into a standing posture slowly. quickly,5
Kindly move into a standing posture slowly.,5
"Robot, get up properly.",5
"Robot, get up properly. right away",5
"Robot, get up properly. now",5
"Robot, get up properly. please",5
"Robot, get up properly.",5
"Robot, get up properly. quickly",5
Please rise to your feet as instructed.,5
Please rise to your feet as instructed. please,5
Please rise to your feet as instructed. quickly,5
Please rise to your feet as instructed. right away,5
Please rise to your feet as instructed. now,5
Please rise to your feet as instructed.,5
Kindly get up carefully.,5
Kindly get up carefully.,5
Kindly get up carefully. now,5
Kindly get up carefully. please,5
Kindly get up carefully. quickly,5
Could you rise to your feet right now.,5
Could you rise to your feet right now.,5
Could you rise to your feet right now. quickly,5
Could you rise to your feet right now. please,5
Could you rise to your feet right now. now,5
Could you rise to your feet right now. right away,5
Please stand up slowly.,5
Please get up slowly.,5
Please stand slowly.,5
Please rise slowly. please,5
Please stand up slowly. now,5
Please stand now slowly.,5
Please rise slowly.,5
Please stand up slowly. please,5
Please stand now slowly. quickly,5
Please stand up slowly. right away,5
Please get up slowly. right away,5
Please stand up slowly.,5
I need you to move into a standing posture carefully.,5
I need you to move into a standing posture carefully.,5
I need you to move into a standing posture carefully. quickly,5
I need you to move into a standing posture carefully. right away,5
I need you to move into a standing posture carefully. please,5
Kindly rise to your feet right now.,5
Kindly rise to your feet right now.,5
Kindly rise to your feet right now. quickly,5
Kindly rise to your feet right now. right away,5
I need you to stand up properly.,5
I need you to get up properly. now,5
I need you to stand properly.,5
I need you to stand now properly. right away,5
I need you to stand now properly. please,5
I need you to rise properly.,5
I need you to get up properly.,5
I need you to stand straight properly. quickly,5
I need you to stand properly. now,5
I need you to stand straight properly.,5
I need you to stand now properly.,5
I need you to get up properly.,5
I need you to get up properly. now,5
I need you to get up properly. right away,5
I need you to get up properly. quickly,5
I need you to get up properly. please,5
I need you to get up properly.,5
I need you to move into a standing posture as instructed.,5
I need you to move into a standing posture as instructed. now,5
I need you to move into a standing posture as instructed. please,5
I need you to move into a standing posture as instructed. quickly,5
I need you to move into a standing posture as instructed. right away,5
I need you to move into a standing posture as instructed.,5
Could you stand up properly.,5
Could you stand straight properly. quickly,5
Could you stand up properly. right away,5
Could you get up properly.,5
Could you get up properly. right away,5
Could you rise properly.,5
Could you stand up properly.,5
Could you stand up properly. now,5
Could you stand up properly. please,5
Could you stand now properly. quickly,5
Could you stand straight properly.,5
Could you rise properly. please,5
Could you stand properly.,5
Could you stand properly. please,5
"Robot, rise to your feet right now.",5
"Robot, rise to your feet right now. now",5
"Robot, rise to your feet right now.",5
"Robot, rise to your feet right now. quickly",5
"Robot, rise to your feet slowly.",5
"Robot, rise to your feet slowly. now",5
"Robot, rise to your feet slowly.",5
Kindly rise to your feet as instructed.,5
Kindly rise to your feet as instructed. quickly,5
Kindly rise to your feet as instructed.,5
Kindly rise to your feet as instructed. please,5
Kindly rise to your feet as instructed. now,5
I need you to stand up slowly.,5
I need you to stand up slowly.,5
I need you to stand now slowly. quickly,5
I need you to stand up slowly. quickly,5
I need you to stand straight slowly.,5
I need you to stand straight slowly. right away,5
I need you to get up slowly. please,5
I need you to rise slowly.,5
I need you to stand slowly. please,5
I need you to rise slowly. quickly,5
I need you to get up slowly.,5
I need you to stand now slowly.,5
Could you move into a standing posture properly.,5
Could you move into a standing posture properly. now,5
Could you move into a standing posture properly. right away,5
Could you move into a standing posture properly.,5
Could you move into a standing posture properly. please,5
Could you move into a standing posture properly. quickly,5
Please move into a standing posture right now.,5
Please move into a standing posture right now. please,5
Please move into a standing posture right now. now,5
Please move into a standing posture right now. quickly,5
Please move into a standing posture right now. right away,5
Please move into a standing posture right now.,5
Could you stand up as instructed.,5
Could you stand up as instructed. right away,5
Could you stand now as instructed. quickly,5
Could you stand up as instructed.,5
Could you stand straight as instructed.,5
Could you stand straight as instructed. now,5
Could you stand now as instructed.,5
Could you rise as instructed.,5
Could you stand as instructed.,5
Could you stand as instructed. now,5
Could you rise as instructed. please,5
Please get up properly.,5
Please get up properly. right away,5
Please get up properly. now,5
Please get up properly.,5
Please get up properly. please,5
I need you to rise to your feet slowly.,5
I need you to rise to your feet slowly. right away,5
I need you to rise to your feet slowly.,5
I need you to rise to your feet slowly. now,5
I need you to rise to your feet slowly. quickly,5
I need you to get up carefully.,5
I need you to get up carefully.,5
I need you to get up carefully. now,5
I need you to get up carefully. right away,5
I need you to get up carefully. please,5
Could you rise to your feet carefully.,5
Could you rise to your feet carefully. right away,5
Could you rise to your feet carefully.,5
Could you rise to your feet carefully. please,5
"Robot, get up as instructed.",5
"Robot, get up as instructed. now",5
"Robot, get up as instructed. quickly",5
"Robot, get up as instructed. please",5
"Robot, get up as instructed.",5
Could you rise to your feet as instructed.,5
Could you rise to your feet as instructed.,5
Could you rise to your feet as instructed. please,5
Could you rise to your feet as instructed. quickly,5
Please move into a standing posture properly.,5
Please move into a standing posture properly. right away,5
Please move into a standing posture properly.,5
Please move into a standing posture properly. please,5
Please move into a standing posture properly. now,5
Please rise to your feet slowly.,5
Please rise to your feet slowly.,5
Please rise to your feet slowly. right away,5
Please rise to your feet slowly. quickly,5
Please rise to your feet slowly. now,5
Please rise to your feet slowly. please,5
"Robot, stand up carefully.",5
"Robot, rise carefully.",5
"Robot, stand carefully. now",5
"Robot, stand now carefully.",5
"Robot, stand carefully.",5
"Robot, stand carefully. quickly",5
"Robot, stand straight carefully.",5
"Robot, stand up carefully. please",5
"Robot, rise carefully. now",5
"Robot, get up carefully. right away",5
"Robot, stand up carefully. right away",5
"Robot, get up carefully. now",5
"Robot, get up carefully. please",5
"Robot, stand up carefully.",5
"Robot, stand up carefully. quickly",5
Kindly stand up slowly.,5
Kindly stand up slowly.,5
Kindly stand up slowly. please,5
Kindly get up slowly.,5
Kindly stand now slowly. now,5
Kindly stand slowly.,5
Kindly stand straight slowly.,5
Kindly stand now slowly.,5
Kindly stand now slowly. quickly,5
Kindly get up slowly. now,5
Kindly rise slowly.,5
Could you stand up right now.,5
Could you stand right now.,5
Could you rise right now.,5
Could you stand straight right now.,5
Could you stand up right now.,5
Could you rise right now. now,5
Could you stand now right now.,5
Could you get up right now.,5
Could you stand up right now. please,5
Could you stand up right now. quickly,5
Could you stand right now. now,5
I need you to stand up as instructed.,5
I need you to stand as instructed.,5
I need you to get up as instructed.,5
I need you to stand now as instructed. right away,5
I need you to stand now as instructed.,5
I need you to stand straight as instructed. please,5
I need you to rise as instructed.,5
I need you to stand straight as instructed.,5
I need you to stand up as instructed.,5
I need you to rise as instructed. right away,5
I need you to stand straight as instructed. quickly,5
Kindly move into a standing posture right now.,5
Kindly move into a standing posture right now.,5
Kindly move into a standing posture right now. now,5
Kindly move into a standing posture right now. quickly,5
Kindly move into a standing posture right now. please,5
Could you stand up slowly.,5
Could you stand straight slowly.,5
Could you stand slowly. please,5
Could you stand now slowly.,5
Could you get up slowly.,5
Could you stand up slowly.,5
Could you get up slowly. please,5
Could you stand slowly.,5
Could you get up slowly. right away,5
Could you rise slowly.,5
Could you move into a standing posture right now.,5
Could you move into a standing posture right now. now,5
Could you move into a standing posture right now. quickly,5
Could you move into a standing posture right now. please,5
Could you move into a standing posture right now.,5
Kindly get up properly.,5
Kindly get up properly. now,5
Kindly get up properly. please,5
Kindly get up properly.,5
Kindly get up properly. right away,5
Kindly get up properly. quickly,5
Please rise to your feet right now.,5
Please rise to your feet right now. quickly,5
Please rise to your feet right now. please,5
Please rise to your feet right now.,5
Please rise to your feet right now. right away,5
Please rise to your feet right now. now,5
Please get up carefully.,5
Please get up carefully. please,5
Please get up carefully. quickly,5
Please get up carefully.,5
Please get up carefully. right away,5
Please get up carefully. now,5
"Robot, rise to your feet properly.",5
"Robot, rise to your feet properly. quickly",5
"Robot, rise to your feet properly. please",5
"Robot, rise to your feet properly. now",5
"Robot, rise to your feet properly.",5
I need you to rise to your feet properly.,5
I need you to rise to your feet properly. right away,5
I need you to rise to your feet properly. quickly,5
I need you to rise to your feet properly. please,5
I need you to rise to your feet properly. now,5
I need you to rise to your feet properly.,5
Could you move into a standing posture carefully.,5
Could you move into a standing posture carefully. quickly,5
Could you move into a standing posture carefully.,5
Could you move into a standing posture carefully. please,5
Could you move into a standing posture carefully. right away,5
Could you move into a standing posture carefully. now,5
Please stand up carefully.,5
Please rise carefully.,5
Please stand up carefully. right away,5
Please stand straight carefully.,5
Please stand now carefully.,5
Please stand carefully.,5
Please stand up carefully.,5
Please rise carefully. quickly,5
Please get up carefully.,5
Please stand straight carefully. please,5
Please stand straight carefully. now,5
Please stand up carefully. quickly,5
Could you get up properly.,5
Could you get up properly.,5
Could you get up properly. now,5
Could you get up properly. right away,5
Could you get up properly. please,5
"Robot, rise to your feet as instructed.",5
"Robot, rise to your feet as instructed. now",5
"Robot, rise to your feet as instructed.",5
"Robot, rise to your feet as instructed. right away",5
"Robot, rise to your feet as instructed. please",5
"Robot, rise to your feet as instructed. quickly",5
"Robot, stand up properly.",5
"Robot, stand now properly.",5
"Robot, stand now properly. right away",5
"Robot, get up properly. please",5
"Robot, rise properly. right away",5
"Robot, rise properly.",5
"Robot, stand properly.",5
"Robot, stand straight properly.",5
"Robot, rise properly. now",5
"Robot, get up properly.",5
"Robot, stand properly. please",5
"Robot, stand up properly.",5
"Robot, stand properly. now",5
I need you to move into a standing posture properly.,5
I need you to move into a standing posture properly. please,5
I need you to move into a standing posture properly.,5
I need you to move into a standing posture properly. right away,5
I need you to move into a standing posture properly. quickly,5
Could you get up slowly.,5
Could you get up slowly.,5
Could you get up slowly. now,5
Could you get up slowly. quickly,5
Could you get up slowly. right away,5
I need you to move into a standing posture slowly.,5
I need you to move into a standing posture slowly. please,5
I need you to move into a standing posture slowly. quickly,5
I need you to move into a standing posture slowly. right away,5
I need you to move into a standing posture slowly.,5
Kindly stand up as instructed.,5
Kindly get up as instructed. quickly,5
Kindly stand up as instructed.,5
Kindly stand as instructed.,5
Kindly stand straight as instructed.,5
Kindly get up as instructed. right away,5
Kindly rise as instructed. right away,5
Kindly stand straight as instructed. quickly,5
Kindly stand now as instructed.,5
Kindly rise as instructed.,5
Kindly stand straight as instructed. now,5
Kindly get up as instructed.,5
Please stand up right now.,5
Please stand straight right now. now,5
Please get up right now.,5
Please get up right now. right away,5
Please stand right now. right away,5
Please stand up right now. now,5
Please rise right now. right away,5
Please stand right now. please,5
Please stand right now.,5
Please stand up right now.,5
Please rise right now.,5
Please stand straight right now.,5
Please stand now right now. quickly,5
Please stand now right now. now,5
Please stand now right now.,5
I need you to rise to your feet as instructed.,5
I need you to rise to your feet as instructed.,5
I need you to rise to your feet as instructed. right away,5
I need you to rise to your feet as instructed. please,5
Please move into a standing posture slowly.,5
Please move into a standing posture slowly. right away,5
Please move into a standing posture slowly. now,5
Please move into a standing posture slowly. quickly,5
Please move into a standing posture slowly.,5
Could you rise to your feet properly.,5
Could you rise to your feet properly.,5
Could you rise to your feet properly. quickly,5
Could you rise to your feet properly. right away,5
Kindly move into a standing posture as instructed.,5
Kindly move into a standing posture as instructed. now,5
Kindly move into a standing posture as instructed. right away,5
Kindly move into a standing posture as instructed. please,5
Kindly move into a standing posture as instructed.,5
Kindly move into a standing posture as instructed. quickly,5
Please move into a standing posture as instructed.,5
Please move into a standing posture as instructed. now,5
Please move into a standing posture as instructed. please,5
Please move into a standing posture as instructed.,5
Please move into a standing posture as instructed. right away,5
Please move into a standing posture as instructed. quickly,5
I need you to rise to your feet carefully.,5
I need you to rise to your feet carefully. right away,5
I need you to rise to your feet carefully. now,5
I need you to rise to your feet carefully. please,5
I need you to rise to your feet carefully.,5
I need you to rise to your feet carefully. quickly,5
Kindly get up as instructed.,5
Kindly get up as instructed. quickly,5
Kindly get up as instructed. right away,5
Kindly get up as instructed. now,5
Kindly get up as instructed.,5
Kindly move into a standing posture carefully.,5
Kindly move into a standing posture carefully.,5
Kindly move into a standing posture carefully. quickly,5
Kindly move into a standing posture carefully. please,5
Kindly get up right now.,5
Kindly get up right now. quickly,5
Kindly get up right now. please,5
Kindly get up right now.,5
"Robot, move into a standing posture right now.",5
"Robot, move into a standing posture right now. quickly",5
"Robot, move into a standing posture right now. please",5
"Robot, move into a standing posture right now.",5
"Robot, move into a standing posture right now. right away",5
I need you to stand up right now.,5
I need you to get up right now. quickly,5
I need you to stand straight right now.,5
I need you to rise right now.,5
I need you to stand now right now.,5
I need you to rise right now. right away,5
I need you to get up right now.,5
I need you to stand up right now.,5
I need you to stand right now.,5
I need you to rise right now. now,5
I need you to get up right now. please,5
I need you to stand straight right now. quickly,5
Kindly move into a standing posture properly.,5
Kindly move into a standing posture properly. please,5
Kindly move into a standing posture properly. now,5
Kindly move into a standing posture properly. right away,5
Kindly move into a standing posture properly.,5
Could you get up carefully.,5
Could you get up carefully. now,5
Could you get up carefully.,5
Could you get up carefully. please,5
Please stand up properly.,5
Please rise properly. please,5
Please rise properly.,5
Please stand now properly.,5
Please stand properly.,5
Please get up properly.,5
Please stand properly. right away,5
Please stand up properly.,5
Please get up properly. please,5
Please stand up properly. now,5
Please stand up properly. quickly,5
Please stand straight properly. please,5
Please rise properly. right away,5
Please stand straight properly.,5
Could you move into a standing posture slowly.,5
Could you move into a standing posture slowly. right away,5
Could you move into a standing posture slowly. now,5
Could you move into a standing posture slowly.,5
I need you to get up slowly.,5
I need you to get up slowly. quickly,5
I need you to get up slowly. right away,5
I need you to get up slowly. now,5
I need you to get up slowly. please,5
I need you to get up slowly.,5
Could you stand up carefully.,5
Could you stand straight carefully. please,5
Could you stand now carefully. right away,5
Could you stand carefully.,5
Could you get up carefully.,5
Could you rise carefully. please,5
Could you stand straight carefully.,5
Could you stand now carefully.,5
Could you stand up carefully. quickly,5
Could you stand up carefully.,5
Could you get up carefully. please,5
Could you stand straight carefully. now,5
Could you rise carefully.,5
Could you get up as instructed.,5
Could you get up as instructed.,5
Could you get up as instructed. now,5
Could you get up as instructed. quickly,5
"Robot, stand up slowly.",5
"Robot, stand straight slowly. quickly",5
"Robot, stand up slowly.",5
"Robot, rise slowly.",5
"Robot, stand now slowly. now",5
"Robot, stand straight slowly.",5
"Robot, get up slowly.",5
"Robot, get up slowly. quickly",5
"Robot, stand slowly.",5
"Robot, stand slowly. please",5
"Robot, stand now slowly. quickly",5
"Robot, stand up slowly. quickly",5
"Robot, stand straight slowly. right away",5
Please get up slowly.,5
Please get up slowly. please,5
Please get up slowly.,5
Please get up slowly. right away,5
Please get up slowly. now,5
Kindly stand up carefully.,5
Kindly rise carefully.,5
Kindly get up carefully. now,5
Kindly stand up carefully.,5
Kindly stand carefully.,5
Kindly stand straight carefully. now,5
Kindly stand straight carefully.,5
Kindly stand carefully. now,5
Kindly stand straight carefully. quickly,5
Kindly get up carefully.,5
Kindly stand up carefully. right away,5
Kindly stand now carefully.,5
Kindly stand now carefully. quickly,5
Kindly stand up carefully. now,5
"Robot, move into a standing posture properly.",5
"Robot, move into a standing posture properly. quickly",5
"Robot, move into a standing posture properly.",5
"Robot, move into a standing posture properly. now",5
"Robot, move into a standing posture properly. please",5
"Robot, move into a standing posture properly. right away",5
Kindly rise to your feet carefully.,5
Kindly rise to your feet carefully. right away,5
Kindly rise to your feet carefully. quickly,5
Kindly rise to your feet carefully. please,5
Kindly rise to your feet carefully.,5
Please get up right now.,5
Please get up right now.,5
Please get up right now. now,5
Please get up right now. quickly,5
Please get up right now. right away,5
Could you rise to your feet slowly.,5
Could you rise to your feet slowly.,5
Could you rise to your feet slowly. right away,5
Could you rise to your feet slowly. quickly,5
Could you rise to your feet slowly. now,5
Kindly stand up properly.,5
Kindly stand straight properly.,5
Kindly stand up properly. now,5
Kindly stand now properly. quickly,5
Kindly rise properly.,5
Kindly get up properly. now,5
Kindly get up properly.,5
Kindly stand up properly.,5
Kindly stand straight properly. please,5
Kindly stand properly. quickly,5
Kindly stand properly.,5
Kindly stand now properly.,5
Kindly rise properly. please,5
"Robot, get up right now.",5
"Robot, get up right now. quickly",5
"Robot, get up right now.",5
"Robot, get up right now. now",5
"Robot, get up right now. right away",5
"Robot, get up right now. please",5
Please rise to your feet carefully.,5
Please rise to your feet carefully.,5
Please rise to your feet carefully. please,5
Please rise to your feet carefully. now,5
I need you to get up right now.,5
I need you to get up right now. quickly,5
I need you to get up right now. now,5
I need you to get up right now.,5
"Robot, move into a standing posture as instructed.",5
"Robot, move into a standing posture as instructed. now",5
"Robot, move into a standing posture as instructed. right away",5
"Robot, move into a standing posture as instructed.",5
"Robot, move into a standing posture as instructed. quickly",5
Could you get up right now.,5
Could you get up right now. right away,5
Could you get up right now. now,5
Could you get up right now.,5
Could you get up right now. quickly,5
Could you get up right now. please,5
"Robot, rise to your feet carefully.",5
"Robot, rise to your feet carefully. quickly",5
"Robot, rise to your feet carefully. right away",5
"Robot, rise to your feet carefully. now",5
"Robot, rise to your feet carefully. please",5
"Robot, rise to your feet carefully.",5
I need you to move into a standing posture right now.,5
I need you to move into a standing posture right now. quickly,5
I need you to move into a standing posture right now. right away,5
I need you to move into a standing posture right now. now,5
I need you to move into a standing posture right now.,5
I need you to move into a standing posture right now. please,5
I need you to stand up carefully.,5
I need you to stand straight carefully. quickly,5
I need you to stand now carefully.,5
I need you to get up carefully.,5
I need you to stand now carefully. please,5
I need you to stand carefully. please,5
I need you to stand carefully.,5
I need you to stand up carefully.,5
I need you to stand straight carefully.,5
I need you to rise carefully.,5
I need you to rise to your feet right now.,5
I need you to rise to your feet right now.,5
I need you to rise to your feet right now. now,5
I need you to rise to your feet right now. quickly,5
Please stand up as instructed.,5
Please stand up as instructed. quickly,5
Please stand straight as instructed. please,5
Please stand now as instructed.,5
Please stand straight as instructed.,5
Please stand now as instructed. quickly,5
Please stand as instructed.,5
Please rise as instructed.,5
Please get up as instructed.,5
Please stand up as instructed.,5
Please stand as instructed. quickly,5
Kindly stand up right now.,5
Kindly get up right now.,5
Kindly stand now right now. now,5
Kindly rise right now. please,5
Kindly stand right now.,5
Kindly stand straight right now.,5
Kindly stand up right now.,5
Kindly stand now right now.,5
Kindly stand right now. right away,5
Kindly stand straight right now. quickly,5
Kindly get up right now. now,5
Kindly rise right now.,5
I need you to get up as instructed.,5
I need you to get up as instructed. right away,5
I need you to get up as instructed. now,5
I need you to get up as instructed.,5
I need you to get up as instructed. please,5
"Robot, move into a standing posture slowly.",5
"Robot, move into a standing posture slowly. right away",5
"Robot, move into a standing posture slowly. please",5
"Robot, move into a standing posture slowly.",5
"Robot, move into a standing posture slowly. now",5
"Robot, stand up as instructed.",5
"Robot, stand as instructed. please",5
"Robot, stand as instructed. quickly",5
"Robot, get up as instructed.",5
"Robot, rise as instructed.",5
"Robot, stand now as instructed. please",5
"Robot, stand up as instructed. please",5
"Robot, rise as instructed. now",5
"Robot, stand straight as instructed.",5
"Robot, get up as instructed. please",5
"Robot, stand now as instructed.",5
"Robot, stand as instructed.",5
"Robot, stand up as instructed.",5
"Robot, stand up right now.",5
"Robot, stand straight right now.",5
"Robot, stand straight right now. right away",5
"Robot, get up right now.",5
"Robot, stand up right now.",5
"Robot, rise right now. now",5
"Robot, get up right now. now",5
"Robot, stand right now. quickly",5
"Robot, rise right now.",5
"Robot, stand straight right now. now",5
"Robot, stand right now. right away",5
"Robot, stand now right now.",5
"Robot, stand right now.",5
"Robot, stand up right now. please",5
Please rise to your feet properly.,5
Please rise to your feet properly. quickly,5
Please rise to your feet properly. now,5
Please rise to your feet properly. right away,5
Please rise to your feet properly.,5
Please rise to your feet properly. please,5
"Robot, get up carefully.",5
"Robot, get up carefully. right away",5
"Robot, get up carefully. now",5
"Robot, get up carefully. quickly",5
"Robot, get up carefully.",5
Kindly rise to your feet slowly.,5
Kindly rise to your feet slowly. please,5
Kindly rise to your feet slowly. now,5
Kindly rise to your feet slowly. quickly,5
Kindly rise to your feet slowly.,5
Kindly rise to your feet slowly. right away,5
Could you move into a standing posture as instructed.,5
Could you move into a standing posture as instructed. right away,5
Could you move into a standing posture as instructed.,5
Could you move into a standing posture as instructed. quickly,5
Could you move into a standing posture as instructed. please,5
Could you move into a standing posture as instructed. now,5
Please move into a standing posture carefully.,5
Please move into a standing posture carefully. now,5
Please move into a standing posture carefully. right away,5
Please move into a standing posture carefully.,5
Please move into a standing posture carefully. please,5
Please move into a standing posture carefully. quickly,5
انهض ارتفع على مهلك.,5
انهض ارتفع على مهلك. هلق,5
انهض ارتفع على مهلك. بسرعة,5
انهض ارتفع على مهلك.,5
قف انهض لفوق على مهلك.,5
انهض انهض لفوق على مهلك. بسرعة,5
قف انهض لفوق على مهلك. بسرعة,5
وقف انهض لفوق على مهلك. بسرعة,5
وقف حالاً انهض لفوق على مهلك.,5
انهض انهض لفوق على مهلك.,5
انهض انهض لفوق على مهلك. هلق,5
قف واقف انهض لفوق على مهلك.,5
قف انهض لفوق على مهلك.,5
انهض انهض لفوق على مهلك. يلا,5
وقف انهض لفوق على مهلك.,5
انهض قف على مهلك.,5
انهض قف على مهلك.,5
انهض قف واقف على مهلك.,5
انهض وقف على مهلك.,5
انهض انهض على مهلك. هلق,5
انهض قف واقف على مهلك. من فضلك,5
انهض انهض على مهلك.,5
انهض انهض على مهلك. يلا,5
انهض وقف حالاً على مهلك. من فضلك,5
انهض وقف حالاً على مهلك.,5
انهض وقف حالاً على مهلك. بسرعة,5
قف قف بسرعة.,5
وقف حالاً وقف حالاً بسرعة. بسرعة,5
قف واقف قف واقف بسرعة.,5
انهض انهض بسرعة. من فضلك,5
قف قف بسرعة.,5
وقف حالاً وقف حالاً بسرعة. هلق,5
انهض انهض بسرعة.,5
انهض انهض بسرعة. يلا,5
وقف وقف بسرعة.,5
قف قف بسرعة. من فضلك,5
وقف حالاً وقف حالاً بسرعة. من فضلك,5
وقف حالاً وقف حالاً بسرعة. يلا,5
يلا قوم وقف شوي بسرعة.,5
يلا قوم وقف شوي بسرعة. هلق,5
يلا قوم وقف شوي بسرعة. من فضلك,5
يلا قوم وقف شوي بسرعة.,5
يلا قوم وقف شوي بسرعة. بسرعة,5
يلا قوم وقف شوي هلق.,5
يلا قوم وقف شوي هلق. هلق,5
يلا قوم وقف شوي هلق. يلا,5
يلا قوم وقف شوي هلق.,5
يلا قوم وقف شوي هلق. من فضلك,5
انهض قف بسرعة.,5
انهض وقف بسرعة. بسرعة,5
انهض قف واقف بسرعة. هلق,5
انهض قف واقف بسرعة. يلا,5
انهض قف واقف بسرعة.,5
انهض وقف بسرعة. يلا,5
انهض انهض بسرعة.,5
انهض وقف حالاً بسرعة.,5
انهض وقف بسرعة. هلق,5
انهض قف بسرعة.,5
انهض وقف بسرعة.,5
انهض وقف بسرعة. من فضلك,5
لو سمحت ارتفع بسرعة.,5
لو سمحت ارتفع بسرعة. من فضلك,5
لو سمحت ارتفع بسرعة.,5
لو سمحت ارتفع بسرعة. بسرعة,5
لو سمحت ارتفع بسرعة. هلق,5
لو سمحت ارتفع بسرعة. يلا,5
يلا قوم انهض لفوق متل ما قلتلك.,5
يلا قوم انهض لفوق متل ما قلتلك. يلا,5
يلا قوم انهض لفوق متل ما قلتلك.,5
يلا قوم انهض لفوق متل ما قلتلك. بسرعة,5
يلا قوم انهض لفوق متل ما قلتلك. هلق,5
لو سمحت قف متل ما قلتلك.,5
لو سمحت قف واقف متل ما قلتلك. يلا,5
لو سمحت وقف حالاً متل ما قلتلك. بسرعة,5
لو سمحت قف واقف متل ما قلتلك.,5
لو سمحت وقف حالاً متل ما قلتلك.,5
لو سمحت وقف متل ما قلتلك. بسرعة,5
لو سمحت وقف متل ما قلتلك. من فضلك,5
لو سمحت وقف متل ما قلتلك.,5
لو سمحت قف متل ما قلتلك. بسرعة,5
لو سمحت انهض متل ما قلتلك. بسرعة,5
لو سمحت قف متل ما قلتلك. هلق,5
لو سمحت قف متل ما قلتلك.,5
لو سمحت قف متل ما قلتلك. يلا,5
يلا قوم قف على مهلك.,5
يلا قوم انهض على مهلك. بسرعة,5
يلا قوم وقف على مهلك. يلا,5
يلا قوم قف على مهلك.,5
يلا قوم انهض على مهلك. هلق,5
يلا قوم قف واقف على مهلك. يلا,5
يلا قوم وقف على مهلك.,5
يلا قوم انهض على مهلك.,5
يلا قوم قف واقف على مهلك. بسرعة,5
يلا قوم وقف حالاً على مهلك. هلق,5
يلا قوم قف واقف على مهلك.,5
قف قف هلق.,5
انهض انهض هلق.,5
انهض انهض هلق. يلا,5
قف واقف قف واقف هلق. هلق,5
انهض انهض هلق. من فضلك,5
قف قف هلق.,5
انهض انهض هلق. هلق,5
وقف وقف هلق.,5
قف واقف قف واقف هلق.,5
وقف وقف هلق. يلا,5
وقف حالاً وقف حالاً هلق.,5
يلا قوم وقف شوي على مهلك.,5
يلا قوم وقف شوي على مهلك.,5
يلا قوم وقف شوي على مهلك. بسرعة,5
يلا قوم وقف شوي على مهلك. يلا,5
لو سمحت وقف شوي بسرعة.,5
لو سمحت وقف شوي بسرعة. هلق,5
لو سمحت وقف شوي بسرعة.,5
لو سمحت وقف شوي بسرعة. من فضلك,5
لو سمحت وقف شوي بسرعة. يلا,5
انهض قف هلق.,5
انهض انهض هلق. بسرعة,5
انهض انهض هلق.,5
انهض انهض هلق. يلا,5
انهض قف هلق.,5
انهض قف واقف هلق.,5
انهض قف واقف هلق. من فضلك,5
انهض وقف حالاً هلق.,5
انهض وقف هلق.,5
انهض وقف حالاً هلق. من فضلك,5
انهض قف واقف هلق. بسرعة,5
انهض قف هلق. بسرعة,5
يلا قوم ارتفع على مهلك.,5
يلا قوم ارتفع على مهلك.,5
يلا قوم ارتفع على مهلك. من فضلك,5
يلا قوم ارتفع على مهلك. بسرعة,5
قف وقف شوي على مهلك.,5
انهض وقف شوي على مهلك. يلا,5
انهض وقف شوي على مهلك.,5
وقف حالاً وقف شوي على مهلك.,5
انهض وقف شوي على مهلك. بسرعة,5
وقف وقف شوي على مهلك.,5
قف وقف شوي على مهلك.,5
قف واقف وقف شوي على مهلك.,5
قف واقف وقف شوي على مهلك. يلا,5
انهض وقف شوي على مهلك. من فضلك,5
انهض وقف شوي على مهلك. هلق,5
لو سمحت ارتفع على مهلك.,5
لو سمحت ارتفع على مهلك. هلق,5
لو سمحت ارتفع على مهلك. يلا,5
لو سمحت ارتفع على مهلك. من فضلك,5
لو سمحت ارتفع على مهلك.,5
لو سمحت ارتفع على مهلك. بسرعة,5
قف ارتفع بسرعة.,5
وقف حالاً ارتفع بسرعة.,5
انهض ارتفع بسرعة.,5
قف ارتفع بسرعة.,5
قف واقف ارتفع بسرعة.,5
وقف ارتفع بسرعة.,5
قف واقف ارتفع بسرعة. يلا,5
لو سمحت قف هلق.,5
لو سمحت وقف هلق.,5
لو سمحت انهض هلق. من فضلك,5
لو سمحت وقف هلق. بسرعة,5
لو سمحت وقف هلق. من فضلك,5
لو سمحت قف هلق. من فضلك,5
لو سمحت انهض هلق. بسرعة,5
لو سمحت انهض هلق.,5
لو سمحت وقف حالاً هلق. هلق,5
لو سمحت قف هلق.,5
لو سمحت قف واقف هلق.,5
لو سمحت وقف حالاً هلق.,5
يلا قوم انهض لفوق بسرعة.,5
يلا قوم انهض لفوق بسرعة. يلا,5
يلا قوم انهض لفوق بسرعة.,5
يلا قوم انهض لفوق بسرعة. من فضلك,5
انهض وقف شوي على مهلك.,5
انهض وقف شوي على مهلك. يلا,5
انهض وقف شوي على مهلك.,5
انهض وقف شوي على مهلك. بسرعة,5
انهض وقف شوي على مهلك. من فضلك,5
انهض وقف شوي على مهلك. هلق,5
انهض ارتفع هلق.,5
انهض ارتفع هلق. هلق,5
انهض ارتفع هلق. بسرعة,5
انهض ارتفع هلق. يلا,5
انهض ارتفع هلق.,5
انهض ارتفع هلق. من فضلك,5
قف انهض لفوق متل ما قلتلك.,5
وقف انهض لفوق متل ما قلتلك. من فضلك,5
قف انهض لفوق متل ما قلتلك. من فضلك,5
انهض انهض لفوق متل ما قلتلك. يلا,5
وقف انهض لفوق متل ما قلتلك. هلق,5
وقف حالاً انهض لفوق متل ما قلتلك.,5
انهض انهض لفوق متل ما قلتلك.,5
انهض انهض لفوق متل ما قلتلك. من فضلك,5
وقف انهض لفوق متل ما قلتلك. يلا,5
وقف انهض لفوق متل ما قلتلك.,5
قف واقف انهض لفوق متل ما قلتلك.,5
قف انهض لفوق متل ما قلتلك.,5
يلا قوم وقف شوي متل ما قلتلك.,5
يلا قوم وقف شوي متل ما قلتلك.,5
يلا قوم وقف شوي متل ما قلتلك. يلا,5
يلا قوم وقف شوي متل ما قلتلك. بسرعة,5
يلا قوم وقف شوي متل ما قلتلك. من فضلك,5
يلا قوم وقف شوي متل ما قلتلك. هلق,5
انهض انهض لفوق على مهلك.,5
انهض انهض لفوق على مهلك.,5
انهض انهض لفوق على مهلك. من فضلك,5
انهض انهض لفوق هلق.,5
انهض انهض لفوق هلق. من فضلك,5
انهض انهض لفوق هلق.,5
انهض انهض لفوق هلق. يلا,5
انهض انهض لفوق هلق. بسرعة,5
يلا قوم ارتفع متل ما قلتلك.,5
يلا قوم ارتفع متل ما قلتلك.,5
يلا قوم ارتفع متل ما قلتلك. يلا,5
يلا قوم قف بسرعة.,5
يلا قوم وقف حالاً بسرعة. من فضلك,5
يلا قوم انهض بسرعة. بسرعة,5
يلا قوم انهض بسرعة.,5
يلا قوم قف بسرعة.,5
يلا قوم وقف حالاً بسرعة.,5
يلا قوم وقف بسرعة.,5
يلا قوم قف بسرعة. هلق,5
يلا قوم وقف حالاً بسرعة. بسرعة,5
يلا قوم قف بسرعة. بسرعة,5
يلا قوم وقف بسرعة. يلا,5
لو سمحت انهض لفوق متل ما قلتلك.,5
لو سمحت انهض لفوق متل ما قلتلك. يلا,5
لو سمحت انهض لفوق متل ما قلتلك.,5
لو سمحت انهض لفوق متل ما قلتلك. بسرعة,5
لو سمحت انهض لفوق متل ما قلتلك. هلق,5
انهض وقف شوي بسرعة.,5
انهض وقف شوي بسرعة. يلا,5
انهض وقف شوي بسرعة. هلق,5
انهض وقف شوي بسرعة. من فضلك,5
انهض وقف شوي بسرعة.,5
قف ارتفع هلق.,5
وقف ارتفع هلق.,5
وقف حالاً ارتفع هلق. من فضلك,5
قف ارتفع هلق.,5
قف واقف ارتفع هلق. هلق,5
قف واقف ارتفع هلق. بسرعة,5
وقف حالاً ارتفع هلق. يلا,5
قف واقف ارتفع هلق.,5
وقف ارتفع هلق. بسرعة,5
وقف حالاً ارتفع هلق.,5
انهض ارتفع هلق.,5
قف قف على مهلك.,5
وقف وقف على مهلك.,5
قف قف على مهلك. هلق,5
وقف وقف على مهلك. من فضلك,5
وقف حالاً وقف حالاً على مهلك. هلق,5
وقف وقف على مهلك. هلق,5
انهض انهض على مهلك.,5
انهض انهض على مهلك. يلا,5
قف واقف قف واقف على مهلك.,5
وقف حالاً وقف حالاً على مهلك. بسرعة,5
قف قف على مهلك.,5
وقف حالاً وقف حالاً على مهلك.,5
لو سمحت وقف شوي هلق.,5
لو سمحت وقف شوي هلق. بسرعة,5
لو سمحت وقف شوي هلق. هلق,5
لو سمحت وقف شوي هلق.,5
لو سمحت وقف شوي هلق. يلا,5
يلا قوم ارتفع بسرعة.,5
يلا قوم ارتفع بسرعة. من فضلك,5
يلا قوم ارتفع بسرعة. بسرعة,5
يلا قوم ارتفع بسرعة.,5
يلا قوم ارتفع بسرعة. يلا,5
لو سمحت ارتفع هلق.,5
لو سمحت ارتفع هلق. يلا,5
لو سمحت ارتفع هلق.,5
لو سمحت ارتفع هلق. هلق,5
انهض انهض لفوق بسرعة.,5
انهض انهض لفوق بسرعة. بسرعة,5
انهض انهض لفوق بسرعة. يلا,5
انهض انهض لفوق بسرعة. من فضلك,5
انهض انهض لفوق بسرعة.,5
يلا قوم قف متل ما قلتلك.,5
يلا قوم وقف حالاً متل ما قلتلك.,5
يلا قوم قف واقف متل ما قلتلك.,5
يلا قوم قف متل ما قلتلك.,5
يلا قوم وقف متل ما قلتلك.,5
يلا قوم انهض متل ما قلتلك.,5
يلا قوم قف واقف متل ما قلتلك. هلق,5
يلا قوم وقف حالاً متل ما قلتلك. من فضلك,5
يلا قوم قف هلق.,5
يلا قوم قف هلق. بسرعة,5
يلا قوم قف واقف هلق.,5
يلا قوم وقف حالاً هلق.,5
يلا قوم قف هلق.,5
يلا قوم انهض هلق. من فضلك,5
يلا قوم وقف هلق.,5
يلا قوم قف هلق. هلق,5
يلا قوم قف هلق. يلا,5
يلا قوم انهض هلق.,5
قف وقف شوي هلق.,5
انهض وقف شوي هلق.,5
وقف وقف شوي هلق. هلق,5
قف واقف وقف شوي هلق.,5
وقف وقف شوي هلق.,5
قف وقف شوي هلق.,5
وقف حالاً وقف شوي هلق.,5
يلا قوم انهض لفوق هلق.,5
يلا قوم انهض لفوق هلق. هلق,5
يلا قوم انهض لفوق هلق. بسرعة,5
يلا قوم انهض لفوق هلق.,5
لو سمحت وقف شوي متل ما قلتلك.,5
لو سمحت وقف شوي متل ما قلتلك. هلق,5
لو سمحت وقف شوي متل ما قلتلك. يلا,5
لو سمحت وقف شوي متل ما قلتلك.,5
لو سمحت وقف شوي متل ما قلتلك. من فضلك,5
لو سمحت قف بسرعة.,5
لو سمحت انهض بسرعة. يلا,5
لو سمحت قف بسرعة. يلا,5
لو سمحت انهض بسرعة.,5
لو سمحت قف واقف بسرعة.,5
لو سمحت وقف بسرعة.,5
لو سمحت وقف بسرعة. من فضلك,5
لو سمحت قف بسرعة.,5
لو سمحت انهض بسرعة. هلق,5
لو سمحت قف بسرعة. هلق,5
لو سمحت انهض بسرعة. من فضلك,5
لو سمحت وقف بسرعة. هلق,5
انهض انهض لفوق متل ما قلتلك.,5
انهض انهض لفوق متل ما قلتلك. بسرعة,5
انهض انهض لفوق متل ما قلتلك. هلق,5
انهض انهض لفوق متل ما قلتلك. من فضلك,5
انهض انهض لفوق متل ما قلتلك.,5
انهض انهض لفوق متل ما قلتلك. يلا,5
قف انهض لفوق بسرعة.,5
وقف انهض لفوق بسرعة. من فضلك,5
قف انهض لفوق بسرعة. من فضلك,5
قف واقف انهض لفوق بسرعة.,5
انهض انهض لفوق بسرعة. هلق,5
وقف حالاً انهض لفوق بسرعة.,5
وقف انهض لفوق بسرعة.,5
قف انهض لفوق بسرعة.,5
انهض انهض لفوق بسرعة. يلا,5
انهض انهض لفوق بسرعة.,5
قف وقف شوي بسرعة.,5
قف وقف شوي بسرعة. هلق,5
انهض وقف شوي بسرعة. من فضلك,5
قف واقف وقف شوي بسرعة.,5
قف واقف وقف شوي بسرعة. بسرعة,5
قف واقف وقف شوي بسرعة. يلا,5
انهض وقف شوي بسرعة. هلق,5
قف وقف شوي بسرعة.,5
قف وقف شوي بسرعة. يلا,5
وقف وقف شوي بسرعة. من فضلك,5
وقف وقف شوي بسرعة.,5
انهض وقف شوي بسرعة.,5
وقف حالاً وقف شوي بسرعة.,5
انهض ارتفع بسرعة.,5
انهض ارتفع بسرعة. يلا,5
انهض ارتفع بسرعة. بسرعة,5
انهض ارتفع بسرعة. من فضلك,5
انهض ارتفع بسرعة.,5
قف ارتفع متل ما قلتلك.,5
قف واقف ارتفع متل ما قلتلك.,5
وقف ارتفع متل ما قلتلك. من فضلك,5
انهض ارتفع متل ما قلتلك. بسرعة,5
وقف ارتفع متل ما قلتلك.,5
وقف حالاً ارتفع متل ما قلتلك.,5
انهض ارتفع متل ما قلتلك.,5
قف ارتفع متل ما قلتلك. من فضلك,5
قف واقف ارتفع متل ما قلتلك. من فضلك,5
انهض ارتفع متل ما قلتلك. هلق,5
قف ارتفع متل ما قلتلك.,5
انهض ارتفع متل ما قلتلك. يلا,5
قف وقف شوي متل ما قلتلك.,5
قف واقف وقف شوي متل ما قلتلك.,5
وقف حالاً وقف شوي متل ما قلتلك.,5
قف وقف شوي متل ما قلتلك. بسرعة,5
قف واقف وقف شوي متل ما قلتلك. هلق,5
وقف حالاً وقف شوي متل ما قلتلك. هلق,5
انهض وقف شوي متل ما قلتلك. من فضلك,5
وقف وقف شوي متل ما قلتلك.,5
قف وقف شوي متل ما قلتلك.,5
انهض وقف شوي متل ما قلتلك.,5
وقف وقف شوي متل ما قلتلك. هلق,5
قف قف متل ما قلتلك.,5
قف قف متل ما قلتلك.,5
قف قف متل ما قلتلك. من فضلك,5
وقف وقف متل ما قلتلك.,5
وقف حالاً وقف حالاً متل ما قلتلك. هلق,5
انهض انهض متل ما قلتلك.,5
قف واقف قف واقف متل ما قلتلك.,5
قف واقف قف واقف متل ما قلتلك. من فضلك,5
قف قف متل ما قلتلك. هلق,5
انهض انهض متل ما قلتلك. هلق,5
قف واقف قف واقف متل ما قلتلك. هلق,5
وقف حالاً وقف حالاً متل ما قلتلك.,5
انهض وقف شوي متل ما قلتلك.,5
انهض وقف شوي متل ما قلتلك. بسرعة,5
انهض وقف شوي متل ما قلتلك. هلق,5
انهض وقف شوي متل ما قلتلك. من فضلك,5
انهض وقف شوي متل ما قلتلك.,5
انهض وقف شوي متل ما قلتلك. يلا,5
قف ارتفع على مهلك.,5
انهض ارتفع على مهلك. يلا,5
قف واقف ارتفع على مهلك. يلا,5
قف ارتفع على مهلك. بسرعة,5
قف واقف ارتفع على مهلك.,5
وقف ارتفع على مهلك.,5
قف ارتفع على مهلك.,5
قف واقف ارتفع على مهلك. هلق,5
وقف حالاً ارتفع على مهلك.,5
انهض ارتفع على مهلك.,5
يلا قوم انهض لفوق على مهلك.,5
يلا قوم انهض لفوق على مهلك.,5
يلا قوم انهض لفوق على مهلك. يلا,5
يلا قوم انهض لفوق على مهلك. هلق,5
لو سمحت قف على مهلك.,5
لو سمحت وقف حالاً على مهلك.,5
لو سمحت وقف على مهلك. يلا,5
لو سمحت انهض على مهلك. من فضلك,5
لو سمحت قف واقف على مهلك. هلق,5
لو سمحت انهض على مهلك.,5
لو سمحت قف واقف على مهلك. يلا,5
لو سمحت انهض على مهلك. هلق,5
لو سمحت قف واقف على مهلك.,5
لو سمحت قف على مهلك. هلق,5
لو سمحت قف على مهلك. من فضلك,5
لو سمحت وقف على مهلك. بسرعة,5
لو سمحت وقف على مهلك.,5
لو سمحت وقف شوي على مهلك.,5
لو سمحت وقف شوي على مهلك. يلا,5
لو سمحت وقف شوي على مهلك. من فضلك,5
لو سمحت وقف شوي على مهلك. بسرعة,5
لو سمحت وقف شوي على مهلك.,5
انهض وقف شوي هلق.,5
انهض وقف شوي هلق. هلق,5
انهض وقف شوي هلق.,5
انهض وقف شوي هلق. بسرعة,5
انهض وقف شوي هلق. يلا,5
انهض قف متل ما قلتلك.,5
انهض قف متل ما قلتلك. هلق,5
انهض قف متل ما قلتلك.,5
انهض وقف حالاً متل ما قلتلك. يلا,5
انهض انهض متل ما قلتلك.,5
انهض وقف متل ما قلتلك.,5
انهض قف واقف متل ما قلتلك.,5
انهض وقف حالاً متل ما قلتلك.,5
انهض وقف حالاً متل ما قلتلك. هلق,5
انهض وقف حالاً متل ما قلتلك. من فضلك,5
انهض قف متل ما قلتلك. من فضلك,5
لو سمحت انهض لفوق على مهلك.,5
لو سمحت انهض لفوق على مهلك. هلق,5
لو سمحت انهض لفوق على مهلك. يلا,5
لو سمحت انهض لفوق على مهلك.,5
لو سمحت انهض لفوق على مهلك. من فضلك,5
انهض ارتفع متل ما قلتلك.,5
انهض ارتفع متل ما قلتلك. هلق,5
انهض ارتفع متل ما قلتلك. بسرعة,5
انهض ارتفع متل ما قلتلك.,5
لو سمحت ارتفع متل ما قلتلك.,5
لو سمحت ارتفع متل ما قلتلك. من فضلك,5
لو سمحت ارتفع متل ما قلتلك. هلق,5
لو سمحت ارتفع متل ما قلتلك. يلا,5
لو سمحت ارتفع متل ما قلتلك.,5
لو سمحت انهض لفوق بسرعة.,5
لو سمحت انهض لفوق بسرعة.,5
لو سمحت انهض لفوق بسرعة. هلق,5
لو سمحت انهض لفوق بسرعة. يلا,5
لو سمحت انهض لفوق بسرعة. من فضلك,5
لو سمحت انهض لفوق بسرعة. بسرعة,5
يلا قوم ارتفع هلق.,5
يلا قوم ارتفع هلق. يلا,5
يلا قوم ارتفع هلق. بسرعة,5
يلا قوم ارتفع هلق. هلق,5
يلا قوم ارتفع هلق.,5
يلا قوم ارتفع هلق. من فضلك,5
لو سمحت انهض لفوق هلق.,5
لو سمحت انهض لفوق هلق.,5
لو سمحت انهض لفوق هلق. هلق,5
لو سمحت انهض لفوق هلق. بسرعة,5
لو سمحت انهض لفوق هلق. يلا,5
لو سمحت انهض لفوق هلق. من فضلك,5
قف انهض لفوق هلق.,5
انهض انهض لفوق هلق.,5
وقف حالاً انهض لفوق هلق.,5
وقف حالاً انهض لفوق هلق. بسرعة,5
وقف انهض لفوق هلق.,5
قف انهض لفوق هلق. يلا,5
انهض انهض لفوق هلق. بسرعة,5
قف انهض لفوق هلق.,5
قف واقف انهض لفوق هلق.,5
Kindly rotate 360 degrees right now.,6
Kindly rotate 360 degrees right now. quickly,6
Kindly rotate 360 degrees right now. now,6
Kindly rotate 360 degrees right now. right away,6
Kindly rotate 360 degrees right now. please,6
Kindly rotate 360 degrees right now.,6
I want you to spin fully right now.,6
I want you to spin fully right now. quickly,6
I want you to spin fully right now.,6
I want you to spin fully right now. right away,6
I want you to spin fully right now. please,6
I want you to spin fully right now. now,6
Please turn around without losing balance.,6
Please turn around without losing balance. please,6
Please turn around without losing balance. right away,6
Please turn around without losing balance. quickly,6
Please turn around without losing balance. now,6
Please turn around without losing balance.,6
Kindly turn around carefully.,6
Kindly turn around carefully. now,6
Kindly turn around carefully. quickly,6
Kindly turn around carefully. right away,6
Kindly turn around carefully.,6
Could you turn around smoothly.,6
Could you turn around smoothly.,6
Could you turn around smoothly. please,6
Could you turn around smoothly. quickly,6
Kindly turn around as instructed.,6
Kindly turn around as instructed.,6
Kindly turn around as instructed. quickly,6
Kindly turn around as instructed. right away,6
Kindly turn around as instructed. please,6
Could you make a full turn carefully.,6
Could you make a full turn carefully. right away,6
Could you make a full turn carefully. please,6
Could you make a full turn carefully. now,6
Could you make a full turn carefully.,6
Could you make a full turn carefully. quickly,6
Please turn around smoothly.,6
Please turn around smoothly. now,6
Please turn around smoothly. quickly,6
Please turn around smoothly.,6
"Robot, rotate 360 degrees smoothly.",6
"Robot, rotate 360 degrees smoothly. now",6
"Robot, rotate 360 degrees smoothly. quickly",6
"Robot, rotate 360 degrees smoothly.",6
"Robot, rotate 360 degrees smoothly. right away",6
Please spin fully as instructed.,6
Please spin fully as instructed. now,6
Please spin fully as instructed. please,6
Please spin fully as instructed.,6
Please spin fully as instructed. quickly,6
Could you make a full turn without losing balance.,6
Could you make a full turn without losing balance.,6
Could you make a full turn without losing balance. right away,6
Could you make a full turn without losing balance. now,6
Could you make a full turn without losing balance. quickly,6
Could you spin fully right now.,6
Could you spin fully right now.,6
Could you spin fully right now. right away,6
Could you spin fully right now. please,6
Could you spin fully right now. now,6
Could you spin fully right now. quickly,6
Please turn around right now.,6
Please turn around right now.,6
Please turn around right now. quickly,6
Please turn around right now. now,6
Please turn around right now. please,6
"Robot, spin fully without losing balance.",6
"Robot, spin fully without losing balance. right away",6
"Robot, spin fully without losing balance. please",6
"Robot, spin fully without losing balance.",6
"Robot, spin fully without losing balance. quickly",6
"Robot, spin fully without losing balance. now",6
I want you to make a full turn right now.,6
I want you to make a full head right now. right away,6
I want you to make a full rotate right now. please,6
I want you to make a full turn to the right now. please,6
I want you to make a full rotate right now.,6
I want you to make a full turn right now.,6
I want you to make a full shift right now.,6
I want you to make a full move right now. now,6
I want you to make a full move right now. quickly,6
I want you to make a full move right now. right away,6
I want you to make a full head right now. now,6
I want you to make a full go right now.,6
I want you to make a full head right now.,6
I want you to make a full turn to the right now.,6
Kindly turn around smoothly.,6
Kindly turn around smoothly.,6
Kindly turn around smoothly. quickly,6
Kindly turn around smoothly. now,6
Kindly turn around smoothly. right away,6
Please make a full turn without losing balance.,6
Please make a full turn without losing balance. now,6
Please make a full turn without losing balance. please,6
Please make a full turn without losing balance. quickly,6
Please make a full turn without losing balance. right away,6
Please make a full turn without losing balance.,6
"Robot, spin fully carefully.",6
"Robot, spin fully carefully. quickly",6
"Robot, spin fully carefully.",6
"Robot, spin fully carefully. now",6
Kindly turn around without losing balance.,6
Kindly turn around without losing balance. quickly,6
Kindly turn around without losing balance. please,6
Kindly turn around without losing balance.,6
Kindly turn around without losing balance. right away,6
Kindly turn around without losing balance. now,6
Please spin fully carefully.,6
Please spin fully carefully.,6
Please spin fully carefully. quickly,6
Please spin fully carefully. please,6
Please spin fully carefully. right away,6
Kindly make a full turn without losing balance.,6
Kindly make a full turn without losing balance. please,6
Kindly make a full turn without losing balance. right away,6
Kindly make a full turn without losing balance. quickly,6
Kindly make a full turn without losing balance.,6
Kindly make a full turn without losing balance. now,6
"Robot, spin fully as instructed.",6
"Robot, spin fully as instructed. quickly",6
"Robot, spin fully as instructed. right away",6
"Robot, spin fully as instructed. now",6
"Robot, spin fully as instructed. please",6
"Robot, spin fully as instructed.",6
Please rotate 360 degrees without losing balance.,6
Please rotate 360 degrees without losing balance. now,6
Please rotate 360 degrees without losing balance. right away,6
Please rotate 360 degrees without losing balance. please,6
Please rotate 360 degrees without losing balance.,6
Please rotate 360 degrees without losing balance. quickly,6
"Robot, spin fully smoothly.",6
"Robot, spin fully smoothly. now",6
"Robot, spin fully smoothly.",6
"Robot, spin fully smoothly. please",6
"Robot, spin fully smoothly. quickly",6
"Robot, spin fully smoothly. right away",6
Could you turn around without losing balance.,6
Could you turn around without losing balance. quickly,6
Could you turn around without losing balance. right away,6
Could you turn around without losing balance.,6
Please spin fully right now.,6
Please spin fully right now. please,6
Please spin fully right now. quickly,6
Please spin fully right now. now,6
Please spin fully right now.,6
"Robot, turn around smoothly.",6
"Robot, turn around smoothly. please",6
"Robot, turn around smoothly.",6
"Robot, turn around smoothly. right away",6
Please rotate 360 degrees smoothly.,6
Please rotate 360 degrees smoothly. right away,6
Please rotate 360 degrees smoothly.,6
Please rotate 360 degrees smoothly. quickly,6
Please rotate 360 degrees smoothly. please,6
I want you to spin fully smoothly.,6
I want you to spin fully smoothly. right away,6
I want you to spin fully smoothly. quickly,6
I want you to spin fully smoothly. now,6
I want you to spin fully smoothly. please,6
I want you to spin fully smoothly.,6
Please rotate 360 degrees as instructed.,6
Please rotate 360 degrees as instructed. please,6
Please rotate 360 degrees as instructed.,6
Please rotate 360 degrees as instructed. quickly,6
Please rotate 360 degrees as instructed. right away,6
Please rotate 360 degrees as instructed. now,6
"Robot, turn around as instructed.",6
"Robot, turn around as instructed.",6
"Robot, turn around as instructed. quickly",6
"Robot, turn around as instructed. right away",6
"Robot, turn around as instructed. please",6
I want you to turn around without losing balance.,6
I want you to turn around without losing balance. quickly,6
I want you to turn around without losing balance.,6
I want you to turn around without losing balance. right away,6
I want you to turn around without losing balance. please,6
Kindly rotate 360 degrees as instructed.,6
Kindly rotate 360 degrees as instructed.,6
Please rotate 360 degrees carefully.,6
Please rotate 360 degrees carefully. quickly,6
Please rotate 360 degrees carefully.,6
Please rotate 360 degrees carefully. now,6
Please rotate 360 degrees carefully. please,6
Please rotate 360 degrees carefully. right away,6
Kindly make a full turn smoothly.,6
Kindly make a full turn smoothly. quickly,6
Kindly make a full turn smoothly. now,6
Kindly make a full turn smoothly. please,6
Kindly make a full turn smoothly.,6
Could you turn around right now.,6
Could you turn around right now.,6
Could you turn around right now. please,6
Could you turn around right now. now,6
Could you turn around right now. quickly,6
Could you turn around right now. right away,6
Could you rotate 360 degrees right now.,6
Could you rotate 360 degrees right now. right away,6
Could you rotate 360 degrees right now. now,6
Could you rotate 360 degrees right now. please,6
Could you rotate 360 degrees right now.,6
Could you rotate 360 degrees right now. quickly,6
"Robot, make a full turn right now.",6
"Robot, make a full head right now.",6
"Robot, make a full shift right now.",6
"Robot, make a full rotate right now.",6
"Robot, make a full move right now.",6
"Robot, make a full turn to the right now.",6
"Robot, make a full head right now. quickly",6
"Robot, make a full turn right now.",6
"Robot, make a full go right now.",6
"Robot, make a full shift right now. quickly",6
Could you make a full turn as instructed.,6
Could you make a full turn as instructed.,6
Could you make a full turn as instructed. right away,6
Could you make a full turn as instructed. please,6
Could you make a full turn as instructed. now,6
Kindly spin fully as instructed.,6
Kindly spin fully as instructed. now,6
Kindly spin fully as instructed. quickly,6
Kindly spin fully as instructed. right away,6
Kindly spin fully as instructed.,6
Kindly spin fully as instructed. please,6
Please spin fully smoothly.,6
Please spin fully smoothly. right away,6
Please spin fully smoothly. please,6
Please spin fully smoothly. now,6
Please spin fully smoothly. quickly,6
Please spin fully smoothly.,6
"Robot, make a full turn carefully.",6
"Robot, make a full turn carefully. quickly",6
"Robot, make a full turn carefully. now",6
"Robot, make a full turn carefully.",6
"Robot, make a full turn carefully. right away",6
Kindly spin fully carefully.,6
Kindly spin fully carefully.,6
Kindly spin fully carefully. now,6
Kindly spin fully carefully. please,6
Kindly spin fully carefully. right away,6
Kindly spin fully carefully. quickly,6
Please turn around as instructed.,6
Please turn around as instructed. right away,6
Please turn around as instructed. please,6
Please turn around as instructed. quickly,6
Please turn around as instructed.,6
Could you rotate 360 degrees as instructed.,6
Could you rotate 360 degrees as instructed. please,6
Could you rotate 360 degrees as instructed.,6
I want you to rotate 360 degrees smoothly.,6
I want you to rotate 360 degrees smoothly. please,6
I want you to rotate 360 degrees smoothly. right away,6
I want you to rotate 360 degrees smoothly. now,6
I want you to rotate 360 degrees smoothly. quickly,6
I want you to rotate 360 degrees smoothly.,6
"Robot, rotate 360 degrees right now.",6
"Robot, rotate 360 degrees right now.",6
"Robot, rotate 360 degrees right now. quickly",6
"Robot, rotate 360 degrees right now. now",6
"Robot, rotate 360 degrees right now. please",6
"Robot, rotate 360 degrees right now. right away",6
Please spin fully without losing balance.,6
Please spin fully without losing balance.,6
Please spin fully without losing balance. quickly,6
Please spin fully without losing balance. now,6
Could you spin fully smoothly.,6
Could you spin fully smoothly.,6
Could you spin fully smoothly. now,6
Could you spin fully smoothly. quickly,6
Could you spin fully smoothly. please,6
Could you spin fully smoothly. right away,6
Could you spin fully without losing balance.,6
Could you spin fully without losing balance. right away,6
Could you spin fully without losing balance. please,6
Could you spin fully without losing balance.,6
Could you spin fully without losing balance. now,6
Could you spin fully without losing balance. quickly,6
I want you to turn around smoothly.,6
I want you to turn around smoothly. quickly,6
I want you to turn around smoothly. now,6
I want you to turn around smoothly. right away,6
I want you to turn around smoothly.,6
Could you turn around as instructed.,6
Could you turn around as instructed.,6
Could you turn around as instructed. quickly,6
Could you turn around as instructed. right away,6
Could you turn around as instructed. now,6
Please make a full turn right now.,6
Please make a full turn right now.,6
Please make a full shift right now.,6
Please make a full move right now. now,6
Please make a full turn right now. right away,6
Please make a full head right now.,6
Please make a full move right now.,6
Please make a full rotate right now.,6
Please make a full rotate right now. quickly,6
Please make a full turn to the right now. right away,6
Please make a full turn to the right now.,6
Could you rotate 360 degrees carefully.,6
Could you rotate 360 degrees carefully. quickly,6
Could you rotate 360 degrees carefully. now,6
Could you rotate 360 degrees carefully. right away,6
Could you rotate 360 degrees carefully.,6
Could you rotate 360 degrees carefully. please,6
I want you to spin fully as instructed.,6
I want you to spin fully as instructed.,6
I want you to spin fully as instructed. now,6
I want you to spin fully as instructed. quickly,6
I want you to spin fully as instructed. right away,6
I want you to spin fully as instructed. please,6
Kindly rotate 360 degrees without losing balance.,6
Kindly rotate 360 degrees without losing balance. please,6
Kindly rotate 360 degrees without losing balance. right away,6
Kindly rotate 360 degrees without losing balance.,6
I want you to turn around as instructed.,6
I want you to turn around as instructed. now,6
I want you to turn around as instructed. quickly,6
I want you to turn around as instructed. please,6
I want you to turn around as instructed.,6
Kindly rotate 360 degrees smoothly.,6
Kindly rotate 360 degrees smoothly.,6
Kindly rotate 360 degrees smoothly. please,6
Kindly rotate 360 degrees smoothly. now,6
Kindly rotate 360 degrees smoothly. quickly,6
Please turn around carefully.,6
Please turn around carefully. right away,6
Please turn around carefully. please,6
Please turn around carefully. quickly,6
Please turn around carefully. now,6
Please turn around carefully.,6
I want you to rotate 360 degrees right now.,6
I want you to rotate 360 degrees right now. please,6
I want you to rotate 360 degrees right now.,6
I want you to rotate 360 degrees right now. now,6
I want you to rotate 360 degrees right now. quickly,6
I want you to spin fully without losing balance.,6
I want you to spin fully without losing balance. quickly,6
I want you to spin fully without losing balance. please,6
I want you to spin fully without losing balance. now,6
I want you to spin fully without losing balance.,6
I want you to spin fully without losing balance. right away,6
Please rotate 360 degrees right now.,6
Please rotate 360 degrees right now. right away,6
Please rotate 360 degrees right now. quickly,6
Please rotate 360 degrees right now. now,6
Please rotate 360 degrees right now.,6
Please rotate 360 degrees right now. please,6
Could you rotate 360 degrees smoothly.,6
Could you rotate 360 degrees smoothly. quickly,6
Could you rotate 360 degrees smoothly. now,6
Could you rotate 360 degrees smoothly.,6
Could you rotate 360 degrees smoothly. please,6
"Robot, turn around carefully.",6
"Robot, turn around carefully. please",6
"Robot, turn around carefully. quickly",6
"Robot, turn around carefully. now",6
"Robot, turn around carefully.",6
"Robot, turn around carefully. right away",6
"Robot, make a full turn without losing balance.",6
"Robot, make a full turn without losing balance.",6
"Robot, make a full turn without losing balance. please",6
"Robot, make a full turn without losing balance. right away",6
"Robot, rotate 360 degrees without losing balance.",6
"Robot, rotate 360 degrees without losing balance. please",6
"Robot, rotate 360 degrees without losing balance.",6
"Robot, rotate 360 degrees without losing balance. quickly",6
"Robot, rotate 360 degrees without losing balance. now",6
"Robot, rotate 360 degrees without losing balance. right away",6
Could you spin fully as instructed.,6
Could you spin fully as instructed. quickly,6
Could you spin fully as instructed.,6
Could you spin fully as instructed. please,6
Could you spin fully as instructed. now,6
I want you to turn around right now.,6
I want you to turn around right now.,6
I want you to turn around right now. please,6
I want you to turn around right now. now,6
I want you to turn around right now. right away,6
Could you rotate 360 degrees without losing balance.,6
Could you rotate 360 degrees without losing balance.,6
Could you rotate 360 degrees without losing balance. right away,6
Could you rotate 360 degrees without losing balance. quickly,6
Could you rotate 360 degrees without losing balance. now,6
Kindly make a full turn right now.,6
Kindly make a full turn right now.,6
Kindly make a full turn to the right now.,6
Kindly make a full shift right now.,6
Kindly make a full rotate right now. now,6
Kindly make a full head right now.,6
Kindly make a full go right now.,6
Kindly make a full rotate right now. quickly,6
Kindly make a full head right now. please,6
Kindly make a full move right now. now,6
Kindly make a full move right now.,6
Kindly make a full rotate right now.,6
Kindly make a full move right now. right away,6
I want you to spin fully carefully.,6
I want you to spin fully carefully. right away,6
I want you to spin fully carefully.,6
I want you to spin fully carefully. now,6
Kindly make a full turn as instructed.,6
Kindly make a full turn as instructed.,6
Kindly make a full turn as instructed. please,6
"Robot, make a full turn as instructed.",6
"Robot, make a full turn as instructed. right away",6
"Robot, make a full turn as instructed.",6
"Robot, make a full turn as instructed. please",6
"Robot, make a full turn as instructed. quickly",6
I want you to turn around carefully.,6
I want you to turn around carefully. please,6
I want you to turn around carefully. quickly,6
I want you to turn around carefully. now,6
I want you to turn around carefully. right away,6
I want you to turn around carefully.,6
"Robot, turn around right now.",6
"Robot, turn around right now. right away",6
"Robot, turn around right now. quickly",6
"Robot, turn around right now. please",6
"Robot, turn around right now. now",6
"Robot, turn around right now.",6
"Robot, make a full turn smoothly.",6
"Robot, make a full turn smoothly.",6
"Robot, make a full turn smoothly. right away",6
"Robot, make a full turn smoothly. quickly",6
"Robot, make a full turn smoothly. now",6
"Robot, make a full turn smoothly. please",6
"Robot, spin fully right now.",6
"Robot, spin fully right now. quickly",6
"Robot, spin fully right now. please",6
"Robot, spin fully right now. right away",6
"Robot, spin fully right now.",6
"Robot, spin fully right now. now",6
I want you to rotate 360 degrees carefully.,6
I want you to rotate 360 degrees carefully.,6
I want you to rotate 360 degrees carefully. right away,6
I want you to rotate 360 degrees carefully. please,6
I want you to rotate 360 degrees carefully. quickly,6
"Robot, rotate 360 degrees carefully.",6
"Robot, rotate 360 degrees carefully. right away",6
"Robot, rotate 360 degrees carefully. please",6
"Robot, rotate 360 degrees carefully. now",6
"Robot, rotate 360 degrees carefully. quickly",6
"Robot, rotate 360 degrees carefully.",6
Could you spin fully carefully.,6
Could you spin fully carefully. please,6
Could you spin fully carefully.,6
Could you spin fully carefully. right away,6
Could you spin fully carefully. now,6
Kindly make a full turn carefully.,6
Kindly make a full turn carefully. quickly,6
Kindly make a full turn carefully. please,6
Kindly make a full turn carefully.,6
Kindly make a full turn carefully. right away,6
Kindly make a full turn carefully. now,6
Please make a full turn as instructed.,6
Please make a full turn as instructed.,6
Please make a full turn as instructed. right away,6
Please make a full turn as instructed. now,6
Please make a full turn as instructed. please,6
Please make a full turn as instructed. quickly,6
Could you make a full turn smoothly.,6
Could you make a full turn smoothly. quickly,6
Could you make a full turn smoothly. right away,6
Could you make a full turn smoothly.,6
Could you make a full turn smoothly. now,6
"Robot, turn around without losing balance.",6
"Robot, turn around without losing balance. now",6
"Robot, turn around without losing balance.",6
"Robot, turn around without losing balance. right away",6
"Robot, turn around without losing balance. quickly",6
I want you to rotate 360 degrees as instructed.,6
I want you to rotate 360 degrees as instructed. please,6
I want you to rotate 360 degrees as instructed.,6
I want you to rotate 360 degrees as instructed. right away,6
I want you to rotate 360 degrees as instructed. quickly,6
"Robot, rotate 360 degrees as instructed.",6
"Robot, rotate 360 degrees as instructed. now",6
"Robot, rotate 360 degrees as instructed.",6
"Robot, rotate 360 degrees as instructed. quickly",6
"Robot, rotate 360 degrees as instructed. right away",6
Kindly spin fully without losing balance.,6
Kindly spin fully without losing balance. quickly,6
Kindly spin fully without losing balance. right away,6
Kindly spin fully without losing balance. please,6
Kindly spin fully without losing balance.,6
Kindly spin fully without losing balance. now,6
Could you make a full turn right now.,6
Could you make a full head right now.,6
Could you make a full turn to the right now.,6
Could you make a full move right now.,6
Could you make a full turn right now. please,6
Could you make a full shift right now.,6
Could you make a full turn right now. now,6
Could you make a full turn right now.,6
Could you make a full rotate right now. now,6
Could you make a full shift right now. right away,6
Could you make a full turn to the right now. quickly,6
Could you make a full rotate right now.,6
Could you make a full rotate right now. right away,6
Could you make a full go right now.,6
I want you to make a full turn without losing balance.,6
I want you to make a full turn without losing balance.,6
I want you to make a full turn without losing balance. please,6
Kindly rotate 360 degrees carefully.,6
Kindly rotate 360 degrees carefully. quickly,6
Kindly rotate 360 degrees carefully. please,6
Kindly rotate 360 degrees carefully. now,6
Kindly rotate 360 degrees carefully.,6
Kindly rotate 360 degrees carefully. right away,6
I want you to make a full turn as instructed.,6
I want you to make a full turn as instructed. right away,6
I want you to make a full turn as instructed. now,6
I want you to make a full turn as instructed.,6
I want you to make a full turn as instructed. quickly,6
I want you to make a full turn as instructed. please,6
Please make a full turn carefully.,6
Please make a full turn carefully. right away,6
Please make a full turn carefully. now,6
Please make a full turn carefully.,6
Please make a full turn carefully. please,6
Kindly turn around right now.,6
Kindly turn around right now. please,6
Kindly turn around right now. quickly,6
Kindly turn around right now. right away,6
Kindly turn around right now.,6
Kindly turn around right now. now,6
I want you to make a full turn carefully.,6
I want you to make a full turn carefully.,6
I want you to make a full turn carefully. please,6
I want you to make a full turn carefully. now,6
I want you to make a full turn carefully. right away,6
Kindly spin fully smoothly.,6
Kindly spin fully smoothly. right away,6
Kindly spin fully smoothly.,6
Kindly spin fully smoothly. quickly,6
Kindly spin fully smoothly. now,6
Kindly spin fully smoothly. please,6
Please make a full turn smoothly.,6
Please make a full turn smoothly. quickly,6
Please make a full turn smoothly.,6
Please make a full turn smoothly. right away,6
Please make a full turn smoothly. now,6
Please make a full turn smoothly. please,6
Could you turn around carefully.,6
Could you turn around carefully. right away,6
Could you turn around carefully.,6
Could you turn around carefully. quickly,6
I want you to rotate 360 degrees without losing balance.,6
I want you to rotate 360 degrees without losing balance. please,6
I want you to rotate 360 degrees without losing balance.,6
I want you to rotate 360 degrees without losing balance. right away,6
I want you to rotate 360 degrees without losing balance. quickly,6
Kindly spin fully right now.,6
Kindly spin fully right now. now,6
Kindly spin fully right now.,6
Kindly spin fully right now. quickly,6
Kindly spin fully right now. please,6
I want you to make a full turn smoothly.,6
I want you to make a full turn smoothly. please,6
I want you to make a full turn smoothly. quickly,6
I want you to make a full turn smoothly. now,6
I want you to make a full turn smoothly. right away,6
I want you to make a full turn smoothly.,6
يا روبوت لف دورة كاملة هلق.,6
يا روبوت لف دورة كاملة هلق. يلا,6
يا روبوت لف دورة كاملة هلق.,6
يا روبوت لف دورة كاملة هلق. بسرعة,6
يا روبوت لف دورة كاملة هلق. من فضلك,6
لو سمحت دور حول نفسك هلق.,6
لو سمحت دور حول نفسك هلق.,6
لو سمحت دور حول نفسك هلق. يلا,6
لو سمحت دور حول نفسك هلق. بسرعة,6
ارجوك استدر شوي شوي.,6
ارجوك استدر شوي شوي. بسرعة,6
ارجوك استدر شوي شوي. هلق,6
ارجوك استدر شوي شوي. من فضلك,6
ارجوك استدر شوي شوي. يلا,6
ارجوك استدر شوي شوي.,6
لو سمحت دور حول نفسك بهدوء.,6
لو سمحت دور حول نفسك بهدوء. هلق,6
لو سمحت دور حول نفسك بهدوء.,6
لو سمحت دور حول نفسك بهدوء. يلا,6
لو سمحت دور حول نفسك بهدوء. بسرعة,6
يا روبوت استدر بسرعة.,6
يا روبوت استدر بسرعة. من فضلك,6
يا روبوت استدر بسرعة. هلق,6
يا روبوت استدر بسرعة.,6
يا روبوت استدر بسرعة. يلا,6
ارجوك استدر بسرعة.,6
ارجوك استدر بسرعة. من فضلك,6
ارجوك استدر بسرعة.,6
ارجوك استدر بسرعة. يلا,6
ارجوك استدر بسرعة. بسرعة,6
يا روبوت دور حول نفسك بهدوء.,6
يا روبوت دور حول نفسك بهدوء. هلق,6
يا روبوت دور حول نفسك بهدوء. بسرعة,6
يا روبوت دور حول نفسك بهدوء.,6
يا روبوت دور حول نفسك بهدوء. من فضلك,6
لو سمحت اعمل لفة بسرعة.,6
لو سمحت اعمل لفة بسرعة. هلق,6
لو سمحت اعمل لفة بسرعة. يلا,6
لو سمحت اعمل لفة بسرعة. بسرعة,6
لو سمحت اعمل لفة بسرعة.,6
لو سمحت اعمل لفة بسرعة. من فضلك,6
يا روبوت اعمل لفة شوي شوي.,6
يا روبوت اعمل لفة شوي شوي. يلا,6
يا روبوت اعمل لفة شوي شوي. من فضلك,6
يا روبوت اعمل لفة شوي شوي. هلق,6
يا روبوت اعمل لفة شوي شوي.,6
يا روبوت اعمل لفة شوي شوي. بسرعة,6
ارجوك لف دورة كاملة هلق.,6
ارجوك لف دورة كاملة هلق. بسرعة,6
ارجوك لف دورة كاملة هلق. من فضلك,6
ارجوك لف دورة كاملة هلق.,6
ارجوك لف دورة كاملة هلق. هلق,6
يلا استدر هلق.,6
يلا استدر هلق. بسرعة,6
يلا استدر هلق. يلا,6
يلا استدر هلق.,6
ارجوك دور حول نفسك بسرعة.,6
ارجوك دور حول نفسك بسرعة. بسرعة,6
ارجوك دور حول نفسك بسرعة. من فضلك,6
ارجوك دور حول نفسك بسرعة. يلا,6
ارجوك دور حول نفسك بسرعة.,6
يلا دور حول نفسك هلق.,6
يلا دور حول نفسك هلق. هلق,6
يلا دور حول نفسك هلق.,6
يلا دور حول نفسك هلق. بسرعة,6
ارجوك دور حول نفسك هلق.,6
ارجوك دور حول نفسك هلق.,6
ارجوك دور حول نفسك هلق. هلق,6
ارجوك دور حول نفسك هلق. يلا,6
ارجوك دور حول نفسك هلق. بسرعة,6
ارجوك دور حول نفسك هلق. من فضلك,6
يا روبوت استدر بهدوء.,6
يا روبوت استدر بهدوء.,6
يا روبوت استدر بهدوء. هلق,6
يا روبوت استدر بهدوء. يلا,6
يا روبوت استدر بهدوء. بسرعة,6
يا روبوت استدر بهدوء. من فضلك,6
لو سمحت دور حول نفسك شوي شوي.,6
لو سمحت دور حول نفسك شوي شوي.,6
لو سمحت دور حول نفسك شوي شوي. هلق,6
لو سمحت دور حول نفسك شوي شوي. بسرعة,6
لو سمحت دور حول نفسك شوي شوي. يلا,6
يلا دور حول نفسك بهدوء.,6
يلا دور حول نفسك بهدوء. بسرعة,6
يلا دور حول نفسك بهدوء. من فضلك,6
يلا دور حول نفسك بهدوء. يلا,6
يلا دور حول نفسك بهدوء. هلق,6
يلا دور حول نفسك بهدوء.,6
يلا لف دورة كاملة بسرعة.,6
يلا لف دورة كاملة بسرعة.,6
يلا لف دورة كاملة بسرعة. من فضلك,6
يلا لف دورة كاملة بسرعة. يلا,6
يلا لف دورة كاملة بسرعة. بسرعة,6
يلا لف دورة كاملة بسرعة. هلق,6
ارجوك لف دورة كاملة شوي شوي.,6
ارجوك لف دورة كاملة شوي شوي. بسرعة,6
ارجوك لف دورة كاملة شوي شوي. يلا,6
ارجوك لف دورة كاملة شوي شوي.,6
ارجوك لف دورة كاملة شوي شوي. هلق,6
ارجوك لف دورة كاملة بهدوء.,6
ارجوك لف دورة كاملة بهدوء. بسرعة,6
ارجوك لف دورة كاملة بهدوء.,6
ارجوك لف دورة كاملة بسرعة.,6
ارجوك لف دورة كاملة بسرعة. هلق,6
ارجوك لف دورة كاملة بسرعة. بسرعة,6
ارجوك لف دورة كاملة بسرعة.,6
ارجوك دور حول نفسك بهدوء.,6
ارجوك دور حول نفسك بهدوء.,6
ارجوك دور حول نفسك بهدوء. من فضلك,6
ارجوك دور حول نفسك بهدوء. هلق,6
لو سمحت استدر هلق.,6
لو سمحت استدر هلق. بسرعة,6
لو سمحت استدر هلق.,6
لو سمحت استدر هلق. من فضلك,6
لو سمحت استدر هلق. هلق,6
لو سمحت استدر هلق. يلا,6
ارجوك اعمل لفة شوي شوي.,6
ارجوك اعمل لفة شوي شوي. بسرعة,6
ارجوك اعمل لفة شوي شوي. من فضلك,6
ارجوك اعمل لفة شوي شوي. هلق,6
ارجوك اعمل لفة شوي شوي.,6
ارجوك اعمل لفة شوي شوي. يلا,6
لو سمحت استدر بهدوء.,6
لو سمحت استدر بهدوء. يلا,6
لو سمحت استدر بهدوء. هلق,6
لو سمحت استدر بهدوء. من فضلك,6
لو سمحت استدر بهدوء.,6
لو سمحت استدر بهدوء. بسرعة,6
يا روبوت استدر شوي شوي.,6
يا روبوت استدر شوي شوي. يلا,6
يا روبوت استدر شوي شوي. من فضلك,6
يا روبوت استدر شوي شوي. هلق,6
يا روبوت استدر شوي شوي.,6
يا روبوت استدر شوي شوي. بسرعة,6
يا روبوت لف دورة كاملة بسرعة.,6
يا روبوت لف دورة كاملة بسرعة. يلا,6
يا روبوت لف دورة كاملة بسرعة. من فضلك,6
يا روبوت لف دورة كاملة بسرعة.,6
ارجوك اعمل لفة بسرعة.,6
ارجوك اعمل لفة بسرعة.,6
ارجوك اعمل لفة بسرعة. هلق,6
ارجوك اعمل لفة بسرعة. من فضلك,6
ارجوك اعمل لفة بسرعة. يلا,6
يا روبوت اعمل لفة هلق.,6
يا روبوت اعمل لفة هلق. يلا,6
يا روبوت اعمل لفة هلق. هلق,6
يا روبوت اعمل لفة هلق. بسرعة,6
يا روبوت اعمل لفة هلق.,6
يا روبوت اعمل لفة هلق. من فضلك,6
يلا استدر بسرعة.,6
يلا استدر بسرعة. من فضلك,6
يلا استدر بسرعة. يلا,6
يلا استدر بسرعة. بسرعة,6
يلا استدر بسرعة.,6
لو سمحت اعمل لفة بهدوء.,6
لو سمحت اعمل لفة بهدوء.,6
لو سمحت اعمل لفة بهدوء. بسرعة,6
لو سمحت اعمل لفة بهدوء. من فضلك,6
لو سمحت اعمل لفة بهدوء. هلق,6
لو سمحت اعمل لفة هلق.,6
لو سمحت اعمل لفة هلق.,6
لو سمحت اعمل لفة هلق. يلا,6
لو سمحت اعمل لفة هلق. هلق,6
لو سمحت اعمل لفة هلق. بسرعة,6
لو سمحت اعمل لفة هلق. من فضلك,6
يا روبوت دور حول نفسك هلق.,6
يا روبوت دور حول نفسك هلق. من فضلك,6
يا روبوت دور حول نفسك هلق. بسرعة,6
يا روبوت دور حول نفسك هلق. يلا,6
يا روبوت دور حول نفسك هلق.,6
يا روبوت دور حول نفسك هلق. هلق,6
لو سمحت لف دورة كاملة بسرعة.,6
لو سمحت لف دورة كاملة بسرعة. بسرعة,6
لو سمحت لف دورة كاملة بسرعة. يلا,6
لو سمحت لف دورة كاملة بسرعة. من فضلك,6
لو سمحت لف دورة كاملة بسرعة. هلق,6
لو سمحت لف دورة كاملة بسرعة.,6
لو سمحت استدر شوي شوي.,6
لو سمحت استدر شوي شوي. بسرعة,6
لو سمحت استدر شوي شوي. يلا,6
لو سمحت استدر شوي شوي. هلق,6
لو سمحت استدر شوي شوي.,6
لو سمحت استدر شوي شوي. من فضلك,6
ارجوك اعمل لفة هلق.,6
ارجوك اعمل لفة هلق. بسرعة,6
ارجوك اعمل لفة هلق.,6
ارجوك اعمل لفة هلق. من فضلك,6
ارجوك اعمل لفة هلق. يلا,6
يلا دور حول نفسك شوي شوي.,6
يلا دور حول نفسك شوي شوي. يلا,6
يلا دور حول نفسك شوي شوي.,6
يلا دور حول نفسك شوي شوي. من فضلك,6
يلا دور حول نفسك شوي شوي. هلق,6
يلا دور حول نفسك شوي شوي. بسرعة,6
يا روبوت اعمل لفة بسرعة.,6
يا روبوت اعمل لفة بسرعة. يلا,6
يا روبوت اعمل لفة بسرعة. بسرعة,6
يا روبوت اعمل لفة بسرعة.,6
يا روبوت اعمل لفة بسرعة. من فضلك,6
يا روبوت اعمل لفة بسرعة. هلق,6
لو سمحت دور حول نفسك بسرعة.,6
لو سمحت دور حول نفسك بسرعة. هلق,6
لو سمحت دور حول نفسك بسرعة.,6
لو سمحت دور حول نفسك بسرعة. من فضلك,6
لو سمحت دور حول نفسك بسرعة. بسرعة,6
يا روبوت اعمل لفة بهدوء.,6
يا روبوت اعمل لفة بهدوء.,6
يا روبوت اعمل لفة بهدوء. هلق,6
يا روبوت اعمل لفة بهدوء. من فضلك,6
يا روبوت اعمل لفة بهدوء. يلا,6
يا روبوت اعمل لفة بهدوء. بسرعة,6
لو سمحت لف دورة كاملة بهدوء.,6
لو سمحت لف دورة كاملة بهدوء.,6
لو سمحت لف دورة كاملة بهدوء. بسرعة,6
لو سمحت لف دورة كاملة بهدوء. هلق,6
لو سمحت لف دورة كاملة بهدوء. يلا,6
لو سمحت لف دورة كاملة بهدوء. من فضلك,6
ارجوك دور حول نفسك شوي شوي.,6
ارجوك دور حول نفسك شوي شوي.,6
ارجوك دور حول نفسك شوي شوي. بسرعة,6
ارجوك دور حول نفسك شوي شوي. يلا,6
ارجوك دور حول نفسك شوي شوي. هلق,6
ارجوك دور حول نفسك شوي شوي. من فضلك,6
لو سمحت لف دورة كاملة هلق.,6
لو سمحت لف دورة كاملة هلق.,6
لو سمحت لف دورة كاملة هلق. هلق,6
لو سمحت لف دورة كاملة هلق. بسرعة,6
لو سمحت لف دورة كاملة هلق. يلا,6
يلا استدر شوي شوي.,6
يلا استدر شوي شوي. يلا,6
يلا استدر شوي شوي.,6
يلا استدر شوي شوي. بسرعة,6
يلا استدر شوي شوي. من فضلك,6
يا روبوت استدر هلق.,6
يا روبوت استدر هلق.,6
يا روبوت استدر هلق. بسرعة,6
يا روبوت استدر هلق. من فضلك,6
يا روبوت استدر هلق. يلا,6
يا روبوت استدر هلق. هلق,6
ارجوك استدر هلق.,6
ارجوك استدر هلق.,6
ارجوك استدر هلق. يلا,6
ارجوك استدر هلق. هلق,6
ارجوك استدر هلق. من فضلك,6
ارجوك استدر هلق. بسرعة,6
يلا لف دورة كاملة بهدوء.,6
يلا لف دورة كاملة بهدوء. هلق,6
يلا لف دورة كاملة بهدوء. من فضلك,6
يلا لف دورة كاملة بهدوء.,6
يلا لف دورة كاملة بهدوء. بسرعة,6
يلا لف دورة كاملة بهدوء. يلا,6
يلا اعمل لفة بسرعة.,6
يلا اعمل لفة بسرعة. يلا,6
يلا اعمل لفة بسرعة. بسرعة,6
يلا اعمل لفة بسرعة.,6
يا روبوت لف دورة كاملة شوي شوي.,6
يا روبوت لف دورة كاملة شوي شوي.,6
يا روبوت لف دورة كاملة شوي شوي. هلق,6
يا روبوت لف دورة كاملة شوي شوي. من فضلك,6
يا روبوت لف دورة كاملة شوي شوي. يلا,6
يلا لف دورة كاملة هلق.,6
يلا لف دورة كاملة هلق. بسرعة,6
يلا لف دورة كاملة هلق. يلا,6
يلا لف دورة كاملة هلق.,6
يلا لف دورة كاملة هلق. هلق,6
يلا لف دورة كاملة هلق. من فضلك,6
ارجوك استدر بهدوء.,6
ارجوك استدر بهدوء. بسرعة,6
ارجوك استدر بهدوء.,6
ارجوك استدر بهدوء. يلا,6
يلا اعمل لفة بهدوء.,6
يلا اعمل لفة بهدوء. من فضلك,6
يلا اعمل لفة بهدوء.,6
يلا اعمل لفة بهدوء. يلا,6
يلا اعمل لفة بهدوء. هلق,6
يلا اعمل لفة بهدوء. بسرعة,6
لو سمحت اعمل لفة شوي شوي.,6
لو سمحت اعمل لفة شوي شوي. يلا,6
لو سمحت اعمل لفة شوي شوي. هلق,6
لو سمحت اعمل لفة شوي شوي.,6
لو سمحت اعمل لفة شوي شوي. بسرعة,6
لو سمحت اعمل لفة شوي شوي. من فضلك,6
لو سمحت استدر بسرعة.,6
لو سمحت استدر بسرعة. من فضلك,6
لو سمحت استدر بسرعة. يلا,6
لو سمحت استدر بسرعة.,6
لو سمحت استدر بسرعة. هلق,6
يا روبوت دور حول نفسك شوي شوي.,6
يا روبوت دور حول نفسك شوي شوي.,6
يا روبوت دور حول نفسك شوي شوي. يلا,6
يا روبوت دور حول نفسك شوي شوي. بسرعة,6
يلا اعمل لفة هلق.,6
يلا اعمل لفة هلق. هلق,6
يلا اعمل لفة هلق. بسرعة,6
يلا اعمل لفة هلق. من فضلك,6
يلا اعمل لفة هلق.,6
يلا استدر بهدوء.,6
يلا استدر بهدوء.,6
يلا استدر بهدوء. من فضلك,6
يلا استدر بهدوء. بسرعة,6
يلا استدر بهدوء. هلق,6
يلا استدر بهدوء. يلا,6
لو سمحت لف دورة كاملة شوي شوي.,6
لو سمحت لف دورة كاملة شوي شوي. يلا,6
لو سمحت لف دورة كاملة شوي شوي. بسرعة,6
لو سمحت لف دورة كاملة شوي شوي. من فضلك,6
لو سمحت لف دورة كاملة شوي شوي.,6
يا روبوت دور حول نفسك بسرعة.,6
يا روبوت دور حول نفسك بسرعة. هلق,6
يا روبوت دور حول نفسك بسرعة.,6
يا روبوت دور حول نفسك بسرعة. يلا,6
يا روبوت دور حول نفسك بسرعة. من فضلك,6
يا روبوت دور حول نفسك بسرعة. بسرعة,6
ارجوك اعمل لفة بهدوء.,6
ارجوك اعمل لفة بهدوء.,6
ارجوك اعمل لفة بهدوء. يلا,6
ارجوك اعمل لفة بهدوء. من فضلك,6
ارجوك اعمل لفة بهدوء. بسرعة,6
ارجوك اعمل لفة بهدوء. هلق,6
يا روبوت لف دورة كاملة بهدوء.,6
يا روبوت لف دورة كاملة بهدوء. من فضلك,6
يا روبوت لف دورة كاملة بهدوء.,6
يا روبوت لف دورة كاملة بهدوء. يلا,6
يا روبوت لف دورة كاملة بهدوء. هلق,6
يلا لف دورة كاملة شوي شوي.,6
يلا لف دورة كاملة شوي شوي. هلق,6
يلا لف دورة كاملة شوي شوي.,6
يلا لف دورة كاملة شوي شوي. يلا,6
يلا دور حول نفسك بسرعة.,6
يلا دور حول نفسك بسرعة. هلق,6
يلا دور حول نفسك بسرعة.,6
يلا دور حول نفسك بسرعة. بسرعة,6
يلا اعمل لفة شوي شوي.,6
يلا اعمل لفة شوي شوي. بسرعة,6
يلا اعمل لفة شوي شوي.,6
يلا اعمل لفة شوي شوي. يلا,6
يلا اعمل لفة شوي شوي. من فضلك,6
Show me do something impressive now please.,7
Show me do something impressive now please. quickly,7
Show me do something impressive now please.,7
Show me do something impressive now please. now,7
Show me show me a stunt right away.,7
Show me show me a stunt right away. please,7
Show me show me a stunt right away. now,7
Show me show me a stunt right away.,7
Show me show me a stunt right away. quickly,7
Show me show me a stunt right away. right away,7
Show me do something impressive to impress me.,7
Show me do something impressive to impress me. please,7
Show me do something impressive to impress me. now,7
Show me do something impressive to impress me. right away,7
Show me do something impressive to impress me.,7
Kindly do a trick for fun.,7
Kindly do a trick for fun. please,7
Kindly do a trick for fun. now,7
Kindly show me something for fun. please,7
Kindly show me something for fun. quickly,7
Kindly do something cool for fun. now,7
Kindly do something impressive for fun. now,7
Kindly do something impressive for fun.,7
Kindly show me something for fun. right away,7
Kindly perform a trick for fun.,7
Kindly do something cool for fun.,7
Kindly show me something for fun.,7
Kindly do a trick for fun.,7
Show me show me a stunt now please.,7
Show me show me a stunt now please. right away,7
Show me show me a stunt now please.,7
Show me show me a stunt now please. quickly,7
Show me show me a stunt now please. please,7
I want you to show me a stunt right away.,7
I want you to show me a stunt right away. right away,7
I want you to show me a stunt right away.,7
I want you to show me a stunt right away. please,7
I want you to show me a stunt right away. quickly,7
I want you to do a trick now please.,7
I want you to do something impressive now please. please,7
I want you to do something impressive now please. quickly,7
I want you to show me something now please. now,7
I want you to do something impressive now please.,7
I want you to show me something now please. right away,7
I want you to do something cool now please.,7
I want you to show a trick now please.,7
I want you to perform a trick now please.,7
I want you to show me something now please.,7
I want you to do a trick now please.,7
Kindly do something impressive now please.,7
Kindly do something impressive now please. please,7
Kindly do something impressive now please. now,7
Kindly do something impressive now please.,7
Kindly do something impressive now please. quickly,7
Kindly do something impressive now please. right away,7
Show me perform something cool for fun.,7
Show me perform something cool for fun.,7
Show me perform something cool for fun. please,7
Show me perform something cool for fun. quickly,7
"Robot, do a trick now please.",7
"Robot, show me something now please.",7
"Robot, do a trick now please.",7
"Robot, do a trick now please. quickly",7
"Robot, do something impressive now please.",7
"Robot, do something cool now please.",7
"Robot, show a trick now please.",7
"Robot, perform a trick now please.",7
Please do something impressive to impress me.,7
Please do something impressive to impress me. quickly,7
Please do something impressive to impress me. now,7
Please do something impressive to impress me. please,7
Please do something impressive to impress me.,7
Please do something impressive to impress me. right away,7
Show me do a trick right away.,7
Show me do a trick right away. right away,7
Show me perform a trick right away.,7
Show me do something impressive right away. right away,7
Show me do something impressive right away. quickly,7
Show me show a trick right away. please,7
Show me show me something right away.,7
Show me show a trick right away.,7
Show me do something cool right away.,7
Show me do a trick right away. please,7
Show me do something impressive right away.,7
Show me do a trick right away. quickly,7
Show me perform a trick right away. quickly,7
Show me do a trick right away.,7
Kindly do a trick as best as you can.,7
Kindly show me something as best as you can.,7
Kindly do something cool as best as you can.,7
Kindly do something impressive as best as you can. quickly,7
Kindly do something cool as best as you can. please,7
Kindly do a trick as best as you can. quickly,7
Kindly show a trick as best as you can.,7
Kindly do a trick as best as you can.,7
Kindly perform a trick as best as you can.,7
Kindly do something impressive to impress me.,7
Kindly do something impressive to impress me. quickly,7
Kindly do something impressive to impress me. right away,7
Kindly do something impressive to impress me. now,7
Kindly do something impressive to impress me.,7
Kindly do something impressive to impress me. please,7
I want you to do something impressive now please.,7
I want you to do something impressive now please. please,7
I want you to do something impressive now please. quickly,7
I want you to do something impressive now please.,7
I want you to do something impressive now please. now,7
I want you to do something impressive now please. right away,7
Please perform something cool to impress me.,7
Please perform something cool to impress me. quickly,7
Please perform something cool to impress me. please,7
Please perform something cool to impress me. right away,7
Please perform something cool to impress me. now,7
Please perform something cool to impress me.,7
"Robot, show me a stunt right away.",7
"Robot, show me a stunt right away. now",7
"Robot, show me a stunt right away.",7
"Robot, show me a stunt right away. quickly",7
"Robot, show me a stunt right away. right away",7
"Robot, show me a stunt right away. please",7
Please do something impressive right away.,7
Please do something impressive right away. right away,7
Please do something impressive right away.,7
Please do something impressive right away. now,7
Kindly do a trick now please.,7
Kindly do something cool now please. right away,7
Kindly do a trick now please.,7
Kindly show a trick now please. now,7
Kindly do something impressive now please.,7
Kindly do something impressive now please. quickly,7
Kindly perform a trick now please.,7
Kindly show me something now please.,7
Kindly do something impressive now please. right away,7
Kindly show a trick now please.,7
Show me show me a stunt for fun.,7
Show me show me a stunt for fun. quickly,7
Show me show me a stunt for fun. please,7
Show me show me a stunt for fun.,7
Show me show me a stunt for fun. right away,7
Show me show me a stunt for fun. now,7
Kindly perform something cool right away.,7
Kindly perform something cool right away. quickly,7
Kindly perform something cool right away. right away,7
Kindly perform something cool right away.,7
Kindly perform something cool right away. please,7
"Robot, do a trick right away.",7
"Robot, do a trick right away.",7
"Robot, show me something right away. please",7
"Robot, show me something right away. quickly",7
"Robot, show me something right away.",7
"Robot, do something cool right away.",7
"Robot, show a trick right away.",7
"Robot, do a trick right away. right away",7
"Robot, perform a trick right away.",7
"Robot, do something impressive right away.",7
Please show me a stunt as best as you can.,7
Please show me a stunt as best as you can. now,7
Please show me a stunt as best as you can.,7
Please show me a stunt as best as you can. please,7
Please show me a stunt as best as you can. quickly,7
Please show me a stunt as best as you can. right away,7
Show me show me a stunt as best as you can.,7
Show me show me a stunt as best as you can. now,7
Show me show me a stunt as best as you can.,7
Show me show me a stunt as best as you can. please,7
Show me show me a stunt as best as you can. right away,7
Show me perform something cool as best as you can.,7
Show me perform something cool as best as you can.,7
Show me perform something cool as best as you can. please,7
Show me perform something cool as best as you can. right away,7
Show me perform something cool as best as you can. now,7
Show me perform something cool as best as you can. quickly,7
Kindly show me a stunt to impress me.,7
Kindly show me a stunt to impress me. please,7
Kindly show me a stunt to impress me. right away,7
Kindly show me a stunt to impress me.,7
Kindly show me a stunt to impress me. now,7
Kindly do something impressive right away.,7
Kindly do something impressive right away.,7
Kindly do something impressive right away. please,7
Kindly do something impressive right away. now,7
Kindly do something impressive right away. quickly,7
I want you to perform something cool for fun.,7
I want you to perform something cool for fun. quickly,7
I want you to perform something cool for fun.,7
I want you to perform something cool for fun. right away,7
I want you to perform something cool for fun. now,7
Show me perform something cool right away.,7
Show me perform something cool right away. please,7
Show me perform something cool right away. right away,7
Show me perform something cool right away. quickly,7
Show me perform something cool right away.,7
Show me do a trick for fun.,7
Show me do something cool for fun.,7
Show me perform a trick for fun. please,7
Show me show me something for fun. quickly,7
Show me do something impressive for fun. now,7
Show me perform a trick for fun.,7
Show me do something cool for fun. quickly,7
Show me do a trick for fun.,7
Show me show me something for fun.,7
Show me show a trick for fun.,7
Show me do something cool for fun. right away,7
I want you to perform something cool right away.,7
I want you to perform something cool right away.,7
I want you to perform something cool right away. now,7
I want you to perform something cool right away. quickly,7
I want you to perform something cool right away. right away,7
I want you to perform something cool right away. please,7
I want you to perform something cool now please.,7
I want you to perform something cool now please.,7
I want you to perform something cool now please. now,7
I want you to perform something cool now please. please,7
Please perform something cool right away.,7
Please perform something cool right away. right away,7
Please perform something cool right away.,7
Please perform something cool right away. please,7
Please perform something cool right away. now,7
Show me do a trick to impress me.,7
Show me do a trick to impress me.,7
Show me do something cool to impress me.,7
Show me perform a trick to impress me. please,7
Show me show me something to impress me. quickly,7
Show me do something impressive to impress me.,7
Show me show me something to impress me. now,7
Show me do something cool to impress me. please,7
Show me perform a trick to impress me. quickly,7
Show me show a trick to impress me.,7
Show me perform a trick to impress me.,7
Show me show me something to impress me.,7
Please do a trick right away.,7
Please perform a trick right away. quickly,7
Please do something cool right away. quickly,7
Please do something cool right away. please,7
Please do something cool right away.,7
Please do something impressive right away. please,7
Please do a trick right away.,7
Please do something impressive right away.,7
Please do something impressive right away. right away,7
Please show me something right away.,7
Please show a trick right away.,7
Please show me something right away. quickly,7
I want you to do something impressive for fun.,7
I want you to do something impressive for fun. quickly,7
I want you to do something impressive for fun. now,7
I want you to do something impressive for fun. please,7
I want you to do something impressive for fun.,7
"Robot, show me a stunt now please.",7
"Robot, show me a stunt now please. now",7
"Robot, show me a stunt now please. quickly",7
"Robot, show me a stunt now please. right away",7
"Robot, show me a stunt now please. please",7
"Robot, show me a stunt now please.",7
"Robot, do a trick for fun.",7
"Robot, do something impressive for fun.",7
"Robot, do a trick for fun.",7
"Robot, perform a trick for fun.",7
"Robot, show a trick for fun.",7
"Robot, do something cool for fun. now",7
"Robot, do something cool for fun.",7
"Robot, show me something for fun. please",7
"Robot, show me something for fun. quickly",7
Please show me a stunt now please.,7
Please show me a stunt now please. please,7
Please show me a stunt now please.,7
I want you to show me a stunt now please.,7
I want you to show me a stunt now please. now,7
I want you to show me a stunt now please. please,7
I want you to show me a stunt now please.,7
I want you to show me a stunt now please. right away,7
I want you to show me a stunt now please. quickly,7
Please perform something cool as best as you can.,7
Please perform something cool as best as you can. quickly,7
Please perform something cool as best as you can. now,7
Please perform something cool as best as you can. right away,7
Please perform something cool as best as you can. please,7
Please perform something cool as best as you can.,7
Show me perform something cool to impress me.,7
Show me perform something cool to impress me. please,7
Show me perform something cool to impress me. quickly,7
Show me perform something cool to impress me. right away,7
Show me perform something cool to impress me.,7
Show me perform something cool to impress me. now,7
I want you to do a trick as best as you can.,7
I want you to perform a trick as best as you can.,7
I want you to perform a trick as best as you can. right away,7
I want you to show me something as best as you can. quickly,7
I want you to do a trick as best as you can. right away,7
I want you to show me something as best as you can.,7
I want you to do a trick as best as you can.,7
I want you to do something impressive as best as you can.,7
I want you to do something cool as best as you can.,7
I want you to do something cool as best as you can. now,7
I want you to show a trick as best as you can.,7
I want you to show a trick as best as you can. please,7
"Robot, perform something cool right away.",7
"Robot, perform something cool right away.",7
"Robot, perform something cool right away. please",7
"Robot, perform something cool right away. now",7
"Robot, perform something cool right away. right away",7
Kindly show me a stunt as best as you can.,7
Kindly show me a stunt as best as you can. quickly,7
Kindly show me a stunt as best as you can. please,7
Kindly show me a stunt as best as you can.,7
Kindly show me a stunt as best as you can. right away,7
Kindly show me a stunt as best as you can. now,7
Please show me a stunt right away.,7
Please show me a stunt right away.,7
Please show me a stunt right away. right away,7
Please show me a stunt right away. please,7
Please show me a stunt right away. quickly,7
Please show me a stunt right away. now,7
"Robot, perform something cool for fun.",7
"Robot, perform something cool for fun. please",7
"Robot, perform something cool for fun.",7
"Robot, perform something cool for fun. quickly",7
Show me perform something cool now please.,7
Show me perform something cool now please. right away,7
Show me perform something cool now please. now,7
Show me perform something cool now please.,7
Show me perform something cool now please. quickly,7
Show me perform something cool now please. please,7
"Robot, perform something cool as best as you can.",7
"Robot, perform something cool as best as you can. now",7
"Robot, perform something cool as best as you can.",7
"Robot, perform something cool as best as you can. right away",7
"Robot, perform something cool as best as you can. quickly",7
"Robot, perform something cool as best as you can. please",7
Show me do something impressive right away.,7
Show me do something impressive right away. quickly,7
Show me do something impressive right away. please,7
Show me do something impressive right away.,7
Show me do something impressive right away. now,7
"Robot, do something impressive right away.",7
"Robot, do something impressive right away. now",7
"Robot, do something impressive right away.",7
"Robot, do something impressive right away. quickly",7
"Robot, do a trick as best as you can.",7
"Robot, do something cool as best as you can.",7
"Robot, show a trick as best as you can. now",7
"Robot, perform a trick as best as you can.",7
"Robot, do a trick as best as you can.",7
"Robot, do something impressive as best as you can.",7
"Robot, show me something as best as you can.",7
"Robot, show me something as best as you can. quickly",7
"Robot, show a trick as best as you can.",7
"Robot, show a trick as best as you can. quickly",7
Kindly show me a stunt now please.,7
Kindly show me a stunt now please. quickly,7
Kindly show me a stunt now please. now,7
Kindly show me a stunt now please. please,7
Kindly show me a stunt now please.,7
I want you to show me a stunt as best as you can.,7
I want you to show me a stunt as best as you can. now,7
I want you to show me a stunt as best as you can.,7
I want you to show me a stunt as best as you can. please,7
I want you to show me a stunt as best as you can. right away,7
Please perform something cool for fun.,7
Please perform something cool for fun. please,7
Please perform something cool for fun. now,7
Please perform something cool for fun.,7
Please perform something cool for fun. right away,7
Show me do something impressive as best as you can.,7
Show me do something impressive as best as you can. please,7
Show me do something impressive as best as you can.,7
Show me do something impressive as best as you can. right away,7
"Robot, do a trick to impress me.",7
"Robot, show a trick to impress me. quickly",7
"Robot, do something cool to impress me.",7
"Robot, do a trick to impress me.",7
"Robot, show a trick to impress me.",7
"Robot, do something impressive to impress me. now",7
"Robot, do a trick to impress me. right away",7
"Robot, perform a trick to impress me.",7
"Robot, do a trick to impress me. now",7
"Robot, do something cool to impress me. please",7
I want you to do something impressive to impress me.,7
I want you to do something impressive to impress me. right away,7
I want you to do something impressive to impress me. please,7
I want you to do something impressive to impress me. now,7
I want you to do something impressive to impress me.,7
"Robot, do something impressive for fun.",7
"Robot, do something impressive for fun. right away",7
"Robot, do something impressive for fun.",7
I want you to do something impressive right away.,7
I want you to do something impressive right away. right away,7
I want you to do something impressive right away. now,7
I want you to do something impressive right away.,7
I want you to do something impressive right away. quickly,7
I want you to do a trick to impress me.,7
I want you to do a trick to impress me. now,7
I want you to perform a trick to impress me.,7
I want you to show a trick to impress me.,7
I want you to show me something to impress me.,7
I want you to do something impressive to impress me. please,7
I want you to do a trick to impress me. right away,7
I want you to do a trick to impress me. please,7
I want you to do something cool to impress me.,7
I want you to do a trick to impress me.,7
I want you to do something impressive to impress me.,7
Kindly perform something cool to impress me.,7
Kindly perform something cool to impress me. now,7
Kindly perform something cool to impress me. please,7
Kindly perform something cool to impress me. right away,7
Kindly perform something cool to impress me.,7
"Robot, perform something cool now please.",7
"Robot, perform something cool now please.",7
"Robot, perform something cool now please. now",7
"Robot, perform something cool now please. quickly",7
"Robot, perform something cool now please. right away",7
"Robot, perform something cool now please. please",7
Show me do something impressive for fun.,7
Show me do something impressive for fun. please,7
Show me do something impressive for fun. quickly,7
Show me do something impressive for fun. now,7
Show me do something impressive for fun. right away,7
Show me do something impressive for fun.,7
"Robot, do something impressive now please.",7
"Robot, do something impressive now please. now",7
"Robot, do something impressive now please.",7
"Robot, do something impressive now please. right away",7
"Robot, do something impressive now please. quickly",7
"Robot, do something impressive now please. please",7
I want you to do something impressive as best as you can.,7
I want you to do something impressive as best as you can. right away,7
I want you to do something impressive as best as you can. now,7
I want you to do something impressive as best as you can.,7
I want you to do something impressive as best as you can. please,7
I want you to do something impressive as best as you can. quickly,7
Show me do a trick now please.,7
Show me do something impressive now please.,7
Show me perform a trick now please.,7
Show me show me something now please. please,7
Show me show me something now please.,7
Show me do a trick now please.,7
Show me do something cool now please.,7
Show me perform a trick now please. quickly,7
Show me perform a trick now please. now,7
Kindly do a trick right away.,7
Kindly show a trick right away.,7
Kindly do something cool right away.,7
Kindly perform a trick right away. quickly,7
Kindly show me something right away.,7
Kindly perform a trick right away.,7
Kindly do something cool right away. quickly,7
Kindly perform a trick right away. right away,7
Kindly do something cool right away. please,7
Kindly do a trick right away.,7
Show me show me a stunt to impress me.,7
Show me show me a stunt to impress me.,7
Show me show me a stunt to impress me. right away,7
Show me show me a stunt to impress me. now,7
Show me show me a stunt to impress me. quickly,7
Show me show me a stunt to impress me. please,7
I want you to perform something cool to impress me.,7
I want you to perform something cool to impress me. please,7
I want you to perform something cool to impress me. quickly,7
I want you to perform something cool to impress me.,7
I want you to perform something cool to impress me. now,7
I want you to perform something cool to impress me. right away,7
Please show me a stunt to impress me.,7
Please show me a stunt to impress me. please,7
Please show me a stunt to impress me.,7
Please show me a stunt to impress me. right away,7
"Robot, show me a stunt for fun.",7
"Robot, show me a stunt for fun. quickly",7
"Robot, show me a stunt for fun. right away",7
"Robot, show me a stunt for fun.",7
"Robot, show me a stunt for fun. please",7
"Robot, show me a stunt for fun. now",7
Kindly perform something cool now please.,7
Kindly perform something cool now please. right away,7
Kindly perform something cool now please. please,7
Kindly perform something cool now please.,7
Kindly perform something cool now please. now,7
Kindly perform something cool now please. quickly,7
"Robot, do something impressive to impress me.",7
"Robot, do something impressive to impress me. quickly",7
"Robot, do something impressive to impress me. please",7
"Robot, do something impressive to impress me.",7
"Robot, do something impressive to impress me. now",7
I want you to do a trick for fun.,7
I want you to do something impressive for fun. now,7
I want you to show me something for fun. now,7
I want you to show a trick for fun. now,7
I want you to do a trick for fun. now,7
I want you to do something cool for fun.,7
I want you to do a trick for fun.,7
I want you to do something impressive for fun. right away,7
I want you to do a trick for fun. please,7
I want you to show a trick for fun.,7
I want you to show me something for fun. right away,7
I want you to do something impressive for fun.,7
I want you to show me something for fun.,7
"Robot, perform something cool to impress me.",7
"Robot, perform something cool to impress me. please",7
"Robot, perform something cool to impress me. now",7
"Robot, perform something cool to impress me. quickly",7
"Robot, perform something cool to impress me.",7
"Robot, do something impressive as best as you can.",7
"Robot, do something impressive as best as you can. quickly",7
"Robot, do something impressive as best as you can. please",7
"Robot, do something impressive as best as you can.",7
"Robot, do something impressive as best as you can. right away",7
"Robot, do something impressive as best as you can. now",7
Please do something impressive as best as you can.,7
Please do something impressive as best as you can. now,7
Please do something impressive as best as you can. please,7
Please do something impressive as best as you can.,7
"Robot, show me a stunt to impress me.",7
"Robot, show me a stunt to impress me. right away",7
"Robot, show me a stunt to impress me. now",7
"Robot, show me a stunt to impress me. please",7
"Robot, show me a stunt to impress me.",7
Kindly perform something cool as best as you can.,7
Kindly perform something cool as best as you can. please,7
Kindly perform something cool as best as you can. right away,7
Kindly perform something cool as best as you can.,7
Kindly perform something cool as best as you can. now,7
Please show me a stunt for fun.,7
Please show me a stunt for fun. now,7
Please show me a stunt for fun. quickly,7
Please show me a stunt for fun. right away,7
Please show me a stunt for fun. please,7
Please show me a stunt for fun.,7
I want you to show me a stunt to impress me.,7
I want you to show me a stunt to impress me. quickly,7
I want you to show me a stunt to impress me.,7
I want you to show me a stunt to impress me. right away,7
I want you to show me a stunt to impress me. please,7
Show me do a trick as best as you can.,7
Show me do something cool as best as you can. quickly,7
Show me show a trick as best as you can.,7
Show me show a trick as best as you can. now,7
Show me perform a trick as best as you can. quickly,7
Show me perform a trick as best as you can. please,7
Show me do a trick as best as you can.,7
Show me do something cool as best as you can.,7
Show me show me something as best as you can.,7
Show me do something cool as best as you can. now,7
Show me do something impressive as best as you can. quickly,7
Show me do a trick as best as you can. quickly,7
Show me perform a trick as best as you can.,7
Show me do something impressive as best as you can.,7
Kindly show me a stunt right away.,7
Kindly show me a stunt right away. right away,7
Kindly show me a stunt right away. quickly,7
Kindly show me a stunt right away.,7
Please do a trick now please.,7
Please perform a trick now please.,7
Please show a trick now please. quickly,7
Please do a trick now please.,7
Please show a trick now please. please,7
Please show me something now please.,7
Please do something impressive now please.,7
Please show a trick now please.,7
Please do something impressive now please. now,7
Please do something cool now please.,7
Please perform a trick now please. please,7
Please show a trick now please. now,7
Please do something cool now please. now,7
Please do something impressive for fun.,7
Please do something impressive for fun. quickly,7
Please do something impressive for fun.,7
Please do something impressive for fun. right away,7
Please do something impressive for fun. now,7
Please perform something cool now please.,7
Please perform something cool now please.,7
Please perform something cool now please. quickly,7
Please perform something cool now please. please,7
Please perform something cool now please. right away,7
Please do a trick to impress me.,7
Please do something cool to impress me.,7
Please show a trick to impress me. please,7
Please do something cool to impress me. now,7
Please show me something to impress me.,7
Please show a trick to impress me. right away,7
Please perform a trick to impress me.,7
Please perform a trick to impress me. please,7
Please do a trick to impress me.,7
Please show me something to impress me. quickly,7
Please perform a trick to impress me. right away,7
Please do something impressive to impress me.,7
Please show a trick to impress me.,7
Please do something impressive now please.,7
Please do something impressive now please. quickly,7
Please do something impressive now please.,7
Please do something impressive now please. right away,7
Please do something impressive now please. now,7
Kindly do something impressive as best as you can.,7
Kindly do something impressive as best as you can. quickly,7
Kindly do something impressive as best as you can. please,7
Kindly do something impressive as best as you can. now,7
Kindly do something impressive as best as you can.,7
Kindly do something impressive as best as you can. right away,7
Please do a trick as best as you can.,7
Please do something cool as best as you can. right away,7
Please do something cool as best as you can.,7
Please do a trick as best as you can. quickly,7
Please show a trick as best as you can. now,7
Please do a trick as best as you can.,7
Please show me something as best as you can.,7
Please do something impressive as best as you can.,7
Please do a trick as best as you can. right away,7
Please show a trick as best as you can.,7
Please perform a trick as best as you can. quickly,7
Please show me something as best as you can. quickly,7
Please do a trick for fun.,7
Please show me something for fun. please,7
Please do something cool for fun.,7
Please show me something for fun.,7
Please do a trick for fun.,7
Please show a trick for fun.,7
Please show me something for fun. now,7
Please do something impressive for fun.,7
Please perform a trick for fun.,7
Please do a trick for fun. now,7
Please do a trick for fun. quickly,7
I want you to show me a stunt for fun.,7
I want you to show me a stunt for fun. now,7
I want you to show me a stunt for fun. right away,7
I want you to show me a stunt for fun. quickly,7
I want you to show me a stunt for fun.,7
I want you to show me a stunt for fun. please,7
Kindly perform something cool for fun.,7
Kindly perform something cool for fun.,7
Kindly perform something cool for fun. right away,7
Kindly perform something cool for fun. quickly,7
Kindly perform something cool for fun. now,7
I want you to do a trick right away.,7
I want you to perform a trick right away. quickly,7
I want you to do a trick right away.,7
I want you to show a trick right away. now,7
I want you to do something impressive right away. now,7
I want you to do something cool right away.,7
I want you to show a trick right away.,7
I want you to show me something right away.,7
I want you to perform a trick right away.,7
I want you to do a trick right away. quickly,7
I want you to do something impressive right away.,7
Kindly show me a stunt for fun.,7
Kindly show me a stunt for fun. right away,7
Kindly show me a stunt for fun.,7
Kindly show me a stunt for fun. please,7
Kindly show me a stunt for fun. now,7
Kindly show me a stunt for fun. quickly,7
Kindly do something impressive for fun.,7
Kindly do something impressive for fun. please,7
Kindly do something impressive for fun. quickly,7
Kindly do something impressive for fun.,7
"Robot, show me a stunt as best as you can.",7
"Robot, show me a stunt as best as you can. please",7
"Robot, show me a stunt as best as you can. right away",7
"Robot, show me a stunt as best as you can. now",7
"Robot, show me a stunt as best as you can.",7
"Robot, show me a stunt as best as you can. quickly",7
Kindly do a trick to impress me.,7
Kindly do a trick to impress me.,7
Kindly do something impressive to impress me. right away,7
Kindly do something impressive to impress me.,7
Kindly show a trick to impress me.,7
Kindly perform a trick to impress me.,7
Kindly perform a trick to impress me. please,7
Kindly show me something to impress me. now,7
Kindly do something cool to impress me. now,7
Kindly show a trick to impress me. now,7
Kindly do something cool to impress me.,7
Kindly do a trick to impress me. right away,7
Kindly show me something to impress me.,7
Kindly perform a trick to impress me. now,7
I want you to perform something cool as best as you can.,7
I want you to perform something cool as best as you can. right away,7
I want you to perform something cool as best as you can. please,7
I want you to perform something cool as best as you can.,7
I want you to perform something cool as best as you can. now,7
يا روبوت اعمل حركة حلوة على مهلك.,7
يا روبوت اعمل حركة حلوة على مهلك.,7
يا روبوت اعمل حركة حلوة على مهلك. يلا,7
يا روبوت اعمل حركة حلوة على مهلك. من فضلك,7
يا روبوت اعمل حركة حلوة بسرعة.,7
يا روبوت اعمل حركة حلوة بسرعة. يلا,7
يا روبوت اعمل حركة حلوة بسرعة.,7
يا روبوت اعمل حركة حلوة بسرعة. من فضلك,7
يا روبوت اعمل حركة حلوة بسرعة. بسرعة,7
ارجوك اعمل حركة حلوة على مهلك.,7
ارجوك اعمل حركة حلوة على مهلك. من فضلك,7
ارجوك اعمل حركة حلوة على مهلك. يلا,7
ارجوك اعمل حركة حلوة على مهلك.,7
ارجوك اعمل حركة حلوة على مهلك. بسرعة,7
ارجوك اعمل حركة حلوة على مهلك. هلق,7
يلا اعمل شي مميز على مهلك.,7
يلا اعمل شي مميز على مهلك. من فضلك,7
يلا اعمل شي مميز على مهلك. يلا,7
يلا اعمل شي مميز على مهلك.,7
يلا اعمل شي مميز على مهلك. بسرعة,7
يلا اعمل حركة حلوة على مهلك.,7
يلا اعمل حركة حلوة على مهلك. هلق,7
يلا اعمل حركة حلوة على مهلك. بسرعة,7
يلا اعمل حركة حلوة على مهلك. من فضلك,7
يلا اعمل حركة حلوة على مهلك.,7
لو سمحت اعمل حركة حلوة بسرعة.,7
لو سمحت اعمل حركة حلوة بسرعة.,7
لو سمحت اعمل حركة حلوة بسرعة. يلا,7
لو سمحت اعمل حركة حلوة بسرعة. هلق,7
لو سمحت اعمل حركة حلوة بسرعة. من فضلك,7
ارجوك قم بخدعة بسرعة.,7
ارجوك قم بخدعة بسرعة. هلق,7
ارجوك قم بخدعة بسرعة.,7
ارجوك قم بخدعة بسرعة. من فضلك,7
ارجوك قم بخدعة بسرعة. يلا,7
ارجوك اعمل حركة حلوة متل ما بدّي.,7
ارجوك اعمل حركة حلوة متل ما بدّي. من فضلك,7
ارجوك اعمل حركة حلوة متل ما بدّي.,7
ارجوك اعمل حركة حلوة متل ما بدّي. يلا,7
ارجوك فرجيني حركة بسرعة.,7
ارجوك فرجيني حركة بسرعة. هلق,7
ارجوك فرجيني حركة بسرعة. من فضلك,7
ارجوك فرجيني حركة بسرعة. يلا,7
ارجوك فرجيني حركة بسرعة.,7
ارجوك اعمل حركة حلوة هلق.,7
ارجوك اعمل حركة حلوة هلق.,7
ارجوك اعمل حركة حلوة هلق. هلق,7
ارجوك اعمل حركة حلوة هلق. يلا,7
ارجوك اعمل حركة حلوة هلق. بسرعة,7
يلا فرجيني حركة متل ما بدّي.,7
يلا فرجيني حركة متل ما بدّي. من فضلك,7
يلا فرجيني حركة متل ما بدّي.,7
يلا فرجيني حركة متل ما بدّي. بسرعة,7
يلا فرجيني حركة متل ما بدّي. يلا,7
يلا اعمل شي مميز بسرعة.,7
يلا اعمل شي مميز بسرعة. من فضلك,7
يلا اعمل شي مميز بسرعة. هلق,7
يلا اعمل شي مميز بسرعة. بسرعة,7
يلا اعمل شي مميز بسرعة.,7
لو سمحت قم بخدعة بسرعة.,7
لو سمحت قم بخدعة بسرعة. من فضلك,7
لو سمحت قم بخدعة بسرعة. بسرعة,7
لو سمحت قم بخدعة بسرعة.,7
لو سمحت قم بخدعة بسرعة. هلق,7
لو سمحت قم بخدعة بسرعة. يلا,7
يلا اعمل حركة حلوة متل ما بدّي.,7
يلا اعمل حركة حلوة متل ما بدّي. يلا,7
يلا اعمل حركة حلوة متل ما بدّي. هلق,7
يلا اعمل حركة حلوة متل ما بدّي. بسرعة,7
يلا اعمل حركة حلوة متل ما بدّي.,7
يلا اعمل حركة حلوة متل ما بدّي. من فضلك,7
يلا اعمل شي مميز متل ما بدّي.,7
يلا اعمل شي مميز متل ما بدّي.,7
يلا اعمل شي مميز متل ما بدّي. بسرعة,7
يلا اعمل شي مميز متل ما بدّي. يلا,7
يلا اعمل شي مميز متل ما بدّي. هلق,7
يلا اعمل شي مميز متل ما بدّي. من فضلك,7
ارجوك قم بخدعة على مهلك.,7
ارجوك قم بخدعة على مهلك. هلق,7
ارجوك قم بخدعة على مهلك.,7
ارجوك قم بخدعة على مهلك. يلا,7
ارجوك قم بخدعة على مهلك. من فضلك,7
ارجوك قم بخدعة على مهلك. بسرعة,7
يلا فرجيني حركة هلق.,7
يلا فرجيني حركة هلق. هلق,7
يلا فرجيني حركة هلق. يلا,7
يلا فرجيني حركة هلق. بسرعة,7
يلا فرجيني حركة هلق.,7
لو سمحت اعمل شي مميز بسرعة.,7
لو سمحت اعمل شي مميز بسرعة. هلق,7
لو سمحت اعمل شي مميز بسرعة. بسرعة,7
لو سمحت اعمل شي مميز بسرعة.,7
لو سمحت اعمل شي مميز بسرعة. من فضلك,7
ارجوك اعمل شي مميز على مهلك.,7
ارجوك اعمل شي مميز على مهلك.,7
ارجوك اعمل شي مميز على مهلك. هلق,7
ارجوك اعمل شي مميز على مهلك. يلا,7
يلا اعمل حركة حلوة هلق.,7
يلا اعمل حركة حلوة هلق. من فضلك,7
يلا اعمل حركة حلوة هلق. هلق,7
يلا اعمل حركة حلوة هلق. بسرعة,7
يلا اعمل حركة حلوة هلق.,7
يلا اعمل حركة حلوة هلق. يلا,7
ارجوك فرجيني حركة على مهلك.,7
ارجوك فرجيني حركة على مهلك. هلق,7
ارجوك فرجيني حركة على مهلك.,7
ارجوك فرجيني حركة على مهلك. من فضلك,7
ارجوك فرجيني حركة على مهلك. بسرعة,7
يلا اعمل حركة حلوة بسرعة.,7
يلا اعمل حركة حلوة بسرعة.,7
يلا اعمل حركة حلوة بسرعة. بسرعة,7
يلا اعمل حركة حلوة بسرعة. هلق,7
يلا اعمل حركة حلوة بسرعة. يلا,7
يلا اعمل حركة حلوة بسرعة. من فضلك,7
يا روبوت اعمل حركة حلوة هلق.,7
يا روبوت اعمل حركة حلوة هلق. بسرعة,7
يا روبوت اعمل حركة حلوة هلق. يلا,7
يا روبوت اعمل حركة حلوة هلق. من فضلك,7
يا روبوت اعمل حركة حلوة هلق. هلق,7
يا روبوت اعمل حركة حلوة هلق.,7
يلا اعمل شي مميز هلق.,7
يلا اعمل شي مميز هلق. هلق,7
يلا اعمل شي مميز هلق. من فضلك,7
يلا اعمل شي مميز هلق.,7
يلا اعمل شي مميز هلق. بسرعة,7
يلا اعمل شي مميز هلق. يلا,7
يا روبوت قم بخدعة هلق.,7
يا روبوت قم بخدعة هلق.,7
يا روبوت قم بخدعة هلق. من فضلك,7
يا روبوت قم بخدعة هلق. يلا,7
يا روبوت قم بخدعة هلق. بسرعة,7
يا روبوت قم بخدعة هلق. هلق,7
يا روبوت فرجيني حركة بسرعة.,7
يا روبوت فرجيني حركة بسرعة.,7
يا روبوت فرجيني حركة بسرعة. هلق,7
يا روبوت فرجيني حركة بسرعة. من فضلك,7
يا روبوت فرجيني حركة هلق.,7
يا روبوت فرجيني حركة هلق. يلا,7
يا روبوت فرجيني حركة هلق. هلق,7
يا روبوت فرجيني حركة هلق.,7
يا روبوت اعمل شي مميز هلق.,7
يا روبوت اعمل شي مميز هلق. بسرعة,7
يا روبوت اعمل شي مميز هلق. يلا,7
يا روبوت اعمل شي مميز هلق.,7
يا روبوت اعمل شي مميز هلق. من فضلك,7
لو سمحت اعمل حركة حلوة على مهلك.,7
لو سمحت اعمل حركة حلوة على مهلك. بسرعة,7
لو سمحت اعمل حركة حلوة على مهلك. هلق,7
لو سمحت اعمل حركة حلوة على مهلك. من فضلك,7
لو سمحت اعمل حركة حلوة على مهلك. يلا,7
لو سمحت اعمل حركة حلوة على مهلك.,7
يا روبوت فرجيني حركة متل ما بدّي.,7
يا روبوت فرجيني حركة متل ما بدّي. يلا,7
يا روبوت فرجيني حركة متل ما بدّي.,7
يا روبوت فرجيني حركة متل ما بدّي. من فضلك,7
يا روبوت فرجيني حركة متل ما بدّي. بسرعة,7
يا روبوت قم بخدعة متل ما بدّي.,7
يا روبوت قم بخدعة متل ما بدّي. يلا,7
يا روبوت قم بخدعة متل ما بدّي. من فضلك,7
يا روبوت قم بخدعة متل ما بدّي. بسرعة,7
يا روبوت قم بخدعة متل ما بدّي.,7
لو سمحت قم بخدعة هلق.,7
لو سمحت قم بخدعة هلق. من فضلك,7
لو سمحت قم بخدعة هلق. هلق,7
لو سمحت قم بخدعة هلق. بسرعة,7
لو سمحت قم بخدعة هلق.,7
ارجوك اعمل حركة حلوة بسرعة.,7
ارجوك اعمل حركة حلوة بسرعة. هلق,7
ارجوك اعمل حركة حلوة بسرعة.,7
ارجوك اعمل حركة حلوة بسرعة. يلا,7
ارجوك اعمل حركة حلوة بسرعة. من فضلك,7
يا روبوت اعمل شي مميز بسرعة.,7
يا روبوت اعمل شي مميز بسرعة. يلا,7
يا روبوت اعمل شي مميز بسرعة. من فضلك,7
يا روبوت اعمل شي مميز بسرعة.,7
يا روبوت اعمل شي مميز بسرعة. هلق,7
يا روبوت اعمل شي مميز بسرعة. بسرعة,7
يا روبوت فرجيني حركة على مهلك.,7
يا روبوت فرجيني حركة على مهلك. من فضلك,7
يا روبوت فرجيني حركة على مهلك.,7
يا روبوت فرجيني حركة على مهلك. بسرعة,7
يا روبوت فرجيني حركة على مهلك. يلا,7
ارجوك اعمل شي مميز بسرعة.,7
ارجوك اعمل شي مميز بسرعة.,7
ارجوك اعمل شي مميز بسرعة. هلق,7
ارجوك اعمل شي مميز بسرعة. من فضلك,7
لو سمحت فرجيني حركة على مهلك.,7
لو سمحت فرجيني حركة على مهلك. يلا,7
لو سمحت فرجيني حركة على مهلك.,7
لو سمحت فرجيني حركة على مهلك. بسرعة,7
لو سمحت فرجيني حركة على مهلك. من فضلك,7
لو سمحت فرجيني حركة على مهلك. هلق,7
لو سمحت فرجيني حركة بسرعة.,7
لو سمحت فرجيني حركة بسرعة. هلق,7
لو سمحت فرجيني حركة بسرعة.,7
لو سمحت فرجيني حركة بسرعة. بسرعة,7
لو سمحت فرجيني حركة بسرعة. يلا,7
يا روبوت اعمل شي مميز على مهلك.,7
يا روبوت اعمل شي مميز على مهلك. من فضلك,7
يا روبوت اعمل شي مميز على مهلك. بسرعة,7
يا روبوت اعمل شي مميز على مهلك.,7
يا روبوت اعمل شي مميز على مهلك. هلق,7
لو سمحت قم بخدعة متل ما بدّي.,7
لو سمحت قم بخدعة متل ما بدّي. بسرعة,7
لو سمحت قم بخدعة متل ما بدّي. يلا,7
لو سمحت قم بخدعة متل ما بدّي. من فضلك,7
لو سمحت قم بخدعة متل ما بدّي.,7
ارجوك فرجيني حركة هلق.,7
ارجوك فرجيني حركة هلق.,7
ارجوك فرجيني حركة هلق. يلا,7
ارجوك فرجيني حركة هلق. بسرعة,7
ارجوك فرجيني حركة هلق. هلق,7
لو سمحت اعمل حركة حلوة هلق.,7
لو سمحت اعمل حركة حلوة هلق. بسرعة,7
لو سمحت اعمل حركة حلوة هلق.,7
لو سمحت اعمل حركة حلوة هلق. هلق,7
لو سمحت اعمل حركة حلوة هلق. من فضلك,7
يلا فرجيني حركة بسرعة.,7
يلا فرجيني حركة بسرعة. من فضلك,7
يلا فرجيني حركة بسرعة.,7
يلا فرجيني حركة بسرعة. بسرعة,7
يلا فرجيني حركة بسرعة. هلق,7
يلا قم بخدعة بسرعة.,7
يلا قم بخدعة بسرعة. هلق,7
يلا قم بخدعة بسرعة. من فضلك,7
يلا قم بخدعة بسرعة. يلا,7
يلا قم بخدعة بسرعة.,7
لو سمحت اعمل شي مميز هلق.,7
لو سمحت اعمل شي مميز هلق. هلق,7
لو سمحت اعمل شي مميز هلق.,7
لو سمحت اعمل شي مميز هلق. من فضلك,7
لو سمحت اعمل شي مميز هلق. بسرعة,7
يلا قم بخدعة متل ما بدّي.,7
يلا قم بخدعة متل ما بدّي. من فضلك,7
يلا قم بخدعة متل ما بدّي.,7
يلا قم بخدعة متل ما بدّي. بسرعة,7
يلا قم بخدعة متل ما بدّي. هلق,7
يلا قم بخدعة على مهلك.,7
يلا قم بخدعة على مهلك. بسرعة,7
يلا قم بخدعة على مهلك.,7
يلا قم بخدعة على مهلك. هلق,7
لو سمحت فرجيني حركة هلق.,7
لو سمحت فرجيني حركة هلق. من فضلك,7
لو سمحت فرجيني حركة هلق. هلق,7
لو سمحت فرجيني حركة هلق. يلا,7
لو سمحت فرجيني حركة هلق.,7
لو سمحت فرجيني حركة متل ما بدّي.,7
لو سمحت فرجيني حركة متل ما بدّي. بسرعة,7
لو سمحت فرجيني حركة متل ما بدّي.,7
لو سمحت فرجيني حركة متل ما بدّي. يلا,7
لو سمحت فرجيني حركة متل ما بدّي. هلق,7
يا روبوت اعمل شي مميز متل ما بدّي.,7
يا روبوت اعمل شي مميز متل ما بدّي.,7
يا روبوت اعمل شي مميز متل ما بدّي. هلق,7
يا روبوت اعمل شي مميز متل ما بدّي. من فضلك,7
يا روبوت اعمل شي مميز متل ما بدّي. بسرعة,7
يا روبوت اعمل شي مميز متل ما بدّي. يلا,7
يا روبوت اعمل حركة حلوة متل ما بدّي.,7
يا روبوت اعمل حركة حلوة متل ما بدّي. هلق,7
يا روبوت اعمل حركة حلوة متل ما بدّي. بسرعة,7
يا روبوت اعمل حركة حلوة متل ما بدّي.,7
يا روبوت قم بخدعة بسرعة.,7
يا روبوت قم بخدعة بسرعة. هلق,7
يا روبوت قم بخدعة بسرعة.,7
يا روبوت قم بخدعة بسرعة. يلا,7
يا روبوت قم بخدعة بسرعة. بسرعة,7
يا روبوت قم بخدعة بسرعة. من فضلك,7
ارجوك فرجيني حركة متل ما بدّي.,7
ارجوك فرجيني حركة متل ما بدّي. يلا,7
ارجوك فرجيني حركة متل ما بدّي.,7
ارجوك فرجيني حركة متل ما بدّي. هلق,7
لو سمحت اعمل حركة حلوة متل ما بدّي.,7
لو سمحت اعمل حركة حلوة متل ما بدّي. بسرعة,7
لو سمحت اعمل حركة حلوة متل ما بدّي.,7
لو سمحت اعمل حركة حلوة متل ما بدّي. من فضلك,7
لو سمحت اعمل حركة حلوة متل ما بدّي. هلق,7
ارجوك اعمل شي مميز متل ما بدّي.,7
ارجوك اعمل شي مميز متل ما بدّي.,7
ارجوك اعمل شي مميز متل ما بدّي. هلق,7
ارجوك اعمل شي مميز متل ما بدّي. يلا,7
ارجوك اعمل شي مميز متل ما بدّي. بسرعة,7
ارجوك اعمل شي مميز متل ما بدّي. من فضلك,7
لو سمحت قم بخدعة على مهلك.,7
لو سمحت قم بخدعة على مهلك. من فضلك,7
لو سمحت قم بخدعة على مهلك. بسرعة,7
لو سمحت قم بخدعة على مهلك. يلا,7
لو سمحت قم بخدعة على مهلك. هلق,7
لو سمحت قم بخدعة على مهلك.,7
يلا قم بخدعة هلق.,7
يلا قم بخدعة هلق. يلا,7
يلا قم بخدعة هلق.,7
يلا قم بخدعة هلق. من فضلك,7
يا روبوت قم بخدعة على مهلك.,7
يا روبوت قم بخدعة على مهلك. هلق,7
يا روبوت قم بخدعة على مهلك. يلا,7
يا روبوت قم بخدعة على مهلك.,7
يا روبوت قم بخدعة على مهلك. من فضلك,7
يلا فرجيني حركة على مهلك.,7
يلا فرجيني حركة على مهلك.,7
يلا فرجيني حركة على مهلك. بسرعة,7
يلا فرجيني حركة على مهلك. من فضلك,7
يلا فرجيني حركة على مهلك. يلا,7
لو سمحت اعمل شي مميز على مهلك.,7
لو سمحت اعمل شي مميز على مهلك. يلا,7
لو سمحت اعمل شي مميز على مهلك. من فضلك,7
لو سمحت اعمل شي مميز على مهلك. بسرعة,7
لو سمحت اعمل شي مميز على مهلك.,7
لو سمحت اعمل شي مميز على مهلك. هلق,7
ارجوك قم بخدعة متل ما بدّي.,7
ارجوك قم بخدعة متل ما بدّي.,7
ارجوك قم بخدعة متل ما بدّي. من فضلك,7
ارجوك قم بخدعة متل ما بدّي. بسرعة,7
ارجوك قم بخدعة متل ما بدّي. هلق,7
ارجوك اعمل شي مميز هلق.,7
ارجوك اعمل شي مميز هلق. يلا,7
ارجوك اعمل شي مميز هلق. من فضلك,7
ارجوك اعمل شي مميز هلق. هلق,7
ارجوك اعمل شي مميز هلق.,7
ارجوك اعمل شي مميز هلق. بسرعة,7
لو سمحت اعمل شي مميز متل ما بدّي.,7
لو سمحت اعمل شي مميز متل ما بدّي. بسرعة,7
لو سمحت اعمل شي مميز متل ما بدّي. يلا,7
لو سمحت اعمل شي مميز متل ما بدّي. هلق,7
لو سمحت اعمل شي مميز متل ما بدّي.,7
لو سمحت اعمل شي مميز متل ما بدّي. من فضلك,7
ارجوك قم بخدعة هلق.,7
ارجوك قم بخدعة هلق. بسرعة,7
ارجوك قم بخدعة هلق. هلق,7
ارجوك قم بخدعة هلق. من فضلك,7
ارجوك قم بخدعة هلق.,7
ارجوك قم بخدعة هلق. يلا,7
Honestly this means nothing just chatting.,8
Honestly this means nothing just chatting. please,8
Honestly this means nothing just chatting. now,8
Honestly this means nothing just chatting. right away,8
Honestly this means nothing just chatting. quickly,8
Honestly this means nothing just chatting.,8
Honestly I'm just talking ignore it.,8
Honestly I'm just talking ignore it. quickly,8
Honestly I'm just talking ignore it.,8
Honestly I'm just talking ignore it. right away,8
Honestly I'm just talking don’t mind it.,8
Honestly I'm just talking don’t mind it. quickly,8
Honestly I'm just talking don’t mind it. please,8
Honestly I'm just talking don’t mind it.,8
Honestly I'm just talking don’t mind it. now,8
Honestly I'm just talking don’t mind it. right away,8
Random thought: this means nothing just chatting.,8
Random thought: this means nothing just chatting. please,8
Random thought: this means nothing just chatting.,8
Random thought: this means nothing just chatting. now,8
You know I'm just talking just chatting.,8
You know I'm just talking just chatting. quickly,8
You know I'm just talking just chatting.,8
You know I'm just talking just chatting. please,8
You know I'm just talking just chatting. right away,8
You know there’s no command here move on.,8
You know there’s no command here move on. right away,8
You know there’s no command here move on.,8
You know there’s no command here move on. now,8
Random thought: there’s no command here move on.,8
Random thought: there’s no command here move on. quickly,8
Random thought: there’s no command here move on. now,8
Random thought: there’s no command here move on.,8
Random thought: there’s no command here move on. right away,8
You know there’s no command here just chatting.,8
You know there’s no command here just chatting.,8
You know there’s no command here just chatting. right away,8
You know there’s no command here just chatting. now,8
You know there’s no command here just chatting. please,8
You know there’s no command here just chatting. quickly,8
I think this means nothing no meaning at all.,8
I think this means nothing no meaning at all. quickly,8
I think this means nothing no meaning at all. now,8
I think this means nothing no meaning at all. please,8
I think this means nothing no meaning at all.,8
You know this has no purpose ignore it.,8
You know this has no purpose ignore it. quickly,8
You know this has no purpose ignore it.,8
You know this has no purpose ignore it. now,8
You know this has no purpose ignore it. please,8
Honestly this is random don’t mind it.,8
Honestly this is random don’t mind it. please,8
Honestly this is random don’t mind it. now,8
Honestly this is random don’t mind it. right away,8
Honestly this is random don’t mind it. quickly,8
Honestly this is random don’t mind it.,8
You know this has no purpose no meaning at all.,8
You know this has no purpose no meaning at all. please,8
You know this has no purpose no meaning at all.,8
You know this has no purpose no meaning at all. quickly,8
You know this has no purpose no meaning at all. right away,8
Honestly I'm just talking move on.,8
Honestly I'm just talking move on.,8
Honestly I'm just talking move on. quickly,8
Honestly I'm just talking move on. please,8
Honestly I'm just talking move on. now,8
Honestly I'm just talking move on. right away,8
I think this is random don’t mind it.,8
I think this is random don’t mind it. please,8
I think this is random don’t mind it. quickly,8
I think this is random don’t mind it.,8
I think this is random don’t mind it. right away,8
Honestly there’s no command here don’t mind it.,8
Honestly there’s no command here don’t mind it. now,8
Honestly there’s no command here don’t mind it.,8
Honestly there’s no command here don’t mind it. please,8
Honestly there’s no command here don’t mind it. right away,8
You know there’s no command here don’t mind it.,8
You know there’s no command here don’t mind it. now,8
You know there’s no command here don’t mind it. quickly,8
You know there’s no command here don’t mind it. please,8
You know there’s no command here don’t mind it.,8
Honestly this is random no meaning at all.,8
Honestly this is random no meaning at all.,8
Honestly this is random no meaning at all. right away,8
You know this has no purpose move on.,8
You know this has no purpose move on. please,8
You know this has no purpose move on. quickly,8
You know this has no purpose move on.,8
Random thought: this means nothing no meaning at all.,8
Random thought: this means nothing no meaning at all.,8
Random thought: this means nothing no meaning at all. now,8
Random thought: this means nothing no meaning at all. quickly,8
Random thought: this means nothing no meaning at all. right away,8
Random thought: this means nothing no meaning at all. please,8
By the way I'm just talking move on.,8
By the way I'm just talking move on. please,8
By the way I'm just talking move on.,8
By the way I'm just talking move on. right away,8
By the way I'm just talking move on. now,8
Random thought: I'm just talking no meaning at all.,8
Random thought: I'm just talking no meaning at all.,8
Random thought: I'm just talking no meaning at all. now,8
Random thought: I'm just talking no meaning at all. please,8
Random thought: I'm just talking no meaning at all. right away,8
By the way this is random don’t mind it.,8
By the way this is random don’t mind it. now,8
By the way this is random don’t mind it. right away,8
By the way this is random don’t mind it.,8
By the way this is random don’t mind it. please,8
By the way I'm just talking just chatting.,8
By the way I'm just talking just chatting.,8
By the way I'm just talking just chatting. quickly,8
By the way I'm just talking just chatting. please,8
By the way I'm just talking just chatting. right away,8
By the way I'm just talking just chatting. now,8
I think this means nothing don’t mind it.,8
I think this means nothing don’t mind it. quickly,8
I think this means nothing don’t mind it. now,8
I think this means nothing don’t mind it. right away,8
I think this means nothing don’t mind it. please,8
I think this means nothing don’t mind it.,8
Random thought: this is random no meaning at all.,8
Random thought: this is random no meaning at all. now,8
Random thought: this is random no meaning at all. quickly,8
Random thought: this is random no meaning at all. right away,8
Random thought: this is random no meaning at all.,8
Honestly this is random ignore it.,8
Honestly this is random ignore it.,8
Honestly this is random ignore it. please,8
Honestly this is random ignore it. quickly,8
Honestly this is random ignore it. right away,8
Honestly there’s no command here just chatting.,8
Honestly there’s no command here just chatting.,8
Honestly there’s no command here just chatting. quickly,8
Honestly there’s no command here just chatting. please,8
Random thought: there’s no command here don’t mind it.,8
Random thought: there’s no command here don’t mind it.,8
Random thought: there’s no command here don’t mind it. right away,8
Random thought: there’s no command here don’t mind it. quickly,8
Random thought: there’s no command here don’t mind it. now,8
By the way this is random move on.,8
By the way this is random move on. please,8
By the way this is random move on. now,8
By the way this is random move on.,8
By the way this is random move on. quickly,8
Honestly there’s no command here move on.,8
Honestly there’s no command here move on.,8
Honestly there’s no command here move on. quickly,8
Honestly there’s no command here move on. now,8
Honestly there’s no command here move on. right away,8
Random thought: this has no purpose no meaning at all.,8
Random thought: this has no purpose no meaning at all.,8
Random thought: this has no purpose no meaning at all. please,8
Random thought: this has no purpose no meaning at all. quickly,8
Random thought: this has no purpose no meaning at all. right away,8
Random thought: this has no purpose no meaning at all. now,8
Random thought: this is random ignore it.,8
Random thought: this is random ignore it. right away,8
Random thought: this is random ignore it.,8
Random thought: this is random ignore it. now,8
Random thought: this is random ignore it. quickly,8
You know I'm just talking move on.,8
You know I'm just talking move on. now,8
You know I'm just talking move on. quickly,8
You know I'm just talking move on. right away,8
You know I'm just talking move on.,8
By the way there’s no command here move on.,8
By the way there’s no command here move on. right away,8
By the way there’s no command here move on. now,8
By the way there’s no command here move on.,8
I think I'm just talking no meaning at all.,8
I think I'm just talking no meaning at all.,8
I think I'm just talking no meaning at all. right away,8
I think I'm just talking no meaning at all. now,8
I think I'm just talking no meaning at all. quickly,8
You know I'm just talking ignore it.,8
You know I'm just talking ignore it. please,8
You know I'm just talking ignore it. right away,8
You know I'm just talking ignore it. now,8
You know I'm just talking ignore it.,8
I think this means nothing move on.,8
I think this means nothing move on.,8
I think this means nothing move on. please,8
I think this means nothing move on. now,8
I think this means nothing move on. right away,8
Honestly I'm just talking just chatting.,8
Honestly I'm just talking just chatting. please,8
Honestly I'm just talking just chatting. right away,8
Honestly I'm just talking just chatting.,8
Honestly I'm just talking just chatting. now,8
Honestly I'm just talking just chatting. quickly,8
I think this is random just chatting.,8
I think this is random just chatting. now,8
I think this is random just chatting. please,8
I think this is random just chatting. quickly,8
I think this is random just chatting.,8
I think this is random just chatting. right away,8
Random thought: this means nothing ignore it.,8
Random thought: this means nothing ignore it. please,8
Random thought: this means nothing ignore it. now,8
Random thought: this means nothing ignore it. right away,8
Random thought: this means nothing ignore it. quickly,8
Random thought: this means nothing ignore it.,8
You know this has no purpose don’t mind it.,8
You know this has no purpose don’t mind it. now,8
You know this has no purpose don’t mind it. quickly,8
You know this has no purpose don’t mind it.,8
You know this has no purpose don’t mind it. right away,8
Random thought: this has no purpose ignore it.,8
Random thought: this has no purpose ignore it. right away,8
Random thought: this has no purpose ignore it. now,8
Random thought: this has no purpose ignore it.,8
Random thought: this has no purpose ignore it. please,8
Random thought: this has no purpose ignore it. quickly,8
I think this means nothing ignore it.,8
I think this means nothing ignore it. please,8
I think this means nothing ignore it. quickly,8
I think this means nothing ignore it. now,8
I think this means nothing ignore it.,8
By the way this has no purpose no meaning at all.,8
By the way this has no purpose no meaning at all. right away,8
By the way this has no purpose no meaning at all. quickly,8
By the way this has no purpose no meaning at all. now,8
By the way this has no purpose no meaning at all.,8
You know this has no purpose just chatting.,8
You know this has no purpose just chatting.,8
You know this has no purpose just chatting. right away,8
You know this has no purpose just chatting. quickly,8
You know this has no purpose just chatting. now,8
By the way this means nothing move on.,8
By the way this means nothing move on.,8
By the way this means nothing move on. right away,8
By the way there’s no command here no meaning at all.,8
By the way there’s no command here no meaning at all. right away,8
By the way there’s no command here no meaning at all. please,8
By the way there’s no command here no meaning at all. quickly,8
By the way there’s no command here no meaning at all. now,8
By the way there’s no command here no meaning at all.,8
Random thought: this is random move on.,8
Random thought: this is random move on. now,8
Random thought: this is random move on. right away,8
Random thought: this is random move on.,8
Random thought: this is random move on. please,8
Random thought: this is random move on. quickly,8
By the way this means nothing don’t mind it.,8
By the way this means nothing don’t mind it. now,8
By the way this means nothing don’t mind it.,8
By the way this means nothing don’t mind it. quickly,8
I think I'm just talking move on.,8
I think I'm just talking move on. right away,8
I think I'm just talking move on. now,8
I think I'm just talking move on.,8
I think this is random no meaning at all.,8
I think this is random no meaning at all. quickly,8
I think this is random no meaning at all.,8
I think this is random no meaning at all. please,8
Honestly this means nothing don’t mind it.,8
Honestly this means nothing don’t mind it. quickly,8
Honestly this means nothing don’t mind it. now,8
Honestly this means nothing don’t mind it.,8
Honestly this means nothing don’t mind it. right away,8
By the way there’s no command here just chatting.,8
By the way there’s no command here just chatting. right away,8
By the way there’s no command here just chatting. now,8
By the way there’s no command here just chatting. please,8
By the way there’s no command here just chatting.,8
Random thought: I'm just talking ignore it.,8
Random thought: I'm just talking ignore it. quickly,8
Random thought: I'm just talking ignore it.,8
Random thought: I'm just talking ignore it. please,8
Random thought: I'm just talking ignore it. right away,8
You know this is random ignore it.,8
You know this is random ignore it. quickly,8
You know this is random ignore it.,8
You know this is random ignore it. right away,8
You know this is random ignore it. now,8
You know this is random ignore it. please,8
I think I'm just talking just chatting.,8
I think I'm just talking just chatting. right away,8
I think I'm just talking just chatting.,8
I think I'm just talking just chatting. quickly,8
You know I'm just talking don’t mind it.,8
You know I'm just talking don’t mind it. right away,8
You know I'm just talking don’t mind it. now,8
You know I'm just talking don’t mind it. please,8
You know I'm just talking don’t mind it. quickly,8
You know I'm just talking don’t mind it.,8
I think this is random move on.,8
I think this is random move on. please,8
I think this is random move on.,8
I think this is random move on. quickly,8
I think this is random move on. right away,8
You know there’s no command here no meaning at all.,8
You know there’s no command here no meaning at all. now,8
You know there’s no command here no meaning at all.,8
I think there’s no command here no meaning at all.,8
I think there’s no command here no meaning at all. now,8
I think there’s no command here no meaning at all. right away,8
I think there’s no command here no meaning at all. quickly,8
I think there’s no command here no meaning at all.,8
I think there’s no command here no meaning at all. please,8
Random thought: this has no purpose move on.,8
Random thought: this has no purpose move on. quickly,8
Random thought: this has no purpose move on. now,8
Random thought: this has no purpose move on.,8
Random thought: this has no purpose move on. right away,8
Random thought: this is random don’t mind it.,8
Random thought: this is random don’t mind it. right away,8
Random thought: this is random don’t mind it. please,8
Random thought: this is random don’t mind it.,8
Random thought: this is random don’t mind it. quickly,8
You know this is random don’t mind it.,8
You know this is random don’t mind it. quickly,8
You know this is random don’t mind it. right away,8
You know this is random don’t mind it. now,8
You know this is random don’t mind it. please,8
You know this is random don’t mind it.,8
By the way this means nothing ignore it.,8
By the way this means nothing ignore it. quickly,8
By the way this means nothing ignore it. please,8
By the way this means nothing ignore it. right away,8
By the way this means nothing ignore it. now,8
By the way this means nothing ignore it.,8
Honestly I'm just talking no meaning at all.,8
Honestly I'm just talking no meaning at all. right away,8
Honestly I'm just talking no meaning at all. quickly,8
Honestly I'm just talking no meaning at all.,8
By the way I'm just talking no meaning at all.,8
By the way I'm just talking no meaning at all. please,8
By the way I'm just talking no meaning at all. now,8
By the way I'm just talking no meaning at all. right away,8
By the way I'm just talking no meaning at all.,8
By the way this is random ignore it.,8
By the way this is random ignore it. please,8
By the way this is random ignore it. now,8
By the way this is random ignore it. quickly,8
By the way this is random ignore it.,8
Honestly there’s no command here no meaning at all.,8
Honestly there’s no command here no meaning at all. now,8
Honestly there’s no command here no meaning at all.,8
I think there’s no command here just chatting.,8
I think there’s no command here just chatting. right away,8
I think there’s no command here just chatting.,8
I think there’s no command here just chatting. now,8
I think there’s no command here just chatting. quickly,8
Random thought: there’s no command here ignore it.,8
Random thought: there’s no command here ignore it. right away,8
Random thought: there’s no command here ignore it. please,8
Random thought: there’s no command here ignore it. quickly,8
Random thought: there’s no command here ignore it. now,8
Random thought: there’s no command here ignore it.,8
Random thought: this has no purpose don’t mind it.,8
Random thought: this has no purpose don’t mind it. right away,8
Random thought: this has no purpose don’t mind it. quickly,8
Random thought: this has no purpose don’t mind it. please,8
Random thought: this has no purpose don’t mind it. now,8
Random thought: this has no purpose don’t mind it.,8
Honestly this is random just chatting.,8
Honestly this is random just chatting.,8
Honestly this is random just chatting. right away,8
Honestly this is random just chatting. please,8
Honestly this is random just chatting. now,8
Honestly this is random just chatting. quickly,8
You know I'm just talking no meaning at all.,8
You know I'm just talking no meaning at all. right away,8
You know I'm just talking no meaning at all.,8
You know I'm just talking no meaning at all. please,8
You know I'm just talking no meaning at all. now,8
By the way this means nothing just chatting.,8
By the way this means nothing just chatting. quickly,8
By the way this means nothing just chatting.,8
By the way this means nothing just chatting. please,8
By the way this means nothing just chatting. now,8
You know this means nothing ignore it.,8
You know this means nothing ignore it.,8
You know this means nothing ignore it. quickly,8
You know this means nothing ignore it. right away,8
By the way there’s no command here don’t mind it.,8
By the way there’s no command here don’t mind it. please,8
By the way there’s no command here don’t mind it. right away,8
By the way there’s no command here don’t mind it.,8
By the way there’s no command here don’t mind it. quickly,8
By the way there’s no command here don’t mind it. now,8
Honestly this means nothing ignore it.,8
Honestly this means nothing ignore it. please,8
Honestly this means nothing ignore it. right away,8
Honestly this means nothing ignore it.,8
Honestly this means nothing ignore it. quickly,8
You know this means nothing just chatting.,8
You know this means nothing just chatting. please,8
You know this means nothing just chatting.,8
You know this means nothing just chatting. right away,8
You know this means nothing just chatting. quickly,8
You know this means nothing just chatting. now,8
Random thought: there’s no command here just chatting.,8
Random thought: there’s no command here just chatting.,8
Random thought: there’s no command here just chatting. please,8
Random thought: there’s no command here just chatting. quickly,8
Honestly this has no purpose move on.,8
Honestly this has no purpose move on.,8
Honestly this has no purpose move on. quickly,8
Honestly this has no purpose move on. right away,8
Honestly this has no purpose move on. now,8
Honestly this has no purpose move on. please,8
You know this is random just chatting.,8
You know this is random just chatting. now,8
You know this is random just chatting. right away,8
You know this is random just chatting. please,8
You know this is random just chatting.,8
By the way this has no purpose ignore it.,8
By the way this has no purpose ignore it.,8
By the way this has no purpose ignore it. please,8
By the way this has no purpose ignore it. right away,8
By the way this has no purpose ignore it. now,8
Honestly this is random move on.,8
Honestly this is random move on. now,8
Honestly this is random move on.,8
Honestly this is random move on. right away,8
Honestly this is random move on. please,8
Honestly this is random move on. quickly,8
You know this means nothing don’t mind it.,8
You know this means nothing don’t mind it. right away,8
You know this means nothing don’t mind it. please,8
You know this means nothing don’t mind it. now,8
You know this means nothing don’t mind it.,8
By the way I'm just talking don’t mind it.,8
By the way I'm just talking don’t mind it. now,8
By the way I'm just talking don’t mind it.,8
By the way I'm just talking don’t mind it. please,8
By the way this has no purpose move on.,8
By the way this has no purpose move on. right away,8
By the way this has no purpose move on. please,8
By the way this has no purpose move on. quickly,8
By the way this has no purpose move on. now,8
By the way this has no purpose move on.,8
I think this has no purpose just chatting.,8
I think this has no purpose just chatting. quickly,8
I think this has no purpose just chatting.,8
I think this has no purpose just chatting. right away,8
I think this has no purpose just chatting. please,8
I think this has no purpose just chatting. now,8
Honestly this has no purpose just chatting.,8
Honestly this has no purpose just chatting. now,8
Honestly this has no purpose just chatting.,8
Honestly this has no purpose just chatting. please,8
By the way this means nothing no meaning at all.,8
By the way this means nothing no meaning at all. quickly,8
By the way this means nothing no meaning at all. please,8
By the way this means nothing no meaning at all. now,8
By the way this means nothing no meaning at all.,8
You know this is random no meaning at all.,8
You know this is random no meaning at all.,8
You know this is random no meaning at all. quickly,8
You know this is random no meaning at all. right away,8
You know this is random no meaning at all. now,8
You know this is random no meaning at all. please,8
I think this has no purpose don’t mind it.,8
I think this has no purpose don’t mind it.,8
I think this has no purpose don’t mind it. quickly,8
I think this has no purpose don’t mind it. now,8
I think this is random ignore it.,8
I think this is random ignore it. please,8
I think this is random ignore it.,8
I think this is random ignore it. right away,8
You know there’s no command here ignore it.,8
You know there’s no command here ignore it. right away,8
You know there’s no command here ignore it.,8
You know there’s no command here ignore it. now,8
Random thought: this means nothing move on.,8
Random thought: this means nothing move on. quickly,8
Random thought: this means nothing move on. now,8
Random thought: this means nothing move on.,8
Random thought: this means nothing move on. right away,8
I think there’s no command here don’t mind it.,8
I think there’s no command here don’t mind it.,8
I think there’s no command here don’t mind it. now,8
I think there’s no command here don’t mind it. right away,8
I think there’s no command here don’t mind it. quickly,8
I think there’s no command here don’t mind it. please,8
You know this means nothing move on.,8
You know this means nothing move on. right away,8
You know this means nothing move on. quickly,8
You know this means nothing move on. please,8
You know this means nothing move on.,8
I think this has no purpose move on.,8
I think this has no purpose move on.,8
I think this has no purpose move on. quickly,8
I think this has no purpose move on. now,8
I think this has no purpose ignore it.,8
I think this has no purpose ignore it. now,8
I think this has no purpose ignore it.,8
I think this has no purpose ignore it. please,8
I think this has no purpose ignore it. right away,8
By the way this is random no meaning at all.,8
By the way this is random no meaning at all.,8
By the way this is random no meaning at all. please,8
By the way this is random no meaning at all. right away,8
By the way this is random no meaning at all. quickly,8
By the way this is random no meaning at all. now,8
Random thought: I'm just talking just chatting.,8
Random thought: I'm just talking just chatting.,8
Random thought: I'm just talking just chatting. please,8
Random thought: I'm just talking just chatting. quickly,8
Random thought: I'm just talking just chatting. right away,8
Random thought: this is random just chatting.,8
Random thought: this is random just chatting. quickly,8
Random thought: this is random just chatting. please,8
Random thought: this is random just chatting. right away,8
Random thought: this is random just chatting. now,8
Random thought: this is random just chatting.,8
I think there’s no command here move on.,8
I think there’s no command here move on. please,8
I think there’s no command here move on.,8
I think there’s no command here move on. quickly,8
I think there’s no command here move on. right away,8
By the way this has no purpose don’t mind it.,8
By the way this has no purpose don’t mind it. quickly,8
By the way this has no purpose don’t mind it. now,8
By the way this has no purpose don’t mind it. please,8
By the way this has no purpose don’t mind it.,8
Honestly this has no purpose no meaning at all.,8
Honestly this has no purpose no meaning at all. please,8
Honestly this has no purpose no meaning at all.,8
Honestly this has no purpose no meaning at all. quickly,8
Honestly this has no purpose no meaning at all. right away,8
Honestly this has no purpose no meaning at all. now,8
Random thought: there’s no command here no meaning at all.,8
Random thought: there’s no command here no meaning at all. right away,8
Random thought: there’s no command here no meaning at all.,8
Random thought: there’s no command here no meaning at all. quickly,8
You know this means nothing no meaning at all.,8
You know this means nothing no meaning at all.,8
You know this means nothing no meaning at all. please,8
You know this means nothing no meaning at all. right away,8
You know this means nothing no meaning at all. now,8
You know this means nothing no meaning at all. quickly,8
Honestly this means nothing move on.,8
Honestly this means nothing move on.,8
Honestly this means nothing move on. right away,8
Honestly this means nothing move on. quickly,8
Honestly this means nothing move on. now,8
Honestly this means nothing move on. please,8
I think this has no purpose no meaning at all.,8
I think this has no purpose no meaning at all. please,8
I think this has no purpose no meaning at all.,8
I think this has no purpose no meaning at all. now,8
I think this has no purpose no meaning at all. quickly,8
I think this has no purpose no meaning at all. right away,8
I think this means nothing just chatting.,8
I think this means nothing just chatting.,8
I think this means nothing just chatting. please,8
I think this means nothing just chatting. right away,8
I think this means nothing just chatting. now,8
I think this means nothing just chatting. quickly,8
Honestly this means nothing no meaning at all.,8
Honestly this means nothing no meaning at all.,8
Honestly this means nothing no meaning at all. please,8
Honestly this means nothing no meaning at all. right away,8
I think I'm just talking don’t mind it.,8
I think I'm just talking don’t mind it.,8
I think I'm just talking don’t mind it. right away,8
I think I'm just talking don’t mind it. quickly,8
I think I'm just talking don’t mind it. please,8
By the way this is random just chatting.,8
By the way this is random just chatting. quickly,8
By the way this is random just chatting. now,8
By the way this is random just chatting. please,8
By the way this is random just chatting. right away,8
By the way this is random just chatting.,8
Honestly there’s no command here ignore it.,8
Honestly there’s no command here ignore it. now,8
Honestly there’s no command here ignore it. please,8
Honestly there’s no command here ignore it.,8
Honestly there’s no command here ignore it. quickly,8
Honestly there’s no command here ignore it. right away,8
Random thought: I'm just talking don’t mind it.,8
Random thought: I'm just talking don’t mind it. please,8
Random thought: I'm just talking don’t mind it. quickly,8
Random thought: I'm just talking don’t mind it.,8
Random thought: I'm just talking don’t mind it. right away,8
Random thought: I'm just talking don’t mind it. now,8
Honestly this has no purpose ignore it.,8
Honestly this has no purpose ignore it. quickly,8
Honestly this has no purpose ignore it.,8
Honestly this has no purpose ignore it. now,8
Random thought: this has no purpose just chatting.,8
Random thought: this has no purpose just chatting. now,8
Random thought: this has no purpose just chatting. quickly,8
Random thought: this has no purpose just chatting.,8
Random thought: I'm just talking move on.,8
Random thought: I'm just talking move on.,8
Random thought: I'm just talking move on. now,8
Random thought: I'm just talking move on. right away,8
Random thought: I'm just talking move on. please,8
Honestly this has no purpose don’t mind it.,8
Honestly this has no purpose don’t mind it.,8
Honestly this has no purpose don’t mind it. right away,8
Honestly this has no purpose don’t mind it. please,8
Honestly this has no purpose don’t mind it. now,8
Honestly this has no purpose don’t mind it. quickly,8
Random thought: this means nothing don’t mind it.,8
Random thought: this means nothing don’t mind it. now,8
Random thought: this means nothing don’t mind it.,8
Random thought: this means nothing don’t mind it. right away,8
I think there’s no command here ignore it.,8
I think there’s no command here ignore it. right away,8
I think there’s no command here ignore it. now,8
I think there’s no command here ignore it.,8
I think there’s no command here ignore it. please,8
By the way I'm just talking ignore it.,8
By the way I'm just talking ignore it. right away,8
By the way I'm just talking ignore it.,8
By the way I'm just talking ignore it. now,8
By the way I'm just talking ignore it. please,8
By the way I'm just talking ignore it. quickly,8
I think I'm just talking ignore it.,8
I think I'm just talking ignore it. please,8
I think I'm just talking ignore it.,8
I think I'm just talking ignore it. right away,8
I think I'm just talking ignore it. now,8
You know this is random move on.,8
You know this is random move on. now,8
You know this is random move on. please,8
You know this is random move on. quickly,8
You know this is random move on.,8
By the way there’s no command here ignore it.,8
By the way there’s no command here ignore it. right away,8
By the way there’s no command here ignore it. quickly,8
By the way there’s no command here ignore it.,8
By the way there’s no command here ignore it. please,8
By the way there’s no command here ignore it. now,8
By the way this has no purpose just chatting.,8
By the way this has no purpose just chatting. now,8
By the way this has no purpose just chatting. right away,8
By the way this has no purpose just chatting. quickly,8
By the way this has no purpose just chatting.,8
By the way this has no purpose just chatting. please,8
على كل حال هالكلام عالفاضي طنش.,8
على كل حال هالكلام عالفاضي طنش. بسرعة,8
على كل حال هالكلام عالفاضي طنش.,8
على كل حال هالكلام عالفاضي طنش. يلا,8
على كل حال هالكلام عالفاضي طنش. من فضلك,8
على كل حال ما عم قول شي مهم مش مهم.,8
على كل حال ما عم قول شي مهم مش مهم. يلا,8
على كل حال ما عم قول شي مهم مش مهم.,8
على كل حال ما عم قول شي مهم مش مهم. هلق,8
على كل حال ما عم قول شي مهم مش مهم. بسرعة,8
فكرة عشوائية ما في معنى طنش.,8
فكرة عشوائية ما في معنى طنش.,8
فكرة عشوائية ما في معنى طنش. بسرعة,8
فكرة عشوائية ما في معنى طنش. يلا,8
فكرة عشوائية ما في معنى طنش. هلق,8
فكرة عشوائية لا تاخد هالشي بمحمل الجد طنش.,8
فكرة عشوائية لا تاخد هالشي بمحمل الجد طنش.,8
فكرة عشوائية لا تاخد هالشي بمحمل الجد طنش. بسرعة,8
فكرة عشوائية لا تاخد هالشي بمحمل الجد طنش. يلا,8
فكرة عشوائية لا تاخد هالشي بمحمل الجد طنش. من فضلك,8
فكرة عشوائية لا تاخد هالشي بمحمل الجد طنش. هلق,8
بصراحة لا تاخد هالشي بمحمل الجد مش مهم.,8
بصراحة لا تاخد هالشي بمحمل الجد مش مهم. هلق,8
بصراحة لا تاخد هالشي بمحمل الجد مش مهم. بسرعة,8
بصراحة لا تاخد هالشي بمحمل الجد مش مهم. يلا,8
بصراحة لا تاخد هالشي بمحمل الجد مش مهم.,8
فكرة عشوائية هالكلام عالفاضي انساه.,8
فكرة عشوائية هالكلام عالفاضي انساه.,8
فكرة عشوائية هالكلام عالفاضي انساه. هلق,8
فكرة عشوائية هالكلام عالفاضي انساه. بسرعة,8
فكرة عشوائية هالكلام عالفاضي انساه. من فضلك,8
سمعني ما عم قول شي مهم مش مهم.,8
سمعني ما عم قول شي مهم مش مهم. يلا,8
سمعني ما عم قول شي مهم مش مهم.,8
سمعني ما عم قول شي مهم مش مهم. هلق,8
سمعني ما عم قول شي مهم مش مهم. بسرعة,8
فكرة عشوائية ما عم قول شي مهم انساه.,8
فكرة عشوائية ما عم قول شي مهم انساه. بسرعة,8
فكرة عشوائية ما عم قول شي مهم انساه.,8
فكرة عشوائية ما عم قول شي مهم انساه. من فضلك,8
فكرة عشوائية ما عم قول شي مهم انساه. هلق,8
فكرة عشوائية ما عم قول شي مهم انساه. يلا,8
بصراحة ما في معنى ولا تهتم.,8
بصراحة ما في معنى ولا تهتم. هلق,8
بصراحة ما في معنى ولا تهتم. يلا,8
بصراحة ما في معنى ولا تهتم. بسرعة,8
بصراحة ما في معنى ولا تهتم.,8
على كل حال ما في معنى طنش.,8
على كل حال ما في معنى طنش. هلق,8
على كل حال ما في معنى طنش.,8
على كل حال ما في معنى طنش. يلا,8
على كل حال ما عم قول شي مهم ولا تهتم.,8
على كل حال ما عم قول شي مهم ولا تهتم.,8
على كل حال ما عم قول شي مهم ولا تهتم. من فضلك,8
على كل حال ما عم قول شي مهم ولا تهتم. بسرعة,8
على كل حال ما عم قول شي مهم ولا تهتم. يلا,8
على كل حال ما عم قول شي مهم ولا تهتم. هلق,8
فكرة عشوائية ما في معنى مش مهم.,8
فكرة عشوائية ما في معنى مش مهم. من فضلك,8
فكرة عشوائية ما في معنى مش مهم.,8
فكرة عشوائية ما في معنى مش مهم. يلا,8
فكرة عشوائية ما في معنى مش مهم. هلق,8
فكرة عشوائية ما في معنى ولا تهتم.,8
فكرة عشوائية ما في معنى ولا تهتم.,8
فكرة عشوائية ما في معنى ولا تهتم. يلا,8
فكرة عشوائية ما في معنى ولا تهتم. من فضلك,8
فكرة عشوائية ما في معنى ولا تهتم. بسرعة,8
سمعني هالكلام عالفاضي طنش.,8
سمعني هالكلام عالفاضي طنش. هلق,8
سمعني هالكلام عالفاضي طنش. من فضلك,8
سمعني هالكلام عالفاضي طنش.,8
سمعني هالكلام عالفاضي طنش. بسرعة,8
فكرة عشوائية لا تاخد هالشي بمحمل الجد ولا تهتم.,8
فكرة عشوائية لا تاخد هالشي بمحمل الجد ولا تهتم.,8
فكرة عشوائية لا تاخد هالشي بمحمل الجد ولا تهتم. من فضلك,8
فكرة عشوائية لا تاخد هالشي بمحمل الجد ولا تهتم. يلا,8
سمعني لا تاخد هالشي بمحمل الجد طنش.,8
سمعني لا تاخد هالشي بمحمل الجد طنش. بسرعة,8
سمعني لا تاخد هالشي بمحمل الجد طنش.,8
سمعني لا تاخد هالشي بمحمل الجد طنش. من فضلك,8
سمعني لا تاخد هالشي بمحمل الجد طنش. هلق,8
على كل حال هالكلام عالفاضي ولا تهتم.,8
على كل حال هالكلام عالفاضي ولا تهتم. يلا,8
على كل حال هالكلام عالفاضي ولا تهتم. من فضلك,8
على كل حال هالكلام عالفاضي ولا تهتم.,8
على كل حال هالكلام عالفاضي ولا تهتم. هلق,8
على كل حال هالكلام عالفاضي ولا تهتم. بسرعة,8
بصراحة ما عم قول شي مهم ولا تهتم.,8
بصراحة ما عم قول شي مهم ولا تهتم.,8
بصراحة ما عم قول شي مهم ولا تهتم. من فضلك,8
بصراحة ما عم قول شي مهم ولا تهتم. هلق,8
بصراحة ما عم قول شي مهم ولا تهتم. يلا,8
بصراحة ما عم قول شي مهم ولا تهتم. بسرعة,8
بصراحة ما في معنى طنش.,8
بصراحة ما في معنى طنش. بسرعة,8
بصراحة ما في معنى طنش. هلق,8
بصراحة ما في معنى طنش. يلا,8
بصراحة ما في معنى طنش.,8
على كل حال لا تاخد هالشي بمحمل الجد انساه.,8
على كل حال لا تاخد هالشي بمحمل الجد انساه. هلق,8
على كل حال لا تاخد هالشي بمحمل الجد انساه. بسرعة,8
على كل حال لا تاخد هالشي بمحمل الجد انساه. من فضلك,8
على كل حال لا تاخد هالشي بمحمل الجد انساه. يلا,8
على كل حال لا تاخد هالشي بمحمل الجد انساه.,8
بصراحة لا تاخد هالشي بمحمل الجد ولا تهتم.,8
بصراحة لا تاخد هالشي بمحمل الجد ولا تهتم. هلق,8
بصراحة لا تاخد هالشي بمحمل الجد ولا تهتم. بسرعة,8
بصراحة لا تاخد هالشي بمحمل الجد ولا تهتم.,8
فكرة عشوائية ما عم قول شي مهم طنش.,8
فكرة عشوائية ما عم قول شي مهم طنش. من فضلك,8
فكرة عشوائية ما عم قول شي مهم طنش. بسرعة,8
فكرة عشوائية ما عم قول شي مهم طنش. يلا,8
فكرة عشوائية ما عم قول شي مهم طنش.,8
فكرة عشوائية ما عم قول شي مهم طنش. هلق,8
سمعني لا تاخد هالشي بمحمل الجد ولا تهتم.,8
سمعني لا تاخد هالشي بمحمل الجد ولا تهتم. بسرعة,8
سمعني لا تاخد هالشي بمحمل الجد ولا تهتم.,8
سمعني لا تاخد هالشي بمحمل الجد ولا تهتم. هلق,8
سمعني لا تاخد هالشي بمحمل الجد ولا تهتم. من فضلك,8
سمعني لا تاخد هالشي بمحمل الجد ولا تهتم. يلا,8
على كل حال لا تاخد هالشي بمحمل الجد طنش.,8
على كل حال لا تاخد هالشي بمحمل الجد طنش. بسرعة,8
على كل حال لا تاخد هالشي بمحمل الجد طنش. من فضلك,8
على كل حال لا تاخد هالشي بمحمل الجد طنش. يلا,8
على كل حال لا تاخد هالشي بمحمل الجد طنش. هلق,8
على كل حال لا تاخد هالشي بمحمل الجد طنش.,8
سمعني لا تاخد هالشي بمحمل الجد انساه.,8
سمعني لا تاخد هالشي بمحمل الجد انساه.,8
سمعني لا تاخد هالشي بمحمل الجد انساه. هلق,8
سمعني لا تاخد هالشي بمحمل الجد انساه. من فضلك,8
سمعني لا تاخد هالشي بمحمل الجد انساه. بسرعة,8
فكرة عشوائية ما عم قول شي مهم مش مهم.,8
فكرة عشوائية ما عم قول شي مهم مش مهم.,8
فكرة عشوائية ما عم قول شي مهم مش مهم. بسرعة,8
فكرة عشوائية ما عم قول شي مهم مش مهم. يلا,8
فكرة عشوائية ما عم قول شي مهم مش مهم. هلق,8
فكرة عشوائية ما في معنى انساه.,8
فكرة عشوائية ما في معنى انساه. يلا,8
فكرة عشوائية ما في معنى انساه. بسرعة,8
فكرة عشوائية ما في معنى انساه.,8
فكرة عشوائية ما في معنى انساه. من فضلك,8
على كل حال ما عم قول شي مهم انساه.,8
على كل حال ما عم قول شي مهم انساه. من فضلك,8
على كل حال ما عم قول شي مهم انساه. يلا,8
على كل حال ما عم قول شي مهم انساه.,8
على كل حال ما عم قول شي مهم انساه. بسرعة,8
على كل حال هالكلام عالفاضي مش مهم.,8
على كل حال هالكلام عالفاضي مش مهم. هلق,8
على كل حال هالكلام عالفاضي مش مهم. يلا,8
على كل حال هالكلام عالفاضي مش مهم.,8
على كل حال هالكلام عالفاضي مش مهم. بسرعة,8
بصراحة لا تاخد هالشي بمحمل الجد طنش.,8
بصراحة لا تاخد هالشي بمحمل الجد طنش. من فضلك,8
بصراحة لا تاخد هالشي بمحمل الجد طنش. هلق,8
بصراحة لا تاخد هالشي بمحمل الجد طنش. يلا,8
بصراحة لا تاخد هالشي بمحمل الجد طنش.,8
فكرة عشوائية هالكلام عالفاضي مش مهم.,8
فكرة عشوائية هالكلام عالفاضي مش مهم. من فضلك,8
فكرة عشوائية هالكلام عالفاضي مش مهم.,8
فكرة عشوائية هالكلام عالفاضي مش مهم. بسرعة,8
فكرة عشوائية هالكلام عالفاضي مش مهم. يلا,8
على كل حال ما في معنى ولا تهتم.,8
على كل حال ما في معنى ولا تهتم. من فضلك,8
على كل حال ما في معنى ولا تهتم.,8
على كل حال ما في معنى ولا تهتم. هلق,8
على كل حال ما في معنى ولا تهتم. بسرعة,8
على كل حال ما في معنى انساه.,8
على كل حال ما في معنى انساه. من فضلك,8
على كل حال ما في معنى انساه. يلا,8
على كل حال ما في معنى انساه.,8
على كل حال ما في معنى انساه. بسرعة,8
سمعني ما في معنى انساه.,8
سمعني ما في معنى انساه.,8
سمعني ما في معنى انساه. يلا,8
سمعني ما في معنى انساه. هلق,8
سمعني ما في معنى انساه. من فضلك,8
بصراحة هالكلام عالفاضي ولا تهتم.,8
بصراحة هالكلام عالفاضي ولا تهتم. يلا,8
بصراحة هالكلام عالفاضي ولا تهتم.,8
بصراحة هالكلام عالفاضي ولا تهتم. هلق,8
بصراحة هالكلام عالفاضي ولا تهتم. من فضلك,8
بصراحة هالكلام عالفاضي طنش.,8
بصراحة هالكلام عالفاضي طنش. هلق,8
بصراحة هالكلام عالفاضي طنش. يلا,8
بصراحة هالكلام عالفاضي طنش. بسرعة,8
بصراحة هالكلام عالفاضي طنش.,8
بصراحة لا تاخد هالشي بمحمل الجد انساه.,8
بصراحة لا تاخد هالشي بمحمل الجد انساه.,8
بصراحة لا تاخد هالشي بمحمل الجد انساه. هلق,8
بصراحة لا تاخد هالشي بمحمل الجد انساه. من فضلك,8
سمعني ما في معنى طنش.,8
سمعني ما في معنى طنش. هلق,8
سمعني ما في معنى طنش. بسرعة,8
سمعني ما في معنى طنش. يلا,8
سمعني ما في معنى طنش.,8
على كل حال لا تاخد هالشي بمحمل الجد ولا تهتم.,8
على كل حال لا تاخد هالشي بمحمل الجد ولا تهتم. من فضلك,8
على كل حال لا تاخد هالشي بمحمل الجد ولا تهتم. يلا,8
على كل حال لا تاخد هالشي بمحمل الجد ولا تهتم. بسرعة,8
على كل حال لا تاخد هالشي بمحمل الجد ولا تهتم. هلق,8
على كل حال لا تاخد هالشي بمحمل الجد ولا تهتم.,8
فكرة عشوائية لا تاخد هالشي بمحمل الجد مش مهم.,8
فكرة عشوائية لا تاخد هالشي بمحمل الجد مش مهم.,8
فكرة عشوائية لا تاخد هالشي بمحمل الجد مش مهم. بسرعة,8
فكرة عشوائية لا تاخد هالشي بمحمل الجد مش مهم. يلا,8
فكرة عشوائية لا تاخد هالشي بمحمل الجد مش مهم. هلق,8
بصراحة هالكلام عالفاضي مش مهم.,8
بصراحة هالكلام عالفاضي مش مهم. من فضلك,8
بصراحة هالكلام عالفاضي مش مهم.,8
بصراحة هالكلام عالفاضي مش مهم. يلا,8
على كل حال ما عم قول شي مهم طنش.,8
على كل حال ما عم قول شي مهم طنش. بسرعة,8
على كل حال ما عم قول شي مهم طنش. يلا,8
على كل حال ما عم قول شي مهم طنش.,8
على كل حال ما عم قول شي مهم طنش. هلق,8
سمعني ما في معنى ولا تهتم.,8
سمعني ما في معنى ولا تهتم. يلا,8
سمعني ما في معنى ولا تهتم.,8
سمعني ما في معنى ولا تهتم. بسرعة,8
سمعني ما في معنى ولا تهتم. هلق,8
فكرة عشوائية لا تاخد هالشي بمحمل الجد انساه.,8
فكرة عشوائية لا تاخد هالشي بمحمل الجد انساه. هلق,8
فكرة عشوائية لا تاخد هالشي بمحمل الجد انساه. من فضلك,8
فكرة عشوائية لا تاخد هالشي بمحمل الجد انساه. يلا,8
فكرة عشوائية لا تاخد هالشي بمحمل الجد انساه.,8
فكرة عشوائية لا تاخد هالشي بمحمل الجد انساه. بسرعة,8
على كل حال لا تاخد هالشي بمحمل الجد مش مهم.,8
على كل حال لا تاخد هالشي بمحمل الجد مش مهم. بسرعة,8
على كل حال لا تاخد هالشي بمحمل الجد مش مهم. يلا,8
على كل حال لا تاخد هالشي بمحمل الجد مش مهم. هلق,8
على كل حال لا تاخد هالشي بمحمل الجد مش مهم.,8
بصراحة هالكلام عالفاضي انساه.,8
بصراحة هالكلام عالفاضي انساه.,8
بصراحة هالكلام عالفاضي انساه. بسرعة,8
بصراحة هالكلام عالفاضي انساه. هلق,8
فكرة عشوائية هالكلام عالفاضي طنش.,8
فكرة عشوائية هالكلام عالفاضي طنش. يلا,8
فكرة عشوائية هالكلام عالفاضي طنش.,8
فكرة عشوائية هالكلام عالفاضي طنش. من فضلك,8
فكرة عشوائية هالكلام عالفاضي طنش. بسرعة,8
فكرة عشوائية هالكلام عالفاضي طنش. هلق,8
فكرة عشوائية هالكلام عالفاضي ولا تهتم.,8
فكرة عشوائية هالكلام عالفاضي ولا تهتم. يلا,8
فكرة عشوائية هالكلام عالفاضي ولا تهتم. هلق,8
فكرة عشوائية هالكلام عالفاضي ولا تهتم. من فضلك,8
فكرة عشوائية هالكلام عالفاضي ولا تهتم.,8
بصراحة ما عم قول شي مهم مش مهم.,8
بصراحة ما عم قول شي مهم مش مهم. هلق,8
بصراحة ما عم قول شي مهم مش مهم. من فضلك,8
بصراحة ما عم قول شي مهم مش مهم.,8
بصراحة ما عم قول شي مهم مش مهم. بسرعة,8
بصراحة ما عم قول شي مهم مش مهم. يلا,8
سمعني ما عم قول شي مهم انساه.,8
سمعني ما عم قول شي مهم انساه. بسرعة,8
سمعني ما عم قول شي مهم انساه.,8
سمعني ما عم قول شي مهم انساه. هلق,8
سمعني ما عم قول شي مهم انساه. يلا,8
بصراحة ما في معنى مش مهم.,8
بصراحة ما في معنى مش مهم. هلق,8
بصراحة ما في معنى مش مهم. يلا,8
بصراحة ما في معنى مش مهم. بسرعة,8
بصراحة ما في معنى مش مهم.,8
بصراحة ما في معنى مش مهم. من فضلك,8
سمعني ما في معنى مش مهم.,8
سمعني ما في معنى مش مهم.,8
سمعني ما في معنى مش مهم. يلا,8
سمعني ما في معنى مش مهم. بسرعة,8
سمعني ما في معنى مش مهم. هلق,8
سمعني ما عم قول شي مهم طنش.,8
سمعني ما عم قول شي مهم طنش. بسرعة,8
سمعني ما عم قول شي مهم طنش. يلا,8
سمعني ما عم قول شي مهم طنش.,8
على كل حال هالكلام عالفاضي انساه.,8
على كل حال هالكلام عالفاضي انساه. بسرعة,8
على كل حال هالكلام عالفاضي انساه. من فضلك,8
على كل حال هالكلام عالفاضي انساه. يلا,8
على كل حال هالكلام عالفاضي انساه.,8
على كل حال هالكلام عالفاضي انساه. هلق,8
سمعني هالكلام عالفاضي انساه.,8
سمعني هالكلام عالفاضي انساه. من فضلك,8
سمعني هالكلام عالفاضي انساه. يلا,8
سمعني هالكلام عالفاضي انساه. بسرعة,8
سمعني هالكلام عالفاضي انساه.,8
سمعني هالكلام عالفاضي ولا تهتم.,8
سمعني هالكلام عالفاضي ولا تهتم. من فضلك,8
سمعني هالكلام عالفاضي ولا تهتم. يلا,8
سمعني هالكلام عالفاضي ولا تهتم. بسرعة,8
سمعني هالكلام عالفاضي ولا تهتم.,8
سمعني هالكلام عالفاضي ولا تهتم. هلق,8
بصراحة ما في معنى انساه.,8
بصراحة ما في معنى انساه. هلق,8
بصراحة ما في معنى انساه. يلا,8
بصراحة ما في معنى انساه. من فضلك,8
بصراحة ما في معنى انساه.,8
بصراحة ما عم قول شي مهم انساه.,8
بصراحة ما عم قول شي مهم انساه. بسرعة,8
بصراحة ما عم قول شي مهم انساه. هلق,8
بصراحة ما عم قول شي مهم انساه. يلا,8
بصراحة ما عم قول شي مهم انساه. من فضلك,8
بصراحة ما عم قول شي مهم انساه.,8
بصراحة ما عم قول شي مهم طنش.,8
بصراحة ما عم قول شي مهم طنش.,8
بصراحة ما عم قول شي مهم طنش. من فضلك,8
بصراحة ما عم قول شي مهم طنش. يلا,8
فكرة عشوائية ما عم قول شي مهم ولا تهتم.,8
فكرة عشوائية ما عم قول شي مهم ولا تهتم. هلق,8
فكرة عشوائية ما عم قول شي مهم ولا تهتم. من فضلك,8
فكرة عشوائية ما عم قول شي مهم ولا تهتم.,8
سمعني لا تاخد هالشي بمحمل الجد مش مهم.,8
سمعني لا تاخد هالشي بمحمل الجد مش مهم. هلق,8
سمعني لا تاخد هالشي بمحمل الجد مش مهم. من فضلك,8
سمعني لا تاخد هالشي بمحمل الجد مش مهم.,8
سمعني ما عم قول شي مهم ولا تهتم.,8
سمعني ما عم قول شي مهم ولا تهتم.,8
سمعني ما عم قول شي مهم ولا تهتم. من فضلك,8
سمعني ما عم قول شي مهم ولا تهتم. يلا,8
على كل حال ما في معنى مش مهم.,8
على كل حال ما في معنى مش مهم.,8
على كل حال ما في معنى مش مهم. هلق,8
على كل حال ما في معنى مش مهم. يلا,8
على كل حال ما في معنى مش مهم. بسرعة,8
سمعني هالكلام عالفاضي مش مهم.,8
سمعني هالكلام عالفاضي مش مهم.,8
سمعني هالكلام عالفاضي مش مهم. بسرعة,8
سمعني هالكلام عالفاضي مش مهم. هلق,8
سمعني هالكلام عالفاضي مش مهم. يلا,8
سمعني هالكلام عالفاضي مش مهم. من فضلك,8
